language,file,field_id,category,detail
en,0-percent-financing,purchasePrice,UNCLASSIFIED,prefix=$
en,0-percent-financing,downPayment,UNCLASSIFIED,prefix=$
en,401k-contribution,(全頁),EXCEPTION,"已知美國制度專屬工具,維持USD"
en,alimony-calculator,payerIncome,UNCLASSIFIED,prefix=$
en,alimony-calculator,recipientIncome,UNCLASSIFIED,prefix=$
en,amazon-profit,selling_price,UNCLASSIFIED,prefix=$
en,amazon-profit,cogs,UNCLASSIFIED,prefix=$
en,amazon-profit,fba_fee,UNCLASSIFIED,prefix=$
en,annual-leave,dailyWage,UNCLASSIFIED,prefix=$
en,annuity-calculator,presentValue,UNCLASSIFIED,prefix=$
en,annuity-income,lumpSum,UNCLASSIFIED,prefix=$
en,appliance-energy,electricityRate,UNCLASSIFIED,prefix=$
en,apr-calculator,loanAmount,UNCLASSIFIED,prefix=$
en,apr-calculator,totalFees,UNCLASSIFIED,prefix=$
en,apr-calculator,processingFee,UNCLASSIFIED,prefix=$
en,asset-allocation,totalPortfolio,UNCLASSIFIED,prefix=$
en,atr-calculator,highPrice,UNCLASSIFIED,prefix=$
en,atr-calculator,lowPrice,UNCLASSIFIED,prefix=$
en,atr-calculator,closePrice,UNCLASSIFIED,prefix=$
en,average-down,(全頁),PLACEHOLDER,"技術分析/報價類工具,$為佔位符"
en,balloon-payment,loanAmount,UNCLASSIFIED,prefix=$
en,balloon-payment,balloonAmount,UNCLASSIFIED,prefix=$
en,bollinger-bands,(全頁),PLACEHOLDER,"技術分析/報價類工具,$為佔位符"
en,bond-yield,faceValue,UNCLASSIFIED,prefix=$
en,bond-yield,currentPrice,UNCLASSIFIED,prefix=$
en,bonus-tax,(全頁),EXCEPTION,"已知美國制度專屬工具,維持USD"
en,break-even-units,fixedCosts,UNCLASSIFIED,prefix=$
en,break-even-units,pricePerUnit,UNCLASSIFIED,prefix=$
en,break-even-units,variableCostPerUnit,UNCLASSIFIED,prefix=$
en,break-even,fixed_costs,UNCLASSIFIED,prefix=$
en,break-even,price_per_unit,UNCLASSIFIED,prefix=$
en,break-even,variable_cost,UNCLASSIFIED,prefix=$
en,burn-rate-calculator,monthlyExpenses,LOCALIZE,"使用美制單位(見同頁其他欄位),需換算當地貨幣+單位"
en,burn-rate-calculator,monthlyRevenue,LOCALIZE,"使用美制單位(見同頁其他欄位),需換算當地貨幣+單位"
en,burn-rate-calculator,cashReserve,LOCALIZE,"使用美制單位(見同頁其他欄位),需換算當地貨幣+單位"
en,business-exit-value,ebitda,UNCLASSIFIED,prefix=$
en,business-insurance,annualRevenue,UNCLASSIFIED,prefix=$
en,business-loan-calc,loanAmount,UNCLASSIFIED,prefix=$
en,cagr,beginning_value,UNCLASSIFIED,prefix=$
en,cagr,ending_value,UNCLASSIFIED,prefix=$
en,candlestick-identifier,(全頁),PLACEHOLDER,"技術分析/報價類工具,$為佔位符"
en,cap-rate,netOperatingIncome,UNCLASSIFIED,prefix=$
en,cap-rate,propertyValue,UNCLASSIFIED,prefix=$
en,capital-gains-tax,(全頁),EXCEPTION,"已知美國制度專屬工具,維持USD"
en,car-depreciation,purchasePrice,LOCALIZE,"使用美制單位(見同頁其他欄位),需換算當地貨幣+單位"
en,car-depreciation,residualValue,LOCALIZE,"使用美制單位(見同頁其他欄位),需換算當地貨幣+單位"
en,car-insurance-calc,vehicleValue,LOCALIZE,"使用美制單位(見同頁其他欄位),需換算當地貨幣+單位"
en,car-insurance-estimate,vehicleValue,LOCALIZE,"使用美制單位(見同頁其他欄位),需換算當地貨幣+單位"
en,car-lease-vs-buy,carPrice,LOCALIZE,"使用美制單位(見同頁其他欄位),需換算當地貨幣+單位"
en,car-lease-vs-buy,downPayment,LOCALIZE,"使用美制單位(見同頁其他欄位),需換算當地貨幣+單位"
en,car-lease-vs-buy,leaseMonthly,LOCALIZE,"使用美制單位(見同頁其他欄位),需換算當地貨幣+單位"
en,car-lease-vs-buy,annualMaintenance,LOCALIZE,"使用美制單位(見同頁其他欄位),需換算當地貨幣+單位"
en,car-lease-vs-buy,annualInsurance,LOCALIZE,"使用美制單位(見同頁其他欄位),需換算當地貨幣+單位"
en,car-lease-vs-buy,annualRegistration,LOCALIZE,"使用美制單位(見同頁其他欄位),需換算當地貨幣+單位"
en,car-lease-vs-buy,gasPrice,LOCALIZE,"使用美制單位(見同頁其他欄位),需換算當地貨幣+單位"
en,car-loan,loanAmount,UNCLASSIFIED,prefix=$
en,car-loan,downPayment,UNCLASSIFIED,prefix=$
en,cash-on-cash,annualCashflow,UNCLASSIFIED,prefix=$
en,cash-on-cash,cashInvested,UNCLASSIFIED,prefix=$
en,catch-up-contribution,(全頁),EXCEPTION,"已知美國制度專屬工具,維持USD"
en,child-support,payor_gross_income,UNCLASSIFIED,prefix=$
en,child-support,payee_gross_income,UNCLASSIFIED,prefix=$
en,child-support,annual_childcare_costs,UNCLASSIFIED,prefix=$
en,child-support,health_insurance_costs,UNCLASSIFIED,prefix=$
en,coast-fire-calc,fireNumber,UNCLASSIFIED,prefix=$
en,coffee-ratio,customRatio,UNCLASSIFIED,prefix=1:
en,college-savings,monthlyPayment,UNCLASSIFIED,prefix=$
en,college-savings,initialAmount,UNCLASSIFIED,prefix=$
en,commute-cost,fuelPrice,LOCALIZE,"使用美制單位(per gallon),需換算當地貨幣+單位"
en,commute-cost,dailyTolls,LOCALIZE,"使用美制單位(見同頁其他欄位),需換算當地貨幣+單位"
en,commute-cost,dailyParking,LOCALIZE,"使用美制單位(見同頁其他欄位),需換算當地貨幣+單位"
en,commute-cost,vehiclePrice,LOCALIZE,"使用美制單位(見同頁其他欄位),需換算當地貨幣+單位"
en,commute-cost,maintenanceAnnual,LOCALIZE,"使用美制單位(見同頁其他欄位),需換算當地貨幣+單位"
en,commute-cost,insuranceAnnual,LOCALIZE,"使用美制單位(見同頁其他欄位),需換算當地貨幣+單位"
en,company-registration,registration_fee,UNCLASSIFIED,prefix=$
en,company-registration,capital_duty,UNCLASSIFIED,prefix=$
en,company-registration,agent_fee,UNCLASSIFIED,prefix=$
en,compound-interest-debt,principal_amount,UNCLASSIFIED,prefix=$
en,compound-interest,principal,UNCLASSIFIED,prefix=$
en,cost-of-living,salaryCity1,UNCLASSIFIED,prefix=$
en,court-fee,claimAmount,UNCLASSIFIED,prefix=$
en,coverage-gap-finder,neededCoverage,UNCLASSIFIED,prefix=$
en,coverage-gap-finder,existingCoverage,UNCLASSIFIED,prefix=$
en,credit-card-payoff,creditCardBalance,LOCALIZE,"使用美制單位(見同頁其他欄位),需換算當地貨幣+單位"
en,credit-card-payoff,monthlyPayment,LOCALIZE,"使用美制單位(見同頁其他欄位),需換算當地貨幣+單位"
en,critical-illness-calc,annualMedicalCost,UNCLASSIFIED,prefix=$
en,critical-illness-calc,annualIncome,UNCLASSIFIED,prefix=$
en,critical-illness-calc,existingSavings,UNCLASSIFIED,prefix=$
en,customer-acquisition,marketing_spend,UNCLASSIFIED,prefix=$
en,customs-duty,cifValue,UNCLASSIFIED,prefix=$
en,dca-calculator,totalInvested,UNCLASSIFIED,prefix=$
en,dcf-calculator,yearOne,UNCLASSIFIED,prefix=$
en,dcf-calculator,yearTwo,UNCLASSIFIED,prefix=$
en,dcf-calculator,yearThree,UNCLASSIFIED,prefix=$
en,dcf-calculator,yearFour,UNCLASSIFIED,prefix=$
en,dcf-calculator,yearFive,UNCLASSIFIED,prefix=$
en,dcf-calculator,terminalValue,UNCLASSIFIED,prefix=$
en,dcf-calculator,netDebt,UNCLASSIFIED,prefix=$
en,debt-consolidation,debt1Amount,UNCLASSIFIED,prefix=$
en,debt-consolidation,debt2Amount,UNCLASSIFIED,prefix=$
en,debt-consolidation,debt3Amount,UNCLASSIFIED,prefix=$
en,debt-consolidation,consolidationFee,UNCLASSIFIED,prefix=$
en,debt-to-equity,totalDebt,UNCLASSIFIED,prefix=$
en,debt-to-equity,equity,UNCLASSIFIED,prefix=$
en,debt-to-income,monthlyDebt,UNCLASSIFIED,prefix=$
en,debt-to-income,grossIncome,UNCLASSIFIED,prefix=$
en,dental-cost-calculator,treatmentCost,UNCLASSIFIED,prefix=$
en,dental-cost-calculator,deductible,UNCLASSIFIED,prefix=$
en,dental-cost-calculator,deductibleMet,UNCLASSIFIED,prefix=$
en,dental-cost-calculator,annualMax,UNCLASSIFIED,prefix=$
en,dental-cost-calculator,benefitsUsed,UNCLASSIFIED,prefix=$
en,disability-insurance,annualIncome,UNCLASSIFIED,prefix=$
en,dividend-yield,(全頁),PLACEHOLDER,"技術分析/報價類工具,$為佔位符"
en,down-payment,propertyPrice,UNCLASSIFIED,prefix=$
en,dropship-margin,sellPrice,UNCLASSIFIED,prefix=$
en,dropship-margin,supplierCost,UNCLASSIFIED,prefix=$
en,dropship-margin,shippingCost,UNCLASSIFIED,prefix=$
en,dropship-margin,adCost,UNCLASSIFIED,prefix=$
en,ebitda-valuation,ebitda_value,UNCLASSIFIED,prefix=$
en,effective-tax-rate,totalIncome,UNCLASSIFIED,prefix=$
en,effective-tax-rate,totalTax,UNCLASSIFIED,prefix=$
en,electricity-cost,rate_per_kwh,UNCLASSIFIED,prefix=$
en,email-roi,revenue_generated,UNCLASSIFIED,prefix=$
en,email-roi,email_cost,UNCLASSIFIED,prefix=$
en,employee-cost,annualSalary,UNCLASSIFIED,prefix=$
en,employee-cost,healthInsurance,UNCLASSIFIED,prefix=$
en,employee-cost,nationalInsurance,UNCLASSIFIED,prefix=$
en,employee-cost,pensionContribution,UNCLASSIFIED,prefix=$
en,employee-cost,otherBenefits,UNCLASSIFIED,prefix=$
en,eps-calculator,netIncome,UNCLASSIFIED,prefix=$
en,ev-charging-cost,electricity_rate,LOCALIZE,"使用美制單位(/kWh),需換算當地貨幣+單位"
en,ev-vs-gas,evPrice,LOCALIZE,"使用美制單位(見同頁其他欄位),需換算當地貨幣+單位"
en,ev-vs-gas,gasPrice,LOCALIZE,"使用美制單位(見同頁其他欄位),需換算當地貨幣+單位"
en,ev-vs-gas,evTaxCredit,EXCEPTION_CANDIDATE,"欄位為稅務抵免/補助類,且內文含美國專屬關鍵字,建議人工確認"
en,ev-vs-gas,electricityRate,LOCALIZE,"使用美制單位(/kWh),需換算當地貨幣+單位"
en,ev-vs-gas,gasPrice_input,LOCALIZE,"使用美制單位(/gal),需換算當地貨幣+單位"
en,ev-vs-gas,evMaintenance,LOCALIZE,"使用美制單位(見同頁其他欄位),需換算當地貨幣+單位"
en,ev-vs-gas,gasMaintenance,LOCALIZE,"使用美制單位(見同頁其他欄位),需換算當地貨幣+單位"
en,ev-vs-gas,evInsurance,LOCALIZE,"使用美制單位(見同頁其他欄位),需換算當地貨幣+單位"
en,ev-vs-gas,gasInsurance,LOCALIZE,"使用美制單位(見同頁其他欄位),需換算當地貨幣+單位"
en,ev-vs-gas,evRegistration,LOCALIZE,"使用美制單位(見同頁其他欄位),需換算當地貨幣+單位"
en,ev-vs-gas,gasRegistration,LOCALIZE,"使用美制單位(見同頁其他欄位),需換算當地貨幣+單位"
en,extra-payment,loanAmount,UNCLASSIFIED,prefix=$
en,extra-payment,extraPayment,UNCLASSIFIED,prefix=$
en,fba-fee-calculator,product_price,UNCLASSIFIED,prefix=$
en,fba-fee-calculator,monthly_storage,UNCLASSIFIED,prefix=$
en,fibonacci-retracement,(全頁),PLACEHOLDER,"技術分析/報價類工具,$為佔位符"
en,fire-number-calc,annualExpenses,LOCALIZE,"使用美制單位(見同頁其他欄位),需換算當地貨幣+單位"
en,food-cost,foodCost,UNCLASSIFIED,prefix=$
en,food-cost,sellingPrice,UNCLASSIFIED,prefix=$
en,forex-profit,pipValue,UNCLASSIFIED,prefix=$
en,franchise-roi,franchiseRevenue,UNCLASSIFIED,prefix=$
en,franchise-roi,operatingCosts,UNCLASSIFIED,prefix=$
en,franchise-roi,staffCosts,UNCLASSIFIED,prefix=$
en,franchise-roi,royaltyFees,UNCLASSIFIED,prefix=$
en,franchise-roi,initialInvestment,UNCLASSIFIED,prefix=$
en,freelance-rate,annual_expenses,UNCLASSIFIED,prefix=$
en,freelance-rate,desired_profit,UNCLASSIFIED,prefix=$
en,freelancer-tax,annual_income,UNCLASSIFIED,prefix=$
en,freelancer-tax,business_expenses,UNCLASSIFIED,prefix=$
en,fsa-savings-calc,(全頁),EXCEPTION,"已知美國制度專屬工具,維持USD"
en,fuel-cost,fuelPrice,LOCALIZE,"使用美制單位(見同頁其他欄位),需換算當地貨幣+單位"
en,future-value,presentValue,UNCLASSIFIED,prefix=$
en,gas-bill,ratePerUnit,UNCLASSIFIED,prefix=$
en,gas-bill,standingCharge,UNCLASSIFIED,prefix=$
en,gdpr-fine,annual_revenue,MISMATCH,"輸入框用€,en語言預期應為$"
en,gross-profit-margin,revenue,UNCLASSIFIED,prefix=$
en,gross-profit-margin,cogs,UNCLASSIFIED,prefix=$
en,health-deductible-calc,deductibleAmount,UNCLASSIFIED,prefix=$
en,health-deductible-calc,amountSpent,UNCLASSIFIED,prefix=$
en,health-insurance-estimate,annualDeductible,UNCLASSIFIED,prefix=$
en,health-insurance-estimate,estimatedAnnualMedicalCosts,UNCLASSIFIED,prefix=$
en,heloc-vs-personal-loan,loanAmount,UNCLASSIFIED,prefix=$
en,home-affordability,annualIncome,UNCLASSIFIED,prefix=$
en,home-affordability,monthlyDebts,UNCLASSIFIED,prefix=$
en,home-energy-audit,electricity_rate,UNCLASSIFIED,prefix=$
en,home-energy-audit,gas_rate,UNCLASSIFIED,prefix=$
en,home-equity,marketValue,UNCLASSIFIED,prefix=$
en,home-equity,mortgageBalance,UNCLASSIFIED,prefix=$
en,home-insurance-calc,homeValue,UNCLASSIFIED,prefix=$
en,home-mortgage,loanAmount,UNCLASSIFIED,prefix=$
en,home-mortgage,downPayment,UNCLASSIFIED,prefix=$
en,home-mortgage,propertyTax,UNCLASSIFIED,prefix=$
en,home-mortgage,homeInsurance,UNCLASSIFIED,prefix=$
en,home-mortgage,pmi,UNCLASSIFIED,prefix=$
en,hsa-contribution-calc,(全頁),EXCEPTION,"已知美國制度專屬工具,維持USD"
en,income-replacement,monthlyIncome,UNCLASSIFIED,prefix=$
en,income-tax,(全頁),EXCEPTION,"已知美國制度專屬工具,維持USD"
en,inflation,presentValue,UNCLASSIFIED,prefix=$
en,insulation-calculator,insulationCost,UNCLASSIFIED,prefix=$
en,insurance-premium-compare,annualPremium,UNCLASSIFIED,prefix=$
en,insurance-premium-compare,monthlyPremium,UNCLASSIFIED,prefix=$
en,insurance-premium-compare,singlePremium,UNCLASSIFIED,prefix=$
en,intrinsic-value,epsInput,UNCLASSIFIED,prefix=$
en,inventory-turnover,costOfGoodsSold,UNCLASSIFIED,prefix=$
en,inventory-turnover,beginningInventory,UNCLASSIFIED,prefix=$
en,inventory-turnover,endingInventory,UNCLASSIFIED,prefix=$
en,irr-calculator,initialInvestment,UNCLASSIFIED,prefix=$
en,irr-calculator,year1CashFlow,UNCLASSIFIED,prefix=$
en,irr-calculator,year2CashFlow,UNCLASSIFIED,prefix=$
en,irr-calculator,year3CashFlow,UNCLASSIFIED,prefix=$
en,irr-calculator,year4CashFlow,UNCLASSIFIED,prefix=$
en,irr-calculator,year5CashFlow,UNCLASSIFIED,prefix=$
en,ivf-cost-calculator,costPerCycle,UNCLASSIFIED,prefix=$
en,ivf-cost-calculator,additionalCosts,UNCLASSIFIED,prefix=$
en,kelly-criterion,bankroll,UNCLASSIFIED,prefix=$
en,landed-cost,productPrice,UNCLASSIFIED,prefix=$
en,landed-cost,shippingCost,UNCLASSIFIED,prefix=$
en,landed-cost,importDuty,UNCLASSIFIED,prefix=$
en,landed-cost,insuranceCost,UNCLASSIFIED,prefix=$
en,landed-cost,additionalCosts,UNCLASSIFIED,prefix=$
en,lasik-cost-calculator,cost_per_eye,LOCALIZE,"使用美制單位(見同頁其他欄位),需換算當地貨幣+單位"
en,late-payment-interest,principalAmount,UNCLASSIFIED,prefix=$
en,lawyer-fee,hourly_rate,UNCLASSIFIED,prefix=$
en,led-savings,electricity_rate,UNCLASSIFIED,prefix=$
en,legal-interest,principal_amount,UNCLASSIFIED,prefix=$
en,liability-insurance,netWorth,UNCLASSIFIED,prefix=$
en,life-insurance-calc,annual_income,UNCLASSIFIED,prefix=$
en,life-insurance-calc,outstanding_debt,UNCLASSIFIED,prefix=$
en,life-insurance-needs,totalDebt,UNCLASSIFIED,prefix=$
en,life-insurance-needs,annualIncome,UNCLASSIFIED,prefix=$
en,life-insurance-needs,mortgageBalance,UNCLASSIFIED,prefix=$
en,life-insurance-needs,educationCosts,UNCLASSIFIED,prefix=$
en,life-insurance-needs,currentSavings,UNCLASSIFIED,prefix=$
en,loan-affordability,annualIncome,UNCLASSIFIED,prefix=$
en,loan-comparison,loanAmount1,UNCLASSIFIED,prefix=$
en,loan-comparison,loanAmount2,UNCLASSIFIED,prefix=$
en,loan-vs-lease,vehiclePrice,LOCALIZE,"使用美制單位(見同頁其他欄位),需換算當地貨幣+單位"
en,loan-vs-lease,downPayment,LOCALIZE,"使用美制單位(見同頁其他欄位),需換算當地貨幣+單位"
en,loan-vs-lease,residualValue,LOCALIZE,"使用美制單位(見同頁其他欄位),需換算當地貨幣+單位"
en,loan-vs-lease,annualMaintenance,LOCALIZE,"使用美制單位(見同頁其他欄位),需換算當地貨幣+單位"
en,loan-vs-lease,annualInsurance,LOCALIZE,"使用美制單位(見同頁其他欄位),需換算當地貨幣+單位"
en,loan-vs-lease,annualRegistration,LOCALIZE,"使用美制單位(見同頁其他欄位),需換算當地貨幣+單位"
en,loan-vs-lease,leaseMonthlyPayment,LOCALIZE,"使用美制單位(見同頁其他欄位),需換算當地貨幣+單位"
en,loan-vs-lease,leaseInsurance,LOCALIZE,"使用美制單位(見同頁其他欄位),需換算當地貨幣+單位"
en,loan-vs-lease,leaseAcquisitionFee,LOCALIZE,"使用美制單位(見同頁其他欄位),需換算當地貨幣+單位"
en,loan-vs-lease,leaseDispositionFee,LOCALIZE,"使用美制單位(見同頁其他欄位),需換算當地貨幣+單位"
en,loan-vs-lease,mileageOverageCharge,LOCALIZE,"使用美制單位(/mile),需換算當地貨幣+單位"
en,long-term-care,dailyCost,UNCLASSIFIED,prefix=$
en,ltv-calculator,arpu,UNCLASSIFIED,prefix=$
en,macd-calculator,(全頁),PLACEHOLDER,"技術分析/報價類工具,$為佔位符"
en,margin-calculator,assetPrice,UNCLASSIFIED,prefix=$
en,medical-cost-estimator,procedureCost,UNCLASSIFIED,prefix=$
en,medical-cost-estimator,deductible,UNCLASSIFIED,prefix=$
en,medical-cost-estimator,copay,UNCLASSIFIED,prefix=$
en,medical-tourism-saving,localCost,UNCLASSIFIED,prefix=$
en,medical-tourism-saving,destinationCost,UNCLASSIFIED,prefix=$
en,medical-tourism-saving,travelCost,UNCLASSIFIED,prefix=$
en,medication-cost-compare,brandPrice,UNCLASSIFIED,prefix=$
en,medication-cost-compare,genericPrice,UNCLASSIFIED,prefix=$
en,meeting-cost,avg_hourly_rate,LOCALIZE,"使用美制單位(/min),需換算當地貨幣+單位"
en,mortgage-refinance,currentLoanAmount,UNCLASSIFIED,prefix=$
en,mortgage-refinance,refinancingCosts,UNCLASSIFIED,prefix=$
en,mortgage,loanAmount,UNCLASSIFIED,prefix=$
en,mrr-calculator,arpu,UNCLASSIFIED,prefix=$
en,net-profit-margin,netIncome,UNCLASSIFIED,prefix=$
en,net-profit-margin,revenue,UNCLASSIFIED,prefix=$
en,nursing-home-cost,monthlyNursingCost,UNCLASSIFIED,prefix=$
en,nursing-home-cost,additionalMonthlyExpenses,UNCLASSIFIED,prefix=$
en,nursing-home-cost,initialAdmissionFee,UNCLASSIFIED,prefix=$
en,oop-maximum-calc,maximumAmount,UNCLASSIFIED,prefix=$
en,oop-maximum-calc,amountPaid,UNCLASSIFIED,prefix=$
en,options-profit,spotPrice,UNCLASSIFIED,prefix=$
en,options-profit,strikePrice,UNCLASSIFIED,prefix=$
en,options-profit,premium,UNCLASSIFIED,prefix=$
en,overtime-calculator,hourlyRate,UNCLASSIFIED,prefix=$
en,parking-cost,hourlyRate,UNCLASSIFIED,prefix=$
en,parking-cost,dailyRate,UNCLASSIFIED,prefix=$
en,patent-cost,filingFee,UNCLASSIFIED,prefix=$
en,patent-cost,examinationFee,UNCLASSIFIED,prefix=$
en,patent-cost,maintenanceFeeThreeYear,UNCLASSIFIED,prefix=$
en,patent-cost,maintenanceFeeSevenYear,UNCLASSIFIED,prefix=$
en,patent-cost,maintenanceFeeSixteenYear,UNCLASSIFIED,prefix=$
en,patent-cost,attorneyFees,UNCLASSIFIED,prefix=$
en,payback-period,initialInvestment,UNCLASSIFIED,prefix=$
en,payback-period,annualCashflow,UNCLASSIFIED,prefix=$
en,payday-loan-cost,loanPrincipal,UNCLASSIFIED,prefix=$
en,payday-loan-cost,loanFee,UNCLASSIFIED,prefix=$
en,payroll-tax,(全頁),EXCEPTION,"已知美國制度專屬工具,維持USD"
en,pb-ratio,stockPrice,UNCLASSIFIED,prefix=$
en,pb-ratio,bookValue,UNCLASSIFIED,prefix=$
en,pe-ratio,stockPrice,UNCLASSIFIED,prefix=$
en,pe-ratio,earningsPerShare,UNCLASSIFIED,prefix=$
en,penalty-interest,principal_amount,UNCLASSIFIED,prefix=$
en,pension-vs-lump-sum,pensionMonthly,UNCLASSIFIED,prefix=$
en,pension-vs-lump-sum,lumpSumAmount,UNCLASSIFIED,prefix=$
en,personal-loan-calc,loanAmount,UNCLASSIFIED,prefix=$
en,pet-insurance-calc,deductible,UNCLASSIFIED,prefix=$
en,pivot-point,(全頁),PLACEHOLDER,"技術分析/報價類工具,$為佔位符"
en,position-size,accountBalance,UNCLASSIFIED,prefix=$
en,position-size,entryPrice,UNCLASSIFIED,prefix=$
en,position-size,stopLossPrice,UNCLASSIFIED,prefix=$
en,premium-vs-hdhp,lowPremiumMonthly,UNCLASSIFIED,prefix=$
en,premium-vs-hdhp,lowPremiumDeductible,UNCLASSIFIED,prefix=$
en,premium-vs-hdhp,lowPremiumOopMax,UNCLASSIFIED,prefix=$
en,premium-vs-hdhp,lowPremiumExpectedOop,UNCLASSIFIED,prefix=$
en,premium-vs-hdhp,hdhpMonthly,UNCLASSIFIED,prefix=$
en,premium-vs-hdhp,hdhpDeductible,UNCLASSIFIED,prefix=$
en,premium-vs-hdhp,hdhpOopMax,UNCLASSIFIED,prefix=$
en,premium-vs-hdhp,hdhpExpectedOop,UNCLASSIFIED,prefix=$
en,premium-vs-hdhp,hdhpContribution,UNCLASSIFIED,prefix=$
en,present-value,futureValue,UNCLASSIFIED,prefix=$
en,pricing-calculator,productCost,UNCLASSIFIED,prefix=$
en,pricing-calculator,additionalFees,UNCLASSIFIED,prefix=$
en,property-tax,propertyValue,UNCLASSIFIED,prefix=$
en,property-tax,exemptions,UNCLASSIFIED,prefix=$
en,property-tax,creditAmount,UNCLASSIFIED,prefix=$
en,refinance-break-even,closingCosts,UNCLASSIFIED,prefix=$
en,refinance-break-even,monthlySavings,UNCLASSIFIED,prefix=$
en,rehab-cost-estimator,dailyRate,UNCLASSIFIED,prefix=$
en,renovation-cost,localRate,UNCLASSIFIED,prefix=$
en,rent-vs-buy,propertyPrice,UNCLASSIFIED,prefix=$
en,rent-vs-buy,monthlyRent,UNCLASSIFIED,prefix=$
en,rent-vs-buy,propertyTaxRate,TYPO,"百分比欄位卻標記$,應為%"
en,rental-income-tax,annualRentalIncome,UNCLASSIFIED,prefix=$
en,rental-income-tax,mortgageInterest,UNCLASSIFIED,prefix=$
en,rental-income-tax,propertyTaxes,UNCLASSIFIED,prefix=$
en,rental-income-tax,utilities,UNCLASSIFIED,prefix=$
en,rental-income-tax,maintenance,UNCLASSIFIED,prefix=$
en,rental-income-tax,insurance,UNCLASSIFIED,prefix=$
en,rental-income-tax,managementFees,UNCLASSIFIED,prefix=$
en,rental-income-tax,advertising,UNCLASSIFIED,prefix=$
en,rental-income-tax,otherExpenses,UNCLASSIFIED,prefix=$
en,rental-income-tax,propertyValue,UNCLASSIFIED,prefix=$
en,rental-yield,annualRent,UNCLASSIFIED,prefix=$
en,rental-yield,propertyPrice,UNCLASSIFIED,prefix=$
en,renters-insurance,belongingsValue,UNCLASSIFIED,prefix=$
en,renters-insurance,deductible,UNCLASSIFIED,prefix=$
en,renters-insurance,liabilityLimit,UNCLASSIFIED,prefix=$
en,required-minimum-dist,accountBalance,UNCLASSIFIED,prefix=$
en,retirement-income-need,currentAnnualExpenses,UNCLASSIFIED,prefix=$
en,retirement-savings-gap,currentSavings,UNCLASSIFIED,prefix=$
en,retirement-savings-gap,annualContribution,UNCLASSIFIED,prefix=$
en,retirement-savings-gap,retirementGoal,UNCLASSIFIED,prefix=$
en,retirement,monthlyContribution,LOCALIZE,"使用美制單位(見同頁其他欄位),需換算當地貨幣+單位"
en,retirement,currentSavings,LOCALIZE,"使用美制單位(見同頁其他欄位),需換算當地貨幣+單位"
en,risk-reward,entryPrice,UNCLASSIFIED,prefix=$
en,risk-reward,stopPrice,UNCLASSIFIED,prefix=$
en,risk-reward,targetPrice,UNCLASSIFIED,prefix=$
en,roas-calculator,revenue,UNCLASSIFIED,prefix=$
en,roas-calculator,adSpend,UNCLASSIFIED,prefix=$
en,roi-calculator,gainAmount,UNCLASSIFIED,prefix=$
en,roi-calculator,costAmount,UNCLASSIFIED,prefix=$
en,roi-of-insurance,benefitAmount,UNCLASSIFIED,prefix=$
en,roi-of-insurance,premiumCost,UNCLASSIFIED,prefix=$
en,roth-vs-traditional,(全頁),EXCEPTION,"已知美國制度專屬工具,維持USD"
en,rsi-calculator,(全頁),PLACEHOLDER,"技術分析/報價類工具,$為佔位符"
en,runway-calculator,cashAmount,LOCALIZE,"使用美制單位(見同頁其他欄位),需換算當地貨幣+單位"
en,runway-calculator,monthlyBurnRate,LOCALIZE,"使用美制單位(見同頁其他欄位),需換算當地貨幣+單位"
en,saas-ltv-cac,monthlyARR,UNCLASSIFIED,prefix=$
en,saas-ltv-cac,cacCost,UNCLASSIFIED,prefix=$
en,salary-raise,currentSalary,UNCLASSIFIED,prefix=$
en,salary-to-hourly,annual_salary,UNCLASSIFIED,prefix=$
en,sales-commission,salesAmount,UNCLASSIFIED,prefix=$
en,sales-commission,tier1Limit,UNCLASSIFIED,prefix=$
en,sales-commission,tier2Limit,UNCLASSIFIED,prefix=$
en,scholarship-calculator,annual_tuition,UNCLASSIFIED,prefix=$
en,scholarship-calculator,scholarship_amount,UNCLASSIFIED,prefix=$
en,scholarship-calculator,grants_amount,UNCLASSIFIED,prefix=$
en,severance-calculator,monthlyBaseSalary,MISMATCH,"輸入框用NT$,en語言預期應為$"
en,severance-calculator,bonusesAnnual,MISMATCH,"輸入框用NT$,en語言預期應為$"
en,shipping-cost,shipping_rate,UNCLASSIFIED,prefix=$
en,shopee-profit,productRevenue,UNCLASSIFIED,prefix=$
en,shopee-profit,shippingCost,UNCLASSIFIED,prefix=$
en,shopee-profit,productCOGS,UNCLASSIFIED,prefix=$
en,simple-interest,principal,UNCLASSIFIED,prefix=$
en,solar-roi,systemCost,UNCLASSIFIED,prefix=$
en,solar-roi,annualSavings,UNCLASSIFIED,prefix=$
en,solar-roi,maintenanceCost,UNCLASSIFIED,prefix=$
en,stamp-duty,propertyPrice,MISMATCH,"輸入框用£,內文卻出現$"
en,startup-cost-estimator,oneTimeCosts,LOCALIZE,"使用美制單位(見同頁其他欄位),需換算當地貨幣+單位"
en,startup-cost-estimator,monthlyOperatingCosts,LOCALIZE,"使用美制單位(見同頁其他欄位),需換算當地貨幣+單位"
en,startup-valuation,annualRevenue,UNCLASSIFIED,prefix=$
en,stock-gain-loss,(全頁),PLACEHOLDER,"技術分析/報價類工具,$為佔位符"
en,stock-split,(全頁),PLACEHOLDER,"技術分析/報價類工具,$為佔位符"
en,stop-loss,entryPrice,UNCLASSIFIED,prefix=$
en,stop-loss,stopLossPrice,UNCLASSIFIED,prefix=$
en,student-loan-refi,currentLoanBalance,UNCLASSIFIED,prefix=$
en,student-loan-refi,refinanceFees,UNCLASSIFIED,prefix=$
en,student-loan,loanAmount,UNCLASSIFIED,prefix=$
en,support-resistance,(全頁),PLACEHOLDER,"技術分析/報價類工具,$為佔位符"
en,surgery-cost-estimator,procedureBaseCost,UNCLASSIFIED,prefix=$
en,take-home-pay,(全頁),EXCEPTION,"已知美國制度專屬工具,維持USD"
en,term-vs-whole-life,termPremium,UNCLASSIFIED,prefix=$
en,term-vs-whole-life,wholePremium,UNCLASSIFIED,prefix=$
en,term-vs-whole-life,deathBenefit,UNCLASSIFIED,prefix=$
en,term-vs-whole-life,wholeLifeCashValue,UNCLASSIFIED,prefix=$
en,therapy-cost-calc,sessionRate,UNCLASSIFIED,prefix=$
en,therapy-cost-calc,insuranceCoverage,UNCLASSIFIED,prefix=$
en,therapy-cost-calc,copayPerSession,UNCLASSIFIED,prefix=$
en,tip-calculator,billAmount,UNCLASSIFIED,prefix=$
en,trademark-fee,feePerClass,UNCLASSIFIED,prefix=$
en,trademark-fee,additionalClassFee,UNCLASSIFIED,prefix=$
en,trading-fee,tradeAmount,UNCLASSIFIED,prefix=$
en,travel-insurance-calc,tripCost,UNCLASSIFIED,prefix=$
en,trip-fuel,fuelPrice,LOCALIZE,"使用美制單位(per gallon),需換算當地貨幣+單位"
en,tuition-cost,annualTuition,UNCLASSIFIED,prefix=$
en,tuition-cost,annualHousing,UNCLASSIFIED,prefix=$
en,tuition-cost,annualBooks,UNCLASSIFIED,prefix=$
en,umbrella-insurance,netWorth,UNCLASSIFIED,prefix=$
en,umbrella-insurance,existingCoverage,UNCLASSIFIED,prefix=$
en,umbrella-insurance,annualIncome,UNCLASSIFIED,prefix=$
en,valuation-calculator,annualRevenue,UNCLASSIFIED,prefix=$
en,valuation-calculator,netIncome,UNCLASSIFIED,prefix=$
en,vat-calculator,netPrice,UNCLASSIFIED,prefix=$
en,water-bill,tier1Rate,UNCLASSIFIED,prefix=$
en,water-bill,tier2Rate,UNCLASSIFIED,prefix=$
en,water-bill,tier3Rate,UNCLASSIFIED,prefix=$
en,water-bill,fixedCharge,UNCLASSIFIED,prefix=$
en,withdrawal-rate,portfolioValue,UNCLASSIFIED,prefix=$
en,working-capital,currentAssets,UNCLASSIFIED,prefix=$
en,working-capital,currentLiabilities,UNCLASSIFIED,prefix=$
en,youtube-revenue,youtubeRPM,UNCLASSIFIED,prefix=$
ja,0-percent-financing,purchasePrice,UNCLASSIFIED,prefix=¥
ja,0-percent-financing,downPayment,UNCLASSIFIED,prefix=¥
ja,401k-contribution,(全頁),EXCEPTION,"已知美國制度專屬工具,維持USD"
ja,alimony-calculator,payerIncome,UNCLASSIFIED,prefix=¥
ja,alimony-calculator,recipientIncome,UNCLASSIFIED,prefix=¥
ja,amazon-profit,selling_price,UNCLASSIFIED,prefix=¥
ja,amazon-profit,cogs,UNCLASSIFIED,prefix=¥
ja,amazon-profit,fba_fee,UNCLASSIFIED,prefix=¥
ja,annual-leave,dailyWage,MISMATCH,"輸入框用$,ja語言預期應為¥"
ja,annuity-calculator,presentValue,UNCLASSIFIED,prefix=¥
ja,annuity-income,lumpSum,UNCLASSIFIED,prefix=¥
ja,appliance-energy,electricityRate,UNCLASSIFIED,prefix=¥
ja,apr-calculator,loanAmount,UNCLASSIFIED,prefix=¥
ja,apr-calculator,totalFees,UNCLASSIFIED,prefix=¥
ja,apr-calculator,processingFee,UNCLASSIFIED,prefix=¥
ja,asset-allocation,totalPortfolio,UNCLASSIFIED,prefix=¥
ja,atr-calculator,highPrice,UNCLASSIFIED,prefix=¥
ja,atr-calculator,lowPrice,UNCLASSIFIED,prefix=¥
ja,atr-calculator,closePrice,MISMATCH,"輸入框用$,ja語言預期應為¥"
ja,average-down,(全頁),PLACEHOLDER,"技術分析/報價類工具,$為佔位符"
ja,balloon-payment,loanAmount,MISMATCH,"輸入框用$,ja語言預期應為¥"
ja,balloon-payment,balloonAmount,MISMATCH,"輸入框用$,ja語言預期應為¥"
ja,bollinger-bands,(全頁),PLACEHOLDER,"技術分析/報價類工具,$為佔位符"
ja,bond-yield,faceValue,UNCLASSIFIED,prefix=¥
ja,bond-yield,currentPrice,UNCLASSIFIED,prefix=¥
ja,bonus-tax,(全頁),EXCEPTION,"已知美國制度專屬工具,維持USD"
ja,break-even-units,fixedCosts,UNCLASSIFIED,prefix=¥
ja,break-even-units,pricePerUnit,UNCLASSIFIED,prefix=¥
ja,break-even-units,variableCostPerUnit,UNCLASSIFIED,prefix=¥
ja,break-even,fixed_costs,UNCLASSIFIED,prefix=¥
ja,break-even,price_per_unit,UNCLASSIFIED,prefix=¥
ja,break-even,variable_cost,UNCLASSIFIED,prefix=¥
ja,burn-rate-calculator,monthlyExpenses,UNCLASSIFIED,prefix=¥
ja,burn-rate-calculator,monthlyRevenue,UNCLASSIFIED,prefix=¥
ja,burn-rate-calculator,cashReserve,UNCLASSIFIED,prefix=¥
ja,business-exit-value,ebitda,UNCLASSIFIED,prefix=¥
ja,business-insurance,annualRevenue,UNCLASSIFIED,prefix=¥
ja,business-loan-calc,loanAmount,MISMATCH,"輸入框用$,ja語言預期應為¥"
ja,cagr,beginning_value,UNCLASSIFIED,prefix=¥
ja,cagr,ending_value,UNCLASSIFIED,prefix=¥
ja,candlestick-identifier,(全頁),PLACEHOLDER,"技術分析/報價類工具,$為佔位符"
ja,cap-rate,netOperatingIncome,MISMATCH,"輸入框用$,ja語言預期應為¥"
ja,cap-rate,propertyValue,MISMATCH,"輸入框用$,ja語言預期應為¥"
ja,capital-gains-tax,(全頁),EXCEPTION,"已知美國制度專屬工具,維持USD"
ja,car-depreciation,purchasePrice,LOCALIZE,"使用美制單位(見同頁其他欄位),需換算當地貨幣+單位"
ja,car-depreciation,residualValue,LOCALIZE,"使用美制單位(見同頁其他欄位),需換算當地貨幣+單位"
ja,car-insurance-calc,vehicleValue,LOCALIZE,"使用美制單位(見同頁其他欄位),需換算當地貨幣+單位"
ja,car-insurance-estimate,vehicleValue,LOCALIZE,"使用美制單位(見同頁其他欄位),需換算當地貨幣+單位"
ja,car-lease-vs-buy,carPrice,LOCALIZE,"使用美制單位(見同頁其他欄位),需換算當地貨幣+單位"
ja,car-lease-vs-buy,downPayment,LOCALIZE,"使用美制單位(見同頁其他欄位),需換算當地貨幣+單位"
ja,car-lease-vs-buy,leaseMonthly,LOCALIZE,"使用美制單位(見同頁其他欄位),需換算當地貨幣+單位"
ja,car-lease-vs-buy,annualMaintenance,LOCALIZE,"使用美制單位(見同頁其他欄位),需換算當地貨幣+單位"
ja,car-lease-vs-buy,annualInsurance,LOCALIZE,"使用美制單位(見同頁其他欄位),需換算當地貨幣+單位"
ja,car-lease-vs-buy,annualRegistration,LOCALIZE,"使用美制單位(見同頁其他欄位),需換算當地貨幣+單位"
ja,car-lease-vs-buy,gasPrice,LOCALIZE,"使用美制單位(見同頁其他欄位),需換算當地貨幣+單位"
ja,car-loan,loanAmount,UNCLASSIFIED,prefix=¥
ja,car-loan,downPayment,UNCLASSIFIED,prefix=¥
ja,cash-on-cash,annualCashflow,UNCLASSIFIED,prefix=¥
ja,cash-on-cash,cashInvested,UNCLASSIFIED,prefix=¥
ja,catch-up-contribution,(全頁),EXCEPTION,"已知美國制度專屬工具,維持USD"
ja,child-support,payor_gross_income,UNCLASSIFIED,prefix=¥
ja,child-support,payee_gross_income,UNCLASSIFIED,prefix=¥
ja,child-support,annual_childcare_costs,UNCLASSIFIED,prefix=¥
ja,child-support,health_insurance_costs,UNCLASSIFIED,prefix=¥
ja,coast-fire-calc,fireNumber,UNCLASSIFIED,prefix=¥
ja,coffee-ratio,customRatio,UNCLASSIFIED,prefix=1:
ja,college-savings,monthlyPayment,UNCLASSIFIED,prefix=¥
ja,college-savings,initialAmount,UNCLASSIFIED,prefix=¥
ja,commute-cost,fuelPrice,LOCALIZE,"使用美制單位(ガロンあたり),需換算當地貨幣+單位"
ja,commute-cost,dailyTolls,LOCALIZE,"使用美制單位(見同頁其他欄位),需換算當地貨幣+單位"
ja,commute-cost,dailyParking,LOCALIZE,"使用美制單位(見同頁其他欄位),需換算當地貨幣+單位"
ja,commute-cost,vehiclePrice,LOCALIZE,"使用美制單位(見同頁其他欄位),需換算當地貨幣+單位"
ja,commute-cost,maintenanceAnnual,LOCALIZE,"使用美制單位(見同頁其他欄位),需換算當地貨幣+單位"
ja,commute-cost,insuranceAnnual,LOCALIZE,"使用美制單位(見同頁其他欄位),需換算當地貨幣+單位"
ja,company-registration,registration_fee,UNCLASSIFIED,prefix=¥
ja,company-registration,capital_duty,UNCLASSIFIED,prefix=¥
ja,company-registration,agent_fee,UNCLASSIFIED,prefix=¥
ja,compound-interest-debt,principal_amount,UNCLASSIFIED,prefix=¥
ja,compound-interest,principal,UNCLASSIFIED,prefix=¥
ja,cost-of-living,salaryCity1,UNCLASSIFIED,prefix=¥
ja,court-fee,claimAmount,UNCLASSIFIED,prefix=¥
ja,coverage-gap-finder,neededCoverage,UNCLASSIFIED,prefix=¥
ja,coverage-gap-finder,existingCoverage,UNCLASSIFIED,prefix=¥
ja,credit-card-payoff,creditCardBalance,UNCLASSIFIED,prefix=¥
ja,credit-card-payoff,monthlyPayment,UNCLASSIFIED,prefix=¥
ja,critical-illness-calc,annualMedicalCost,UNCLASSIFIED,prefix=¥
ja,critical-illness-calc,annualIncome,UNCLASSIFIED,prefix=¥
ja,critical-illness-calc,existingSavings,UNCLASSIFIED,prefix=¥
ja,customer-acquisition,marketing_spend,UNCLASSIFIED,prefix=¥
ja,customs-duty,cifValue,MISMATCH,"輸入框用$,ja語言預期應為¥"
ja,dca-calculator,totalInvested,MISMATCH,"輸入框用$,ja語言預期應為¥"
ja,dcf-calculator,yearOne,UNCLASSIFIED,prefix=¥
ja,dcf-calculator,yearTwo,UNCLASSIFIED,prefix=¥
ja,dcf-calculator,yearThree,UNCLASSIFIED,prefix=¥
ja,dcf-calculator,yearFour,UNCLASSIFIED,prefix=¥
ja,dcf-calculator,yearFive,UNCLASSIFIED,prefix=¥
ja,dcf-calculator,terminalValue,UNCLASSIFIED,prefix=¥
ja,dcf-calculator,netDebt,UNCLASSIFIED,prefix=¥
ja,debt-consolidation,debt1Amount,UNCLASSIFIED,prefix=¥
ja,debt-consolidation,debt2Amount,UNCLASSIFIED,prefix=¥
ja,debt-consolidation,debt3Amount,UNCLASSIFIED,prefix=¥
ja,debt-consolidation,consolidationFee,UNCLASSIFIED,prefix=¥
ja,debt-to-equity,totalDebt,UNCLASSIFIED,prefix=¥
ja,debt-to-equity,equity,UNCLASSIFIED,prefix=¥
ja,debt-to-income,monthlyDebt,UNCLASSIFIED,prefix=¥
ja,debt-to-income,grossIncome,UNCLASSIFIED,prefix=¥
ja,dental-cost-calculator,treatmentCost,UNCLASSIFIED,prefix=¥
ja,dental-cost-calculator,deductible,UNCLASSIFIED,prefix=¥
ja,dental-cost-calculator,deductibleMet,UNCLASSIFIED,prefix=¥
ja,dental-cost-calculator,annualMax,UNCLASSIFIED,prefix=¥
ja,dental-cost-calculator,benefitsUsed,UNCLASSIFIED,prefix=¥
ja,disability-insurance,annualIncome,UNCLASSIFIED,prefix=¥
ja,dividend-yield,(全頁),PLACEHOLDER,"技術分析/報價類工具,$為佔位符"
ja,down-payment,propertyPrice,UNCLASSIFIED,prefix=¥
ja,dropship-margin,sellPrice,UNCLASSIFIED,prefix=¥
ja,dropship-margin,supplierCost,UNCLASSIFIED,prefix=¥
ja,dropship-margin,shippingCost,UNCLASSIFIED,prefix=¥
ja,dropship-margin,adCost,UNCLASSIFIED,prefix=¥
ja,ebitda-valuation,ebitda_value,UNCLASSIFIED,prefix=¥
ja,effective-tax-rate,totalIncome,UNCLASSIFIED,prefix=¥
ja,effective-tax-rate,totalTax,UNCLASSIFIED,prefix=¥
ja,electricity-cost,rate_per_kwh,UNCLASSIFIED,prefix=¥
ja,email-roi,revenue_generated,UNCLASSIFIED,prefix=¥
ja,email-roi,email_cost,UNCLASSIFIED,prefix=¥
ja,employee-cost,annualSalary,UNCLASSIFIED,prefix=¥
ja,employee-cost,healthInsurance,UNCLASSIFIED,prefix=¥
ja,employee-cost,nationalInsurance,UNCLASSIFIED,prefix=¥
ja,employee-cost,pensionContribution,UNCLASSIFIED,prefix=¥
ja,employee-cost,otherBenefits,UNCLASSIFIED,prefix=¥
ja,eps-calculator,netIncome,UNCLASSIFIED,prefix=¥
ja,ev-charging-cost,electricity_rate,LOCALIZE,"使用美制單位(/kWh),需換算當地貨幣+單位"
ja,ev-vs-gas,evPrice,MISMATCH,"輸入框用$,ja語言預期應為¥"
ja,ev-vs-gas,gasPrice,MISMATCH,"輸入框用$,ja語言預期應為¥"
ja,ev-vs-gas,evTaxCredit,MISMATCH,"輸入框用$,ja語言預期應為¥"
ja,ev-vs-gas,electricityRate,MISMATCH,"輸入框用$,ja語言預期應為¥"
ja,ev-vs-gas,gasPrice_input,MISMATCH,"輸入框用$,ja語言預期應為¥"
ja,ev-vs-gas,evMaintenance,MISMATCH,"輸入框用$,ja語言預期應為¥"
ja,ev-vs-gas,gasMaintenance,MISMATCH,"輸入框用$,ja語言預期應為¥"
ja,ev-vs-gas,evInsurance,MISMATCH,"輸入框用$,ja語言預期應為¥"
ja,ev-vs-gas,gasInsurance,MISMATCH,"輸入框用$,ja語言預期應為¥"
ja,ev-vs-gas,evRegistration,MISMATCH,"輸入框用$,ja語言預期應為¥"
ja,ev-vs-gas,gasRegistration,MISMATCH,"輸入框用$,ja語言預期應為¥"
ja,extra-payment,loanAmount,UNCLASSIFIED,prefix=¥
ja,extra-payment,extraPayment,UNCLASSIFIED,prefix=¥
ja,fba-fee-calculator,product_price,UNCLASSIFIED,prefix=¥
ja,fba-fee-calculator,monthly_storage,UNCLASSIFIED,prefix=¥
ja,fibonacci-retracement,(全頁),PLACEHOLDER,"技術分析/報價類工具,$為佔位符"
ja,fire-number-calc,annualExpenses,UNCLASSIFIED,prefix=¥
ja,food-cost,foodCost,UNCLASSIFIED,prefix=¥
ja,food-cost,sellingPrice,UNCLASSIFIED,prefix=¥
ja,forex-profit,pipValue,MISMATCH,"輸入框用$,ja語言預期應為¥"
ja,franchise-roi,franchiseRevenue,UNCLASSIFIED,prefix=¥
ja,franchise-roi,operatingCosts,UNCLASSIFIED,prefix=¥
ja,franchise-roi,staffCosts,UNCLASSIFIED,prefix=¥
ja,franchise-roi,royaltyFees,UNCLASSIFIED,prefix=¥
ja,franchise-roi,initialInvestment,UNCLASSIFIED,prefix=¥
ja,freelance-rate,annual_expenses,UNCLASSIFIED,prefix=¥
ja,freelance-rate,desired_profit,UNCLASSIFIED,prefix=¥
ja,freelancer-tax,annual_income,UNCLASSIFIED,prefix=¥
ja,freelancer-tax,business_expenses,UNCLASSIFIED,prefix=¥
ja,fsa-savings-calc,(全頁),EXCEPTION,"已知美國制度專屬工具,維持USD"
ja,fuel-cost,fuelPrice,LOCALIZE,"使用美制單位(見同頁其他欄位),需換算當地貨幣+單位"
ja,future-value,presentValue,UNCLASSIFIED,prefix=¥
ja,gas-bill,ratePerUnit,UNCLASSIFIED,prefix=¥
ja,gas-bill,standingCharge,UNCLASSIFIED,prefix=¥
ja,gdpr-fine,annual_revenue,MISMATCH,"輸入框用€,ja語言預期應為¥"
ja,gross-profit-margin,revenue,UNCLASSIFIED,prefix=¥
ja,gross-profit-margin,cogs,UNCLASSIFIED,prefix=¥
ja,health-deductible-calc,deductibleAmount,UNCLASSIFIED,prefix=¥
ja,health-deductible-calc,amountSpent,UNCLASSIFIED,prefix=¥
ja,health-insurance-estimate,annualDeductible,UNCLASSIFIED,prefix=¥
ja,health-insurance-estimate,estimatedAnnualMedicalCosts,UNCLASSIFIED,prefix=¥
ja,heloc-vs-personal-loan,loanAmount,UNCLASSIFIED,prefix=¥
ja,home-affordability,annualIncome,UNCLASSIFIED,prefix=¥
ja,home-affordability,monthlyDebts,UNCLASSIFIED,prefix=¥
ja,home-energy-audit,electricity_rate,UNCLASSIFIED,prefix=¥
ja,home-energy-audit,gas_rate,UNCLASSIFIED,prefix=¥
ja,home-equity,marketValue,UNCLASSIFIED,prefix=¥
ja,home-equity,mortgageBalance,UNCLASSIFIED,prefix=¥
ja,home-insurance-calc,homeValue,UNCLASSIFIED,prefix=¥
ja,home-mortgage,loanAmount,UNCLASSIFIED,prefix=¥
ja,home-mortgage,downPayment,UNCLASSIFIED,prefix=¥
ja,home-mortgage,propertyTax,UNCLASSIFIED,prefix=¥
ja,home-mortgage,homeInsurance,UNCLASSIFIED,prefix=¥
ja,home-mortgage,pmi,UNCLASSIFIED,prefix=¥
ja,hsa-contribution-calc,(全頁),EXCEPTION,"已知美國制度專屬工具,維持USD"
ja,income-replacement,monthlyIncome,UNCLASSIFIED,prefix=¥
ja,income-tax,(全頁),EXCEPTION,"已知美國制度專屬工具,維持USD"
ja,inflation,presentValue,UNCLASSIFIED,prefix=¥
ja,insulation-calculator,insulationCost,MISMATCH,"輸入框用$,ja語言預期應為¥"
ja,insurance-premium-compare,annualPremium,UNCLASSIFIED,prefix=¥
ja,insurance-premium-compare,monthlyPremium,UNCLASSIFIED,prefix=¥
ja,insurance-premium-compare,singlePremium,UNCLASSIFIED,prefix=¥
ja,intrinsic-value,epsInput,UNCLASSIFIED,prefix=¥
ja,inventory-turnover,costOfGoodsSold,UNCLASSIFIED,prefix=¥
ja,inventory-turnover,beginningInventory,UNCLASSIFIED,prefix=¥
ja,inventory-turnover,endingInventory,UNCLASSIFIED,prefix=¥
ja,irr-calculator,initialInvestment,UNCLASSIFIED,prefix=¥
ja,irr-calculator,year1CashFlow,UNCLASSIFIED,prefix=¥
ja,irr-calculator,year2CashFlow,UNCLASSIFIED,prefix=¥
ja,irr-calculator,year3CashFlow,UNCLASSIFIED,prefix=¥
ja,irr-calculator,year4CashFlow,UNCLASSIFIED,prefix=¥
ja,irr-calculator,year5CashFlow,UNCLASSIFIED,prefix=¥
ja,ivf-cost-calculator,costPerCycle,UNCLASSIFIED,prefix=¥
ja,ivf-cost-calculator,additionalCosts,UNCLASSIFIED,prefix=¥
ja,kelly-criterion,bankroll,MISMATCH,"輸入框用$,ja語言預期應為¥"
ja,landed-cost,productPrice,MISMATCH,"輸入框用$,ja語言預期應為¥"
ja,landed-cost,shippingCost,MISMATCH,"輸入框用$,ja語言預期應為¥"
ja,landed-cost,importDuty,MISMATCH,"輸入框用$,ja語言預期應為¥"
ja,landed-cost,insuranceCost,MISMATCH,"輸入框用$,ja語言預期應為¥"
ja,landed-cost,additionalCosts,MISMATCH,"輸入框用$,ja語言預期應為¥"
ja,lasik-cost-calculator,cost_per_eye,MISMATCH,"輸入框用$,ja語言預期應為¥"
ja,late-payment-interest,principalAmount,UNCLASSIFIED,prefix=¥
ja,lawyer-fee,hourly_rate,UNCLASSIFIED,prefix=¥
ja,led-savings,electricity_rate,UNCLASSIFIED,prefix=¥
ja,legal-interest,principal_amount,UNCLASSIFIED,prefix=¥
ja,liability-insurance,netWorth,UNCLASSIFIED,prefix=¥
ja,life-insurance-calc,annual_income,UNCLASSIFIED,prefix=¥
ja,life-insurance-calc,outstanding_debt,UNCLASSIFIED,prefix=¥
ja,life-insurance-needs,totalDebt,UNCLASSIFIED,prefix=¥
ja,life-insurance-needs,annualIncome,UNCLASSIFIED,prefix=¥
ja,life-insurance-needs,mortgageBalance,UNCLASSIFIED,prefix=¥
ja,life-insurance-needs,educationCosts,UNCLASSIFIED,prefix=¥
ja,life-insurance-needs,currentSavings,UNCLASSIFIED,prefix=¥
ja,loan-affordability,annualIncome,UNCLASSIFIED,prefix=¥
ja,loan-comparison,loanAmount1,UNCLASSIFIED,prefix=¥
ja,loan-comparison,loanAmount2,UNCLASSIFIED,prefix=¥
ja,loan-vs-lease,vehiclePrice,LOCALIZE,"使用美制單位(見同頁其他欄位),需換算當地貨幣+單位"
ja,loan-vs-lease,downPayment,LOCALIZE,"使用美制單位(見同頁其他欄位),需換算當地貨幣+單位"
ja,loan-vs-lease,residualValue,LOCALIZE,"使用美制單位(見同頁其他欄位),需換算當地貨幣+單位"
ja,loan-vs-lease,annualMaintenance,LOCALIZE,"使用美制單位(見同頁其他欄位),需換算當地貨幣+單位"
ja,loan-vs-lease,annualInsurance,LOCALIZE,"使用美制單位(見同頁其他欄位),需換算當地貨幣+單位"
ja,loan-vs-lease,annualRegistration,LOCALIZE,"使用美制單位(見同頁其他欄位),需換算當地貨幣+單位"
ja,loan-vs-lease,leaseMonthlyPayment,LOCALIZE,"使用美制單位(見同頁其他欄位),需換算當地貨幣+單位"
ja,loan-vs-lease,leaseInsurance,LOCALIZE,"使用美制單位(見同頁其他欄位),需換算當地貨幣+單位"
ja,loan-vs-lease,leaseAcquisitionFee,LOCALIZE,"使用美制單位(見同頁其他欄位),需換算當地貨幣+單位"
ja,loan-vs-lease,leaseDispositionFee,LOCALIZE,"使用美制單位(見同頁其他欄位),需換算當地貨幣+單位"
ja,loan-vs-lease,mileageOverageCharge,LOCALIZE,"使用美制單位(/マイル),需換算當地貨幣+單位"
ja,long-term-care,dailyCost,UNCLASSIFIED,prefix=¥
ja,ltv-calculator,arpu,MISMATCH,"輸入框用$,ja語言預期應為¥"
ja,macd-calculator,(全頁),PLACEHOLDER,"技術分析/報價類工具,$為佔位符"
ja,margin-calculator,assetPrice,MISMATCH,"輸入框用$,ja語言預期應為¥"
ja,medical-cost-estimator,procedureCost,UNCLASSIFIED,prefix=¥
ja,medical-cost-estimator,deductible,UNCLASSIFIED,prefix=¥
ja,medical-cost-estimator,copay,UNCLASSIFIED,prefix=¥
ja,medical-tourism-saving,localCost,UNCLASSIFIED,prefix=¥
ja,medical-tourism-saving,destinationCost,UNCLASSIFIED,prefix=¥
ja,medical-tourism-saving,travelCost,UNCLASSIFIED,prefix=¥
ja,medication-cost-compare,brandPrice,UNCLASSIFIED,prefix=¥
ja,medication-cost-compare,genericPrice,UNCLASSIFIED,prefix=¥
ja,meeting-cost,avg_hourly_rate,UNCLASSIFIED,prefix=¥
ja,mortgage-refinance,currentLoanAmount,UNCLASSIFIED,prefix=¥
ja,mortgage-refinance,refinancingCosts,UNCLASSIFIED,prefix=¥
ja,mortgage,loanAmount,UNCLASSIFIED,prefix=¥
ja,mrr-calculator,arpu,MISMATCH,"輸入框用$,ja語言預期應為¥"
ja,net-profit-margin,netIncome,UNCLASSIFIED,prefix=¥
ja,net-profit-margin,revenue,UNCLASSIFIED,prefix=¥
ja,nursing-home-cost,monthlyNursingCost,UNCLASSIFIED,prefix=¥
ja,nursing-home-cost,additionalMonthlyExpenses,UNCLASSIFIED,prefix=¥
ja,nursing-home-cost,initialAdmissionFee,UNCLASSIFIED,prefix=¥
ja,oop-maximum-calc,maximumAmount,MISMATCH,"輸入框用$,ja語言預期應為¥"
ja,oop-maximum-calc,amountPaid,MISMATCH,"輸入框用$,ja語言預期應為¥"
ja,options-profit,spotPrice,UNCLASSIFIED,prefix=¥
ja,options-profit,strikePrice,UNCLASSIFIED,prefix=¥
ja,options-profit,premium,UNCLASSIFIED,prefix=¥
ja,overtime-calculator,hourlyRate,MISMATCH,"輸入框用$,ja語言預期應為¥"
ja,parking-cost,hourlyRate,UNCLASSIFIED,prefix=¥
ja,parking-cost,dailyRate,UNCLASSIFIED,prefix=¥
ja,patent-cost,filingFee,MISMATCH,"輸入框用$,ja語言預期應為¥"
ja,patent-cost,examinationFee,MISMATCH,"輸入框用$,ja語言預期應為¥"
ja,patent-cost,maintenanceFeeThreeYear,MISMATCH,"輸入框用$,ja語言預期應為¥"
ja,patent-cost,maintenanceFeeSevenYear,MISMATCH,"輸入框用$,ja語言預期應為¥"
ja,patent-cost,maintenanceFeeSixteenYear,MISMATCH,"輸入框用$,ja語言預期應為¥"
ja,patent-cost,attorneyFees,MISMATCH,"輸入框用$,ja語言預期應為¥"
ja,payback-period,initialInvestment,UNCLASSIFIED,prefix=¥
ja,payback-period,annualCashflow,UNCLASSIFIED,prefix=¥
ja,payday-loan-cost,loanPrincipal,UNCLASSIFIED,prefix=¥
ja,payday-loan-cost,loanFee,UNCLASSIFIED,prefix=¥
ja,payroll-tax,(全頁),EXCEPTION,"已知美國制度專屬工具,維持USD"
ja,pb-ratio,stockPrice,UNCLASSIFIED,prefix=¥
ja,pb-ratio,bookValue,UNCLASSIFIED,prefix=¥
ja,pe-ratio,stockPrice,UNCLASSIFIED,prefix=¥
ja,pe-ratio,earningsPerShare,UNCLASSIFIED,prefix=¥
ja,penalty-interest,principal_amount,UNCLASSIFIED,prefix=¥
ja,pension-vs-lump-sum,pensionMonthly,UNCLASSIFIED,prefix=¥
ja,pension-vs-lump-sum,lumpSumAmount,UNCLASSIFIED,prefix=¥
ja,personal-loan-calc,loanAmount,UNCLASSIFIED,prefix=¥
ja,pet-insurance-calc,deductible,UNCLASSIFIED,prefix=¥
ja,pivot-point,(全頁),PLACEHOLDER,"技術分析/報價類工具,$為佔位符"
ja,position-size,accountBalance,UNCLASSIFIED,prefix=¥
ja,position-size,entryPrice,UNCLASSIFIED,prefix=¥
ja,position-size,stopLossPrice,UNCLASSIFIED,prefix=¥
ja,premium-vs-hdhp,lowPremiumMonthly,UNCLASSIFIED,prefix=¥
ja,premium-vs-hdhp,lowPremiumDeductible,UNCLASSIFIED,prefix=¥
ja,premium-vs-hdhp,lowPremiumOopMax,UNCLASSIFIED,prefix=¥
ja,premium-vs-hdhp,lowPremiumExpectedOop,UNCLASSIFIED,prefix=¥
ja,premium-vs-hdhp,hdhpMonthly,UNCLASSIFIED,prefix=¥
ja,premium-vs-hdhp,hdhpDeductible,UNCLASSIFIED,prefix=¥
ja,premium-vs-hdhp,hdhpOopMax,UNCLASSIFIED,prefix=¥
ja,premium-vs-hdhp,hdhpExpectedOop,UNCLASSIFIED,prefix=¥
ja,premium-vs-hdhp,hdhpContribution,UNCLASSIFIED,prefix=¥
ja,present-value,futureValue,MISMATCH,"輸入框用$,ja語言預期應為¥"
ja,pricing-calculator,productCost,UNCLASSIFIED,prefix=¥
ja,pricing-calculator,additionalFees,UNCLASSIFIED,prefix=¥
ja,property-tax,propertyValue,UNCLASSIFIED,prefix=¥
ja,property-tax,exemptions,UNCLASSIFIED,prefix=¥
ja,property-tax,creditAmount,UNCLASSIFIED,prefix=¥
ja,refinance-break-even,closingCosts,UNCLASSIFIED,prefix=¥
ja,refinance-break-even,monthlySavings,UNCLASSIFIED,prefix=¥
ja,rehab-cost-estimator,dailyRate,UNCLASSIFIED,prefix=¥
ja,renovation-cost,localRate,MISMATCH,"輸入框用$,ja語言預期應為¥"
ja,rent-vs-buy,propertyPrice,UNCLASSIFIED,prefix=¥
ja,rent-vs-buy,monthlyRent,UNCLASSIFIED,prefix=¥
ja,rent-vs-buy,propertyTaxRate,TYPO,"百分比欄位卻標記¥,應為%"
ja,rental-income-tax,annualRentalIncome,UNCLASSIFIED,prefix=¥
ja,rental-income-tax,mortgageInterest,UNCLASSIFIED,prefix=¥
ja,rental-income-tax,propertyTaxes,UNCLASSIFIED,prefix=¥
ja,rental-income-tax,utilities,UNCLASSIFIED,prefix=¥
ja,rental-income-tax,maintenance,UNCLASSIFIED,prefix=¥
ja,rental-income-tax,insurance,UNCLASSIFIED,prefix=¥
ja,rental-income-tax,managementFees,UNCLASSIFIED,prefix=¥
ja,rental-income-tax,advertising,UNCLASSIFIED,prefix=¥
ja,rental-income-tax,otherExpenses,UNCLASSIFIED,prefix=¥
ja,rental-income-tax,propertyValue,UNCLASSIFIED,prefix=¥
ja,rental-yield,annualRent,UNCLASSIFIED,prefix=¥
ja,rental-yield,propertyPrice,UNCLASSIFIED,prefix=¥
ja,renters-insurance,belongingsValue,UNCLASSIFIED,prefix=¥
ja,renters-insurance,deductible,UNCLASSIFIED,prefix=¥
ja,renters-insurance,liabilityLimit,UNCLASSIFIED,prefix=¥
ja,required-minimum-dist,accountBalance,MISMATCH,"輸入框用$,ja語言預期應為¥"
ja,retirement-income-need,currentAnnualExpenses,UNCLASSIFIED,prefix=¥
ja,retirement-savings-gap,currentSavings,UNCLASSIFIED,prefix=¥
ja,retirement-savings-gap,annualContribution,UNCLASSIFIED,prefix=¥
ja,retirement-savings-gap,retirementGoal,UNCLASSIFIED,prefix=¥
ja,retirement,monthlyContribution,UNCLASSIFIED,prefix=¥
ja,retirement,currentSavings,UNCLASSIFIED,prefix=¥
ja,risk-reward,entryPrice,UNCLASSIFIED,prefix=¥
ja,risk-reward,stopPrice,UNCLASSIFIED,prefix=¥
ja,risk-reward,targetPrice,UNCLASSIFIED,prefix=¥
ja,roas-calculator,revenue,UNCLASSIFIED,prefix=¥
ja,roas-calculator,adSpend,UNCLASSIFIED,prefix=¥
ja,roi-calculator,gainAmount,UNCLASSIFIED,prefix=¥
ja,roi-calculator,costAmount,UNCLASSIFIED,prefix=¥
ja,roi-of-insurance,benefitAmount,UNCLASSIFIED,prefix=¥
ja,roi-of-insurance,premiumCost,UNCLASSIFIED,prefix=¥
ja,roth-vs-traditional,(全頁),EXCEPTION,"已知美國制度專屬工具,維持USD"
ja,rsi-calculator,(全頁),PLACEHOLDER,"技術分析/報價類工具,$為佔位符"
ja,runway-calculator,cashAmount,UNCLASSIFIED,prefix=¥
ja,runway-calculator,monthlyBurnRate,UNCLASSIFIED,prefix=¥
ja,saas-ltv-cac,monthlyARR,UNCLASSIFIED,prefix=¥
ja,saas-ltv-cac,cacCost,UNCLASSIFIED,prefix=¥
ja,salary-raise,currentSalary,UNCLASSIFIED,prefix=¥
ja,salary-to-hourly,annual_salary,UNCLASSIFIED,prefix=¥
ja,sales-commission,salesAmount,MISMATCH,"輸入框用$,ja語言預期應為¥"
ja,sales-commission,tier1Limit,MISMATCH,"輸入框用$,ja語言預期應為¥"
ja,sales-commission,tier2Limit,MISMATCH,"輸入框用$,ja語言預期應為¥"
ja,scholarship-calculator,annual_tuition,UNCLASSIFIED,prefix=¥
ja,scholarship-calculator,scholarship_amount,UNCLASSIFIED,prefix=¥
ja,scholarship-calculator,grants_amount,UNCLASSIFIED,prefix=¥
ja,severance-calculator,monthlyBaseSalary,MISMATCH,"輸入框用NT$,ja語言預期應為¥"
ja,severance-calculator,bonusesAnnual,MISMATCH,"輸入框用NT$,ja語言預期應為¥"
ja,shipping-cost,shipping_rate,UNCLASSIFIED,prefix=¥
ja,shopee-profit,productRevenue,UNCLASSIFIED,prefix=¥
ja,shopee-profit,shippingCost,UNCLASSIFIED,prefix=¥
ja,shopee-profit,productCOGS,UNCLASSIFIED,prefix=¥
ja,simple-interest,principal,UNCLASSIFIED,prefix=¥
ja,solar-roi,systemCost,UNCLASSIFIED,prefix=¥
ja,solar-roi,annualSavings,UNCLASSIFIED,prefix=¥
ja,solar-roi,maintenanceCost,UNCLASSIFIED,prefix=¥
ja,stamp-duty,propertyPrice,MISMATCH,"輸入框用£,內文卻出現¥"
ja,startup-cost-estimator,oneTimeCosts,UNCLASSIFIED,prefix=¥
ja,startup-cost-estimator,monthlyOperatingCosts,UNCLASSIFIED,prefix=¥
ja,startup-valuation,annualRevenue,UNCLASSIFIED,prefix=¥
ja,stock-gain-loss,(全頁),PLACEHOLDER,"技術分析/報價類工具,$為佔位符"
ja,stock-split,(全頁),PLACEHOLDER,"技術分析/報價類工具,$為佔位符"
ja,stop-loss,entryPrice,UNCLASSIFIED,prefix=¥
ja,stop-loss,stopLossPrice,UNCLASSIFIED,prefix=¥
ja,student-loan-refi,currentLoanBalance,MISMATCH,"輸入框用$,ja語言預期應為¥"
ja,student-loan-refi,refinanceFees,MISMATCH,"輸入框用$,ja語言預期應為¥"
ja,student-loan,loanAmount,UNCLASSIFIED,prefix=¥
ja,support-resistance,(全頁),PLACEHOLDER,"技術分析/報價類工具,$為佔位符"
ja,surgery-cost-estimator,procedureBaseCost,MISMATCH,"輸入框用$,ja語言預期應為¥"
ja,take-home-pay,(全頁),EXCEPTION,"已知美國制度專屬工具,維持USD"
ja,term-vs-whole-life,termPremium,UNCLASSIFIED,prefix=¥
ja,term-vs-whole-life,wholePremium,UNCLASSIFIED,prefix=¥
ja,term-vs-whole-life,deathBenefit,UNCLASSIFIED,prefix=¥
ja,term-vs-whole-life,wholeLifeCashValue,UNCLASSIFIED,prefix=¥
ja,therapy-cost-calc,sessionRate,UNCLASSIFIED,prefix=¥
ja,therapy-cost-calc,insuranceCoverage,UNCLASSIFIED,prefix=¥
ja,therapy-cost-calc,copayPerSession,UNCLASSIFIED,prefix=¥
ja,tip-calculator,billAmount,MISMATCH,"輸入框用$,ja語言預期應為¥"
ja,trademark-fee,feePerClass,MISMATCH,"輸入框用$,ja語言預期應為¥"
ja,trademark-fee,additionalClassFee,MISMATCH,"輸入框用$,ja語言預期應為¥"
ja,trading-fee,tradeAmount,MISMATCH,"輸入框用$,ja語言預期應為¥"
ja,travel-insurance-calc,tripCost,UNCLASSIFIED,prefix=¥
ja,trip-fuel,fuelPrice,LOCALIZE,"使用美制單位(/ガロン),需換算當地貨幣+單位"
ja,tuition-cost,annualTuition,MISMATCH,"輸入框用$,ja語言預期應為¥"
ja,tuition-cost,annualHousing,MISMATCH,"輸入框用$,ja語言預期應為¥"
ja,tuition-cost,annualBooks,MISMATCH,"輸入框用$,ja語言預期應為¥"
ja,umbrella-insurance,netWorth,UNCLASSIFIED,prefix=¥
ja,umbrella-insurance,existingCoverage,UNCLASSIFIED,prefix=¥
ja,umbrella-insurance,annualIncome,UNCLASSIFIED,prefix=¥
ja,valuation-calculator,annualRevenue,UNCLASSIFIED,prefix=¥
ja,valuation-calculator,netIncome,UNCLASSIFIED,prefix=¥
ja,vat-calculator,netPrice,UNCLASSIFIED,prefix=¥
ja,water-bill,tier1Rate,UNCLASSIFIED,prefix=¥
ja,water-bill,tier2Rate,UNCLASSIFIED,prefix=¥
ja,water-bill,tier3Rate,UNCLASSIFIED,prefix=¥
ja,water-bill,fixedCharge,UNCLASSIFIED,prefix=¥
ja,withdrawal-rate,portfolioValue,UNCLASSIFIED,prefix=¥
ja,working-capital,currentAssets,UNCLASSIFIED,prefix=¥
ja,working-capital,currentLiabilities,UNCLASSIFIED,prefix=¥
ja,youtube-revenue,youtubeRPM,MISMATCH,"輸入框用$,ja語言預期應為¥"
ko,0-percent-financing,purchasePrice,UNCLASSIFIED,prefix=₩
ko,0-percent-financing,downPayment,UNCLASSIFIED,prefix=₩
ko,401k-contribution,(全頁),EXCEPTION,"已知美國制度專屬工具,維持USD"
ko,alimony-calculator,payerIncome,UNCLASSIFIED,prefix=₩
ko,alimony-calculator,recipientIncome,UNCLASSIFIED,prefix=₩
ko,amazon-profit,selling_price,UNCLASSIFIED,prefix=₩
ko,amazon-profit,cogs,UNCLASSIFIED,prefix=₩
ko,amazon-profit,fba_fee,UNCLASSIFIED,prefix=₩
ko,annual-leave,dailyWage,UNCLASSIFIED,prefix=₩
ko,annuity-calculator,presentValue,UNCLASSIFIED,prefix=₩
ko,annuity-income,lumpSum,UNCLASSIFIED,prefix=₩
ko,appliance-energy,electricityRate,UNCLASSIFIED,prefix=₩
ko,apr-calculator,loanAmount,UNCLASSIFIED,prefix=₩
ko,apr-calculator,totalFees,UNCLASSIFIED,prefix=₩
ko,apr-calculator,processingFee,UNCLASSIFIED,prefix=₩
ko,asset-allocation,totalPortfolio,UNCLASSIFIED,prefix=₩
ko,atr-calculator,highPrice,UNCLASSIFIED,prefix=₩
ko,atr-calculator,lowPrice,UNCLASSIFIED,prefix=₩
ko,atr-calculator,closePrice,UNCLASSIFIED,prefix=₩
ko,average-down,(全頁),PLACEHOLDER,"技術分析/報價類工具,$為佔位符"
ko,balloon-payment,loanAmount,UNCLASSIFIED,prefix=₩
ko,balloon-payment,balloonAmount,UNCLASSIFIED,prefix=₩
ko,bollinger-bands,(全頁),PLACEHOLDER,"技術分析/報價類工具,$為佔位符"
ko,bond-yield,faceValue,UNCLASSIFIED,prefix=₩
ko,bond-yield,currentPrice,UNCLASSIFIED,prefix=₩
ko,bonus-tax,(全頁),EXCEPTION,"已知美國制度專屬工具,維持USD"
ko,break-even-units,fixedCosts,UNCLASSIFIED,prefix=₩
ko,break-even-units,pricePerUnit,UNCLASSIFIED,prefix=₩
ko,break-even-units,variableCostPerUnit,UNCLASSIFIED,prefix=₩
ko,break-even,fixed_costs,UNCLASSIFIED,prefix=₩
ko,break-even,price_per_unit,UNCLASSIFIED,prefix=₩
ko,break-even,variable_cost,UNCLASSIFIED,prefix=₩
ko,burn-rate-calculator,monthlyExpenses,UNCLASSIFIED,prefix=₩
ko,burn-rate-calculator,monthlyRevenue,UNCLASSIFIED,prefix=₩
ko,burn-rate-calculator,cashReserve,UNCLASSIFIED,prefix=₩
ko,business-exit-value,ebitda,UNCLASSIFIED,prefix=₩
ko,business-insurance,annualRevenue,UNCLASSIFIED,prefix=₩
ko,business-loan-calc,loanAmount,UNCLASSIFIED,prefix=₩
ko,cagr,beginning_value,MISMATCH,"輸入框用$,ko語言預期應為₩"
ko,cagr,ending_value,MISMATCH,"輸入框用$,ko語言預期應為₩"
ko,candlestick-identifier,(全頁),PLACEHOLDER,"技術分析/報價類工具,$為佔位符"
ko,cap-rate,netOperatingIncome,MISMATCH,"輸入框用$,ko語言預期應為₩"
ko,cap-rate,propertyValue,MISMATCH,"輸入框用$,ko語言預期應為₩"
ko,capital-gains-tax,(全頁),EXCEPTION,"已知美國制度專屬工具,維持USD"
ko,car-depreciation,purchasePrice,LOCALIZE,"使用美制單位(見同頁其他欄位),需換算當地貨幣+單位"
ko,car-depreciation,residualValue,LOCALIZE,"使用美制單位(見同頁其他欄位),需換算當地貨幣+單位"
ko,car-insurance-calc,vehicleValue,LOCALIZE,"使用美制單位(見同頁其他欄位),需換算當地貨幣+單位"
ko,car-insurance-estimate,vehicleValue,LOCALIZE,"使用美制單位(見同頁其他欄位),需換算當地貨幣+單位"
ko,car-lease-vs-buy,carPrice,LOCALIZE,"使用美制單位(見同頁其他欄位),需換算當地貨幣+單位"
ko,car-lease-vs-buy,downPayment,LOCALIZE,"使用美制單位(見同頁其他欄位),需換算當地貨幣+單位"
ko,car-lease-vs-buy,leaseMonthly,LOCALIZE,"使用美制單位(見同頁其他欄位),需換算當地貨幣+單位"
ko,car-lease-vs-buy,annualMaintenance,LOCALIZE,"使用美制單位(見同頁其他欄位),需換算當地貨幣+單位"
ko,car-lease-vs-buy,annualInsurance,LOCALIZE,"使用美制單位(見同頁其他欄位),需換算當地貨幣+單位"
ko,car-lease-vs-buy,annualRegistration,LOCALIZE,"使用美制單位(見同頁其他欄位),需換算當地貨幣+單位"
ko,car-lease-vs-buy,gasPrice,LOCALIZE,"使用美制單位(見同頁其他欄位),需換算當地貨幣+單位"
ko,car-loan,loanAmount,UNCLASSIFIED,prefix=₩
ko,car-loan,downPayment,UNCLASSIFIED,prefix=₩
ko,cash-on-cash,annualCashflow,MISMATCH,"輸入框用$,ko語言預期應為₩"
ko,cash-on-cash,cashInvested,MISMATCH,"輸入框用$,ko語言預期應為₩"
ko,catch-up-contribution,(全頁),EXCEPTION,"已知美國制度專屬工具,維持USD"
ko,child-support,payor_gross_income,UNCLASSIFIED,prefix=₩
ko,child-support,payee_gross_income,UNCLASSIFIED,prefix=₩
ko,child-support,annual_childcare_costs,UNCLASSIFIED,prefix=₩
ko,child-support,health_insurance_costs,UNCLASSIFIED,prefix=₩
ko,coast-fire-calc,fireNumber,MISMATCH,"輸入框用$,ko語言預期應為₩"
ko,coffee-ratio,customRatio,UNCLASSIFIED,prefix=1:
ko,college-savings,monthlyPayment,UNCLASSIFIED,prefix=₩
ko,college-savings,initialAmount,UNCLASSIFIED,prefix=₩
ko,commute-cost,fuelPrice,LOCALIZE,"使用美制單位(갤런당),需換算當地貨幣+單位"
ko,commute-cost,dailyTolls,LOCALIZE,"使用美制單位(見同頁其他欄位),需換算當地貨幣+單位"
ko,commute-cost,dailyParking,LOCALIZE,"使用美制單位(見同頁其他欄位),需換算當地貨幣+單位"
ko,commute-cost,vehiclePrice,LOCALIZE,"使用美制單位(見同頁其他欄位),需換算當地貨幣+單位"
ko,commute-cost,maintenanceAnnual,LOCALIZE,"使用美制單位(見同頁其他欄位),需換算當地貨幣+單位"
ko,commute-cost,insuranceAnnual,LOCALIZE,"使用美制單位(見同頁其他欄位),需換算當地貨幣+單位"
ko,company-registration,registration_fee,UNCLASSIFIED,prefix=₩
ko,company-registration,capital_duty,UNCLASSIFIED,prefix=₩
ko,company-registration,agent_fee,UNCLASSIFIED,prefix=₩
ko,compound-interest-debt,principal_amount,UNCLASSIFIED,prefix=₩
ko,compound-interest,principal,UNCLASSIFIED,prefix=₩
ko,cost-of-living,salaryCity1,UNCLASSIFIED,prefix=₩
ko,court-fee,claimAmount,UNCLASSIFIED,prefix=₩
ko,coverage-gap-finder,neededCoverage,UNCLASSIFIED,prefix=₩
ko,coverage-gap-finder,existingCoverage,UNCLASSIFIED,prefix=₩
ko,credit-card-payoff,creditCardBalance,MISMATCH,"輸入框用$,ko語言預期應為₩"
ko,credit-card-payoff,monthlyPayment,MISMATCH,"輸入框用$,ko語言預期應為₩"
ko,critical-illness-calc,annualMedicalCost,UNCLASSIFIED,prefix=₩
ko,critical-illness-calc,annualIncome,UNCLASSIFIED,prefix=₩
ko,critical-illness-calc,existingSavings,UNCLASSIFIED,prefix=₩
ko,customer-acquisition,marketing_spend,UNCLASSIFIED,prefix=₩
ko,customs-duty,cifValue,MISMATCH,"輸入框用$,ko語言預期應為₩"
ko,dca-calculator,totalInvested,MISMATCH,"輸入框用$,ko語言預期應為₩"
ko,dcf-calculator,yearOne,UNCLASSIFIED,prefix=₩
ko,dcf-calculator,yearTwo,UNCLASSIFIED,prefix=₩
ko,dcf-calculator,yearThree,UNCLASSIFIED,prefix=₩
ko,dcf-calculator,yearFour,UNCLASSIFIED,prefix=₩
ko,dcf-calculator,yearFive,UNCLASSIFIED,prefix=₩
ko,dcf-calculator,terminalValue,UNCLASSIFIED,prefix=₩
ko,dcf-calculator,netDebt,UNCLASSIFIED,prefix=₩
ko,debt-consolidation,debt1Amount,UNCLASSIFIED,prefix=₩
ko,debt-consolidation,debt2Amount,UNCLASSIFIED,prefix=₩
ko,debt-consolidation,debt3Amount,UNCLASSIFIED,prefix=₩
ko,debt-consolidation,consolidationFee,UNCLASSIFIED,prefix=₩
ko,debt-to-equity,totalDebt,UNCLASSIFIED,prefix=₩
ko,debt-to-equity,equity,UNCLASSIFIED,prefix=₩
ko,debt-to-income,monthlyDebt,UNCLASSIFIED,prefix=₩
ko,debt-to-income,grossIncome,UNCLASSIFIED,prefix=₩
ko,dental-cost-calculator,treatmentCost,UNCLASSIFIED,prefix=₩
ko,dental-cost-calculator,deductible,UNCLASSIFIED,prefix=₩
ko,dental-cost-calculator,deductibleMet,UNCLASSIFIED,prefix=₩
ko,dental-cost-calculator,annualMax,UNCLASSIFIED,prefix=₩
ko,dental-cost-calculator,benefitsUsed,UNCLASSIFIED,prefix=₩
ko,disability-insurance,annualIncome,UNCLASSIFIED,prefix=₩
ko,dividend-yield,(全頁),PLACEHOLDER,"技術分析/報價類工具,$為佔位符"
ko,down-payment,propertyPrice,MISMATCH,"輸入框用$,ko語言預期應為₩"
ko,dropship-margin,sellPrice,MISMATCH,"輸入框用$,ko語言預期應為₩"
ko,dropship-margin,supplierCost,MISMATCH,"輸入框用$,ko語言預期應為₩"
ko,dropship-margin,shippingCost,MISMATCH,"輸入框用$,ko語言預期應為₩"
ko,dropship-margin,adCost,MISMATCH,"輸入框用$,ko語言預期應為₩"
ko,ebitda-valuation,ebitda_value,MISMATCH,"輸入框用$,ko語言預期應為₩"
ko,effective-tax-rate,totalIncome,UNCLASSIFIED,prefix=₩
ko,effective-tax-rate,totalTax,UNCLASSIFIED,prefix=₩
ko,electricity-cost,rate_per_kwh,UNCLASSIFIED,prefix=₩
ko,email-roi,revenue_generated,UNCLASSIFIED,prefix=₩
ko,email-roi,email_cost,UNCLASSIFIED,prefix=₩
ko,employee-cost,annualSalary,UNCLASSIFIED,prefix=₩
ko,employee-cost,healthInsurance,UNCLASSIFIED,prefix=₩
ko,employee-cost,nationalInsurance,UNCLASSIFIED,prefix=₩
ko,employee-cost,pensionContribution,UNCLASSIFIED,prefix=₩
ko,employee-cost,otherBenefits,UNCLASSIFIED,prefix=₩
ko,eps-calculator,netIncome,UNCLASSIFIED,prefix=₩
ko,ev-charging-cost,electricity_rate,LOCALIZE,"使用美制單位(/kWh),需換算當地貨幣+單位"
ko,ev-vs-gas,evPrice,LOCALIZE,"使用美制單位(見同頁其他欄位),需換算當地貨幣+單位"
ko,ev-vs-gas,gasPrice,LOCALIZE,"使用美制單位(見同頁其他欄位),需換算當地貨幣+單位"
ko,ev-vs-gas,evTaxCredit,LOCALIZE,"使用美制單位(見同頁其他欄位),需換算當地貨幣+單位"
ko,ev-vs-gas,electricityRate,LOCALIZE,"使用美制單位(/kWh),需換算當地貨幣+單位"
ko,ev-vs-gas,gasPrice_input,LOCALIZE,"使用美制單位(/갤런),需換算當地貨幣+單位"
ko,ev-vs-gas,evMaintenance,LOCALIZE,"使用美制單位(見同頁其他欄位),需換算當地貨幣+單位"
ko,ev-vs-gas,gasMaintenance,LOCALIZE,"使用美制單位(見同頁其他欄位),需換算當地貨幣+單位"
ko,ev-vs-gas,evInsurance,LOCALIZE,"使用美制單位(見同頁其他欄位),需換算當地貨幣+單位"
ko,ev-vs-gas,gasInsurance,LOCALIZE,"使用美制單位(見同頁其他欄位),需換算當地貨幣+單位"
ko,ev-vs-gas,evRegistration,LOCALIZE,"使用美制單位(見同頁其他欄位),需換算當地貨幣+單位"
ko,ev-vs-gas,gasRegistration,LOCALIZE,"使用美制單位(見同頁其他欄位),需換算當地貨幣+單位"
ko,extra-payment,loanAmount,UNCLASSIFIED,prefix=₩
ko,extra-payment,extraPayment,UNCLASSIFIED,prefix=₩
ko,fba-fee-calculator,product_price,UNCLASSIFIED,prefix=₩
ko,fba-fee-calculator,monthly_storage,UNCLASSIFIED,prefix=₩
ko,fibonacci-retracement,(全頁),PLACEHOLDER,"技術分析/報價類工具,$為佔位符"
ko,fire-number-calc,annualExpenses,UNCLASSIFIED,prefix=₩
ko,food-cost,foodCost,UNCLASSIFIED,prefix=₩
ko,food-cost,sellingPrice,UNCLASSIFIED,prefix=₩
ko,forex-profit,pipValue,MISMATCH,"輸入框用$,ko語言預期應為₩"
ko,franchise-roi,franchiseRevenue,UNCLASSIFIED,prefix=₩
ko,franchise-roi,operatingCosts,UNCLASSIFIED,prefix=₩
ko,franchise-roi,staffCosts,UNCLASSIFIED,prefix=₩
ko,franchise-roi,royaltyFees,UNCLASSIFIED,prefix=₩
ko,franchise-roi,initialInvestment,UNCLASSIFIED,prefix=₩
ko,freelance-rate,annual_expenses,UNCLASSIFIED,prefix=₩
ko,freelance-rate,desired_profit,UNCLASSIFIED,prefix=₩
ko,freelancer-tax,annual_income,UNCLASSIFIED,prefix=₩
ko,freelancer-tax,business_expenses,UNCLASSIFIED,prefix=₩
ko,fsa-savings-calc,(全頁),EXCEPTION,"已知美國制度專屬工具,維持USD"
ko,fuel-cost,fuelPrice,LOCALIZE,"使用美制單位(見同頁其他欄位),需換算當地貨幣+單位"
ko,future-value,presentValue,UNCLASSIFIED,prefix=₩
ko,gas-bill,ratePerUnit,UNCLASSIFIED,prefix=₩
ko,gas-bill,standingCharge,UNCLASSIFIED,prefix=₩
ko,gdpr-fine,annual_revenue,MISMATCH,"輸入框用€,ko語言預期應為₩"
ko,gross-profit-margin,revenue,UNCLASSIFIED,prefix=₩
ko,gross-profit-margin,cogs,UNCLASSIFIED,prefix=₩
ko,health-deductible-calc,deductibleAmount,UNCLASSIFIED,prefix=₩
ko,health-deductible-calc,amountSpent,UNCLASSIFIED,prefix=₩
ko,health-insurance-estimate,annualDeductible,MISMATCH,"輸入框用$,ko語言預期應為₩"
ko,health-insurance-estimate,estimatedAnnualMedicalCosts,MISMATCH,"輸入框用$,ko語言預期應為₩"
ko,heloc-vs-personal-loan,loanAmount,UNCLASSIFIED,prefix=₩
ko,home-affordability,annualIncome,UNCLASSIFIED,prefix=₩
ko,home-affordability,monthlyDebts,UNCLASSIFIED,prefix=₩
ko,home-energy-audit,electricity_rate,UNCLASSIFIED,prefix=₩
ko,home-energy-audit,gas_rate,UNCLASSIFIED,prefix=₩
ko,home-equity,marketValue,UNCLASSIFIED,prefix=₩
ko,home-equity,mortgageBalance,UNCLASSIFIED,prefix=₩
ko,home-insurance-calc,homeValue,UNCLASSIFIED,prefix=₩
ko,home-mortgage,loanAmount,MISMATCH,"輸入框用$,ko語言預期應為₩"
ko,home-mortgage,downPayment,MISMATCH,"輸入框用$,ko語言預期應為₩"
ko,home-mortgage,propertyTax,MISMATCH,"輸入框用$,ko語言預期應為₩"
ko,home-mortgage,homeInsurance,MISMATCH,"輸入框用$,ko語言預期應為₩"
ko,home-mortgage,pmi,MISMATCH,"輸入框用$,ko語言預期應為₩"
ko,hsa-contribution-calc,(全頁),EXCEPTION,"已知美國制度專屬工具,維持USD"
ko,income-replacement,monthlyIncome,UNCLASSIFIED,prefix=₩
ko,income-tax,(全頁),EXCEPTION,"已知美國制度專屬工具,維持USD"
ko,inflation,presentValue,UNCLASSIFIED,prefix=₩
ko,insulation-calculator,insulationCost,MISMATCH,"輸入框用$,ko語言預期應為₩"
ko,insurance-premium-compare,annualPremium,UNCLASSIFIED,prefix=₩
ko,insurance-premium-compare,monthlyPremium,UNCLASSIFIED,prefix=₩
ko,insurance-premium-compare,singlePremium,UNCLASSIFIED,prefix=₩
ko,intrinsic-value,epsInput,MISMATCH,"輸入框用$,ko語言預期應為₩"
ko,inventory-turnover,costOfGoodsSold,UNCLASSIFIED,prefix=₩
ko,inventory-turnover,beginningInventory,UNCLASSIFIED,prefix=₩
ko,inventory-turnover,endingInventory,UNCLASSIFIED,prefix=₩
ko,irr-calculator,initialInvestment,UNCLASSIFIED,prefix=₩
ko,irr-calculator,year1CashFlow,UNCLASSIFIED,prefix=₩
ko,irr-calculator,year2CashFlow,UNCLASSIFIED,prefix=₩
ko,irr-calculator,year3CashFlow,UNCLASSIFIED,prefix=₩
ko,irr-calculator,year4CashFlow,UNCLASSIFIED,prefix=₩
ko,irr-calculator,year5CashFlow,UNCLASSIFIED,prefix=₩
ko,ivf-cost-calculator,costPerCycle,UNCLASSIFIED,prefix=₩
ko,ivf-cost-calculator,additionalCosts,UNCLASSIFIED,prefix=₩
ko,kelly-criterion,bankroll,UNCLASSIFIED,prefix=₩
ko,landed-cost,productPrice,MISMATCH,"輸入框用$,ko語言預期應為₩"
ko,landed-cost,shippingCost,MISMATCH,"輸入框用$,ko語言預期應為₩"
ko,landed-cost,importDuty,MISMATCH,"輸入框用$,ko語言預期應為₩"
ko,landed-cost,insuranceCost,MISMATCH,"輸入框用$,ko語言預期應為₩"
ko,landed-cost,additionalCosts,MISMATCH,"輸入框用$,ko語言預期應為₩"
ko,lasik-cost-calculator,cost_per_eye,UNCLASSIFIED,prefix=₩
ko,late-payment-interest,principalAmount,UNCLASSIFIED,prefix=₩
ko,lawyer-fee,hourly_rate,UNCLASSIFIED,prefix=₩
ko,led-savings,electricity_rate,UNCLASSIFIED,prefix=₩
ko,legal-interest,principal_amount,UNCLASSIFIED,prefix=₩
ko,liability-insurance,netWorth,UNCLASSIFIED,prefix=₩
ko,life-insurance-calc,annual_income,UNCLASSIFIED,prefix=₩
ko,life-insurance-calc,outstanding_debt,UNCLASSIFIED,prefix=₩
ko,life-insurance-needs,totalDebt,UNCLASSIFIED,prefix=₩
ko,life-insurance-needs,annualIncome,UNCLASSIFIED,prefix=₩
ko,life-insurance-needs,mortgageBalance,UNCLASSIFIED,prefix=₩
ko,life-insurance-needs,educationCosts,UNCLASSIFIED,prefix=₩
ko,life-insurance-needs,currentSavings,UNCLASSIFIED,prefix=₩
ko,loan-affordability,annualIncome,UNCLASSIFIED,prefix=₩
ko,loan-comparison,loanAmount1,UNCLASSIFIED,prefix=₩
ko,loan-comparison,loanAmount2,UNCLASSIFIED,prefix=₩
ko,loan-vs-lease,vehiclePrice,LOCALIZE,"使用美制單位(見同頁其他欄位),需換算當地貨幣+單位"
ko,loan-vs-lease,downPayment,LOCALIZE,"使用美制單位(見同頁其他欄位),需換算當地貨幣+單位"
ko,loan-vs-lease,residualValue,LOCALIZE,"使用美制單位(見同頁其他欄位),需換算當地貨幣+單位"
ko,loan-vs-lease,annualMaintenance,LOCALIZE,"使用美制單位(見同頁其他欄位),需換算當地貨幣+單位"
ko,loan-vs-lease,annualInsurance,LOCALIZE,"使用美制單位(見同頁其他欄位),需換算當地貨幣+單位"
ko,loan-vs-lease,annualRegistration,LOCALIZE,"使用美制單位(見同頁其他欄位),需換算當地貨幣+單位"
ko,loan-vs-lease,leaseMonthlyPayment,LOCALIZE,"使用美制單位(見同頁其他欄位),需換算當地貨幣+單位"
ko,loan-vs-lease,leaseInsurance,LOCALIZE,"使用美制單位(見同頁其他欄位),需換算當地貨幣+單位"
ko,loan-vs-lease,leaseAcquisitionFee,LOCALIZE,"使用美制單位(見同頁其他欄位),需換算當地貨幣+單位"
ko,loan-vs-lease,leaseDispositionFee,LOCALIZE,"使用美制單位(見同頁其他欄位),需換算當地貨幣+單位"
ko,loan-vs-lease,mileageOverageCharge,LOCALIZE,"使用美制單位(/마일),需換算當地貨幣+單位"
ko,long-term-care,dailyCost,MISMATCH,"輸入框用$,ko語言預期應為₩"
ko,ltv-calculator,arpu,UNCLASSIFIED,prefix=₩
ko,macd-calculator,(全頁),PLACEHOLDER,"技術分析/報價類工具,$為佔位符"
ko,margin-calculator,assetPrice,MISMATCH,"輸入框用$,內文卻出現₩"
ko,medical-cost-estimator,procedureCost,UNCLASSIFIED,prefix=₩
ko,medical-cost-estimator,deductible,UNCLASSIFIED,prefix=₩
ko,medical-cost-estimator,copay,UNCLASSIFIED,prefix=₩
ko,medical-tourism-saving,localCost,MISMATCH,"輸入框用$,ko語言預期應為₩"
ko,medical-tourism-saving,destinationCost,MISMATCH,"輸入框用$,ko語言預期應為₩"
ko,medical-tourism-saving,travelCost,MISMATCH,"輸入框用$,ko語言預期應為₩"
ko,medication-cost-compare,brandPrice,UNCLASSIFIED,prefix=₩
ko,medication-cost-compare,genericPrice,UNCLASSIFIED,prefix=₩
ko,meeting-cost,avg_hourly_rate,UNCLASSIFIED,prefix=₩
ko,mortgage-refinance,currentLoanAmount,MISMATCH,"輸入框用$,ko語言預期應為₩"
ko,mortgage-refinance,refinancingCosts,MISMATCH,"輸入框用$,ko語言預期應為₩"
ko,mortgage,loanAmount,UNCLASSIFIED,prefix=₩
ko,mrr-calculator,arpu,MISMATCH,"輸入框用$,ko語言預期應為₩"
ko,net-profit-margin,netIncome,UNCLASSIFIED,prefix=₩
ko,net-profit-margin,revenue,UNCLASSIFIED,prefix=₩
ko,nursing-home-cost,monthlyNursingCost,MISMATCH,"輸入框用$,ko語言預期應為₩"
ko,nursing-home-cost,additionalMonthlyExpenses,MISMATCH,"輸入框用$,ko語言預期應為₩"
ko,nursing-home-cost,initialAdmissionFee,MISMATCH,"輸入框用$,ko語言預期應為₩"
ko,oop-maximum-calc,maximumAmount,MISMATCH,"輸入框用$,ko語言預期應為₩"
ko,oop-maximum-calc,amountPaid,MISMATCH,"輸入框用$,ko語言預期應為₩"
ko,options-profit,spotPrice,UNCLASSIFIED,prefix=₩
ko,options-profit,strikePrice,UNCLASSIFIED,prefix=₩
ko,options-profit,premium,UNCLASSIFIED,prefix=₩
ko,overtime-calculator,hourlyRate,UNCLASSIFIED,prefix=₩
ko,parking-cost,hourlyRate,UNCLASSIFIED,prefix=₩
ko,parking-cost,dailyRate,UNCLASSIFIED,prefix=₩
ko,patent-cost,filingFee,UNCLASSIFIED,prefix=₩
ko,patent-cost,examinationFee,UNCLASSIFIED,prefix=₩
ko,patent-cost,maintenanceFeeThreeYear,UNCLASSIFIED,prefix=₩
ko,patent-cost,maintenanceFeeSevenYear,UNCLASSIFIED,prefix=₩
ko,patent-cost,maintenanceFeeSixteenYear,UNCLASSIFIED,prefix=₩
ko,patent-cost,attorneyFees,UNCLASSIFIED,prefix=₩
ko,payback-period,initialInvestment,UNCLASSIFIED,prefix=₩
ko,payback-period,annualCashflow,UNCLASSIFIED,prefix=₩
ko,payday-loan-cost,loanPrincipal,MISMATCH,"輸入框用$,ko語言預期應為₩"
ko,payday-loan-cost,loanFee,MISMATCH,"輸入框用$,ko語言預期應為₩"
ko,payroll-tax,(全頁),EXCEPTION,"已知美國制度專屬工具,維持USD"
ko,pb-ratio,stockPrice,MISMATCH,"輸入框用$,ko語言預期應為₩"
ko,pb-ratio,bookValue,MISMATCH,"輸入框用$,ko語言預期應為₩"
ko,pe-ratio,stockPrice,UNCLASSIFIED,prefix=₩
ko,pe-ratio,earningsPerShare,UNCLASSIFIED,prefix=₩
ko,penalty-interest,principal_amount,UNCLASSIFIED,prefix=₩
ko,pension-vs-lump-sum,pensionMonthly,UNCLASSIFIED,prefix=₩
ko,pension-vs-lump-sum,lumpSumAmount,UNCLASSIFIED,prefix=₩
ko,personal-loan-calc,loanAmount,UNCLASSIFIED,prefix=₩
ko,pet-insurance-calc,deductible,UNCLASSIFIED,prefix=₩
ko,pivot-point,(全頁),PLACEHOLDER,"技術分析/報價類工具,$為佔位符"
ko,position-size,accountBalance,MISMATCH,"輸入框用$,ko語言預期應為₩"
ko,position-size,entryPrice,MISMATCH,"輸入框用$,ko語言預期應為₩"
ko,position-size,stopLossPrice,MISMATCH,"輸入框用$,ko語言預期應為₩"
ko,premium-vs-hdhp,lowPremiumMonthly,MISMATCH,"輸入框用$,ko語言預期應為₩"
ko,premium-vs-hdhp,lowPremiumDeductible,MISMATCH,"輸入框用$,ko語言預期應為₩"
ko,premium-vs-hdhp,lowPremiumOopMax,MISMATCH,"輸入框用$,ko語言預期應為₩"
ko,premium-vs-hdhp,lowPremiumExpectedOop,MISMATCH,"輸入框用$,ko語言預期應為₩"
ko,premium-vs-hdhp,hdhpMonthly,MISMATCH,"輸入框用$,ko語言預期應為₩"
ko,premium-vs-hdhp,hdhpDeductible,MISMATCH,"輸入框用$,ko語言預期應為₩"
ko,premium-vs-hdhp,hdhpOopMax,MISMATCH,"輸入框用$,ko語言預期應為₩"
ko,premium-vs-hdhp,hdhpExpectedOop,MISMATCH,"輸入框用$,ko語言預期應為₩"
ko,premium-vs-hdhp,hdhpContribution,MISMATCH,"輸入框用$,ko語言預期應為₩"
ko,present-value,futureValue,UNCLASSIFIED,prefix=₩
ko,pricing-calculator,productCost,UNCLASSIFIED,prefix=₩
ko,pricing-calculator,additionalFees,UNCLASSIFIED,prefix=₩
ko,property-tax,propertyValue,UNCLASSIFIED,prefix=₩
ko,property-tax,exemptions,UNCLASSIFIED,prefix=₩
ko,property-tax,creditAmount,UNCLASSIFIED,prefix=₩
ko,refinance-break-even,closingCosts,MISMATCH,"輸入框用$,ko語言預期應為₩"
ko,refinance-break-even,monthlySavings,MISMATCH,"輸入框用$,ko語言預期應為₩"
ko,rehab-cost-estimator,dailyRate,UNCLASSIFIED,prefix=₩
ko,renovation-cost,localRate,MISMATCH,"輸入框用$,ko語言預期應為₩"
ko,rent-vs-buy,propertyPrice,UNCLASSIFIED,prefix=₩
ko,rent-vs-buy,monthlyRent,UNCLASSIFIED,prefix=₩
ko,rent-vs-buy,propertyTaxRate,TYPO,"百分比欄位卻標記₩,應為%"
ko,rental-income-tax,annualRentalIncome,MISMATCH,"輸入框用$,ko語言預期應為₩"
ko,rental-income-tax,mortgageInterest,MISMATCH,"輸入框用$,ko語言預期應為₩"
ko,rental-income-tax,propertyTaxes,MISMATCH,"輸入框用$,ko語言預期應為₩"
ko,rental-income-tax,utilities,MISMATCH,"輸入框用$,ko語言預期應為₩"
ko,rental-income-tax,maintenance,MISMATCH,"輸入框用$,ko語言預期應為₩"
ko,rental-income-tax,insurance,MISMATCH,"輸入框用$,ko語言預期應為₩"
ko,rental-income-tax,managementFees,MISMATCH,"輸入框用$,ko語言預期應為₩"
ko,rental-income-tax,advertising,MISMATCH,"輸入框用$,ko語言預期應為₩"
ko,rental-income-tax,otherExpenses,MISMATCH,"輸入框用$,ko語言預期應為₩"
ko,rental-income-tax,propertyValue,MISMATCH,"輸入框用$,ko語言預期應為₩"
ko,rental-yield,annualRent,UNCLASSIFIED,prefix=₩
ko,rental-yield,propertyPrice,UNCLASSIFIED,prefix=₩
ko,renters-insurance,belongingsValue,UNCLASSIFIED,prefix=₩
ko,renters-insurance,deductible,UNCLASSIFIED,prefix=₩
ko,renters-insurance,liabilityLimit,UNCLASSIFIED,prefix=₩
ko,required-minimum-dist,accountBalance,MISMATCH,"輸入框用$,ko語言預期應為₩"
ko,retirement-income-need,currentAnnualExpenses,UNCLASSIFIED,prefix=₩
ko,retirement-savings-gap,currentSavings,UNCLASSIFIED,prefix=₩
ko,retirement-savings-gap,annualContribution,UNCLASSIFIED,prefix=₩
ko,retirement-savings-gap,retirementGoal,UNCLASSIFIED,prefix=₩
ko,retirement,monthlyContribution,UNCLASSIFIED,prefix=₩
ko,retirement,currentSavings,UNCLASSIFIED,prefix=₩
ko,risk-reward,entryPrice,UNCLASSIFIED,prefix=₩
ko,risk-reward,stopPrice,UNCLASSIFIED,prefix=₩
ko,risk-reward,targetPrice,UNCLASSIFIED,prefix=₩
ko,roas-calculator,revenue,UNCLASSIFIED,prefix=₩
ko,roas-calculator,adSpend,UNCLASSIFIED,prefix=₩
ko,roi-calculator,gainAmount,UNCLASSIFIED,prefix=₩
ko,roi-calculator,costAmount,UNCLASSIFIED,prefix=₩
ko,roi-of-insurance,benefitAmount,UNCLASSIFIED,prefix=₩
ko,roi-of-insurance,premiumCost,UNCLASSIFIED,prefix=₩
ko,roth-vs-traditional,(全頁),EXCEPTION,"已知美國制度專屬工具,維持USD"
ko,rsi-calculator,(全頁),PLACEHOLDER,"技術分析/報價類工具,$為佔位符"
ko,runway-calculator,cashAmount,UNCLASSIFIED,prefix=₩
ko,runway-calculator,monthlyBurnRate,UNCLASSIFIED,prefix=₩
ko,saas-ltv-cac,monthlyARR,UNCLASSIFIED,prefix=₩
ko,saas-ltv-cac,cacCost,UNCLASSIFIED,prefix=₩
ko,salary-raise,currentSalary,UNCLASSIFIED,prefix=₩
ko,salary-to-hourly,annual_salary,UNCLASSIFIED,prefix=₩
ko,sales-commission,salesAmount,MISMATCH,"輸入框用$,ko語言預期應為₩"
ko,sales-commission,tier1Limit,MISMATCH,"輸入框用$,ko語言預期應為₩"
ko,sales-commission,tier2Limit,MISMATCH,"輸入框用$,ko語言預期應為₩"
ko,scholarship-calculator,annual_tuition,UNCLASSIFIED,prefix=₩
ko,scholarship-calculator,scholarship_amount,UNCLASSIFIED,prefix=₩
ko,scholarship-calculator,grants_amount,UNCLASSIFIED,prefix=₩
ko,severance-calculator,monthlyBaseSalary,MISMATCH,"輸入框用NT$,ko語言預期應為₩"
ko,severance-calculator,bonusesAnnual,MISMATCH,"輸入框用NT$,ko語言預期應為₩"
ko,shipping-cost,shipping_rate,UNCLASSIFIED,prefix=₩
ko,shopee-profit,productRevenue,MISMATCH,"輸入框用$,ko語言預期應為₩"
ko,shopee-profit,shippingCost,MISMATCH,"輸入框用$,ko語言預期應為₩"
ko,shopee-profit,productCOGS,MISMATCH,"輸入框用$,ko語言預期應為₩"
ko,simple-interest,principal,UNCLASSIFIED,prefix=₩
ko,solar-roi,systemCost,UNCLASSIFIED,prefix=₩
ko,solar-roi,annualSavings,UNCLASSIFIED,prefix=₩
ko,solar-roi,maintenanceCost,UNCLASSIFIED,prefix=₩
ko,stamp-duty,propertyPrice,MISMATCH,"輸入框用£,內文卻出現₩"
ko,startup-cost-estimator,oneTimeCosts,UNCLASSIFIED,prefix=₩
ko,startup-cost-estimator,monthlyOperatingCosts,UNCLASSIFIED,prefix=₩
ko,startup-valuation,annualRevenue,UNCLASSIFIED,prefix=₩
ko,stock-gain-loss,(全頁),PLACEHOLDER,"技術分析/報價類工具,$為佔位符"
ko,stock-split,(全頁),PLACEHOLDER,"技術分析/報價類工具,$為佔位符"
ko,stop-loss,entryPrice,UNCLASSIFIED,prefix=₩
ko,stop-loss,stopLossPrice,UNCLASSIFIED,prefix=₩
ko,student-loan-refi,currentLoanBalance,MISMATCH,"輸入框用$,ko語言預期應為₩"
ko,student-loan-refi,refinanceFees,MISMATCH,"輸入框用$,ko語言預期應為₩"
ko,student-loan,loanAmount,UNCLASSIFIED,prefix=₩
ko,support-resistance,(全頁),PLACEHOLDER,"技術分析/報價類工具,$為佔位符"
ko,surgery-cost-estimator,procedureBaseCost,MISMATCH,"輸入框用$,ko語言預期應為₩"
ko,take-home-pay,(全頁),EXCEPTION,"已知美國制度專屬工具,維持USD"
ko,term-vs-whole-life,termPremium,UNCLASSIFIED,prefix=₩
ko,term-vs-whole-life,wholePremium,UNCLASSIFIED,prefix=₩
ko,term-vs-whole-life,deathBenefit,UNCLASSIFIED,prefix=₩
ko,term-vs-whole-life,wholeLifeCashValue,UNCLASSIFIED,prefix=₩
ko,therapy-cost-calc,sessionRate,UNCLASSIFIED,prefix=₩
ko,therapy-cost-calc,insuranceCoverage,UNCLASSIFIED,prefix=₩
ko,therapy-cost-calc,copayPerSession,UNCLASSIFIED,prefix=₩
ko,tip-calculator,billAmount,MISMATCH,"輸入框用$,ko語言預期應為₩"
ko,trademark-fee,feePerClass,MISMATCH,"輸入框用$,ko語言預期應為₩"
ko,trademark-fee,additionalClassFee,MISMATCH,"輸入框用$,ko語言預期應為₩"
ko,trading-fee,tradeAmount,MISMATCH,"輸入框用$,ko語言預期應為₩"
ko,travel-insurance-calc,tripCost,UNCLASSIFIED,prefix=₩
ko,trip-fuel,fuelPrice,LOCALIZE,"使用美制單位(갤런당),需換算當地貨幣+單位"
ko,tuition-cost,annualTuition,UNCLASSIFIED,prefix=₩
ko,tuition-cost,annualHousing,UNCLASSIFIED,prefix=₩
ko,tuition-cost,annualBooks,UNCLASSIFIED,prefix=₩
ko,umbrella-insurance,netWorth,UNCLASSIFIED,prefix=₩
ko,umbrella-insurance,existingCoverage,UNCLASSIFIED,prefix=₩
ko,umbrella-insurance,annualIncome,UNCLASSIFIED,prefix=₩
ko,valuation-calculator,annualRevenue,UNCLASSIFIED,prefix=₩
ko,valuation-calculator,netIncome,UNCLASSIFIED,prefix=₩
ko,vat-calculator,netPrice,UNCLASSIFIED,prefix=₩
ko,water-bill,tier1Rate,UNCLASSIFIED,prefix=₩
ko,water-bill,tier2Rate,UNCLASSIFIED,prefix=₩
ko,water-bill,tier3Rate,UNCLASSIFIED,prefix=₩
ko,water-bill,fixedCharge,UNCLASSIFIED,prefix=₩
ko,withdrawal-rate,portfolioValue,MISMATCH,"輸入框用$,ko語言預期應為₩"
ko,working-capital,currentAssets,UNCLASSIFIED,prefix=₩
ko,working-capital,currentLiabilities,UNCLASSIFIED,prefix=₩
ko,youtube-revenue,youtubeRPM,MISMATCH,"輸入框用$,ko語言預期應為₩"
de,0-percent-financing,purchasePrice,UNCLASSIFIED,prefix=€
de,0-percent-financing,downPayment,UNCLASSIFIED,prefix=€
de,401k-contribution,(全頁),EXCEPTION,"已知美國制度專屬工具,維持USD"
de,alimony-calculator,payerIncome,UNCLASSIFIED,prefix=€
de,alimony-calculator,recipientIncome,UNCLASSIFIED,prefix=€
de,amazon-profit,selling_price,UNCLASSIFIED,prefix=€
de,amazon-profit,cogs,UNCLASSIFIED,prefix=€
de,amazon-profit,fba_fee,UNCLASSIFIED,prefix=€
de,annual-leave,dailyWage,UNCLASSIFIED,prefix=€
de,annuity-calculator,presentValue,UNCLASSIFIED,prefix=€
de,annuity-income,lumpSum,UNCLASSIFIED,prefix=€
de,appliance-energy,electricityRate,UNCLASSIFIED,prefix=€
de,apr-calculator,loanAmount,UNCLASSIFIED,prefix=€
de,apr-calculator,totalFees,UNCLASSIFIED,prefix=€
de,apr-calculator,processingFee,UNCLASSIFIED,prefix=€
de,asset-allocation,totalPortfolio,UNCLASSIFIED,prefix=€
de,atr-calculator,highPrice,UNCLASSIFIED,prefix=€
de,atr-calculator,lowPrice,UNCLASSIFIED,prefix=€
de,atr-calculator,closePrice,UNCLASSIFIED,prefix=€
de,average-down,(全頁),PLACEHOLDER,"技術分析/報價類工具,$為佔位符"
de,balloon-payment,loanAmount,UNCLASSIFIED,prefix=€
de,balloon-payment,balloonAmount,UNCLASSIFIED,prefix=€
de,bollinger-bands,(全頁),PLACEHOLDER,"技術分析/報價類工具,$為佔位符"
de,bond-yield,faceValue,UNCLASSIFIED,prefix=€
de,bond-yield,currentPrice,UNCLASSIFIED,prefix=€
de,bonus-tax,(全頁),EXCEPTION,"已知美國制度專屬工具,維持USD"
de,break-even-units,fixedCosts,UNCLASSIFIED,prefix=€
de,break-even-units,pricePerUnit,UNCLASSIFIED,prefix=€
de,break-even-units,variableCostPerUnit,UNCLASSIFIED,prefix=€
de,break-even,fixed_costs,UNCLASSIFIED,prefix=€
de,break-even,price_per_unit,UNCLASSIFIED,prefix=€
de,break-even,variable_cost,UNCLASSIFIED,prefix=€
de,burn-rate-calculator,monthlyExpenses,UNCLASSIFIED,prefix=€
de,burn-rate-calculator,monthlyRevenue,UNCLASSIFIED,prefix=€
de,burn-rate-calculator,cashReserve,UNCLASSIFIED,prefix=€
de,business-exit-value,ebitda,UNCLASSIFIED,prefix=€
de,business-insurance,annualRevenue,UNCLASSIFIED,prefix=€
de,business-loan-calc,loanAmount,UNCLASSIFIED,prefix=€
de,cagr,beginning_value,UNCLASSIFIED,prefix=€
de,cagr,ending_value,UNCLASSIFIED,prefix=€
de,candlestick-identifier,(全頁),PLACEHOLDER,"技術分析/報價類工具,$為佔位符"
de,cap-rate,netOperatingIncome,MISMATCH,"輸入框用$,de語言預期應為€"
de,cap-rate,propertyValue,MISMATCH,"輸入框用$,de語言預期應為€"
de,capital-gains-tax,(全頁),EXCEPTION,"已知美國制度專屬工具,維持USD"
de,car-depreciation,purchasePrice,LOCALIZE,"使用美制單位(見同頁其他欄位),需換算當地貨幣+單位"
de,car-depreciation,residualValue,LOCALIZE,"使用美制單位(見同頁其他欄位),需換算當地貨幣+單位"
de,car-insurance-calc,vehicleValue,LOCALIZE,"使用美制單位(見同頁其他欄位),需換算當地貨幣+單位"
de,car-insurance-estimate,vehicleValue,LOCALIZE,"使用美制單位(見同頁其他欄位),需換算當地貨幣+單位"
de,car-lease-vs-buy,carPrice,LOCALIZE,"使用美制單位(見同頁其他欄位),需換算當地貨幣+單位"
de,car-lease-vs-buy,downPayment,LOCALIZE,"使用美制單位(見同頁其他欄位),需換算當地貨幣+單位"
de,car-lease-vs-buy,leaseMonthly,LOCALIZE,"使用美制單位(見同頁其他欄位),需換算當地貨幣+單位"
de,car-lease-vs-buy,annualMaintenance,LOCALIZE,"使用美制單位(見同頁其他欄位),需換算當地貨幣+單位"
de,car-lease-vs-buy,annualInsurance,LOCALIZE,"使用美制單位(見同頁其他欄位),需換算當地貨幣+單位"
de,car-lease-vs-buy,annualRegistration,LOCALIZE,"使用美制單位(見同頁其他欄位),需換算當地貨幣+單位"
de,car-lease-vs-buy,gasPrice,LOCALIZE,"使用美制單位(見同頁其他欄位),需換算當地貨幣+單位"
de,car-loan,loanAmount,UNCLASSIFIED,prefix=€
de,car-loan,downPayment,UNCLASSIFIED,prefix=€
de,cash-on-cash,annualCashflow,UNCLASSIFIED,prefix=€
de,cash-on-cash,cashInvested,UNCLASSIFIED,prefix=€
de,catch-up-contribution,(全頁),EXCEPTION,"已知美國制度專屬工具,維持USD"
de,child-support,payor_gross_income,UNCLASSIFIED,prefix=€
de,child-support,payee_gross_income,UNCLASSIFIED,prefix=€
de,child-support,annual_childcare_costs,UNCLASSIFIED,prefix=€
de,child-support,health_insurance_costs,UNCLASSIFIED,prefix=€
de,coast-fire-calc,fireNumber,UNCLASSIFIED,prefix=€
de,coffee-ratio,customRatio,UNCLASSIFIED,prefix=1:
de,college-savings,monthlyPayment,UNCLASSIFIED,prefix=€
de,college-savings,initialAmount,UNCLASSIFIED,prefix=€
de,commute-cost,fuelPrice,LOCALIZE,"使用美制單位(km/Liter),需換算當地貨幣+單位"
de,commute-cost,dailyTolls,LOCALIZE,"使用美制單位(見同頁其他欄位),需換算當地貨幣+單位"
de,commute-cost,dailyParking,LOCALIZE,"使用美制單位(見同頁其他欄位),需換算當地貨幣+單位"
de,commute-cost,vehiclePrice,LOCALIZE,"使用美制單位(見同頁其他欄位),需換算當地貨幣+單位"
de,commute-cost,maintenanceAnnual,LOCALIZE,"使用美制單位(見同頁其他欄位),需換算當地貨幣+單位"
de,commute-cost,insuranceAnnual,LOCALIZE,"使用美制單位(見同頁其他欄位),需換算當地貨幣+單位"
de,company-registration,registration_fee,UNCLASSIFIED,prefix=€
de,company-registration,capital_duty,UNCLASSIFIED,prefix=€
de,company-registration,agent_fee,UNCLASSIFIED,prefix=€
de,compound-interest-debt,principal_amount,UNCLASSIFIED,prefix=€
de,compound-interest,principal,UNCLASSIFIED,prefix=€
de,cost-of-living,salaryCity1,UNCLASSIFIED,prefix=€
de,court-fee,claimAmount,UNCLASSIFIED,prefix=€
de,coverage-gap-finder,neededCoverage,UNCLASSIFIED,prefix=€
de,coverage-gap-finder,existingCoverage,UNCLASSIFIED,prefix=€
de,credit-card-payoff,creditCardBalance,UNCLASSIFIED,prefix=€
de,credit-card-payoff,monthlyPayment,UNCLASSIFIED,prefix=€
de,critical-illness-calc,annualMedicalCost,UNCLASSIFIED,prefix=€
de,critical-illness-calc,annualIncome,UNCLASSIFIED,prefix=€
de,critical-illness-calc,existingSavings,UNCLASSIFIED,prefix=€
de,customer-acquisition,marketing_spend,UNCLASSIFIED,prefix=€
de,customs-duty,cifValue,MISMATCH,"輸入框用$,de語言預期應為€"
de,dca-calculator,totalInvested,UNCLASSIFIED,prefix=€
de,dcf-calculator,yearOne,UNCLASSIFIED,prefix=€
de,dcf-calculator,yearTwo,UNCLASSIFIED,prefix=€
de,dcf-calculator,yearThree,UNCLASSIFIED,prefix=€
de,dcf-calculator,yearFour,UNCLASSIFIED,prefix=€
de,dcf-calculator,yearFive,UNCLASSIFIED,prefix=€
de,dcf-calculator,terminalValue,UNCLASSIFIED,prefix=€
de,dcf-calculator,netDebt,UNCLASSIFIED,prefix=€
de,debt-consolidation,debt1Amount,UNCLASSIFIED,prefix=€
de,debt-consolidation,debt2Amount,UNCLASSIFIED,prefix=€
de,debt-consolidation,debt3Amount,UNCLASSIFIED,prefix=€
de,debt-consolidation,consolidationFee,UNCLASSIFIED,prefix=€
de,debt-to-equity,totalDebt,UNCLASSIFIED,prefix=€
de,debt-to-equity,equity,UNCLASSIFIED,prefix=€
de,debt-to-income,monthlyDebt,UNCLASSIFIED,prefix=€
de,debt-to-income,grossIncome,UNCLASSIFIED,prefix=€
de,dental-cost-calculator,treatmentCost,UNCLASSIFIED,prefix=€
de,dental-cost-calculator,deductible,UNCLASSIFIED,prefix=€
de,dental-cost-calculator,deductibleMet,UNCLASSIFIED,prefix=€
de,dental-cost-calculator,annualMax,UNCLASSIFIED,prefix=€
de,dental-cost-calculator,benefitsUsed,UNCLASSIFIED,prefix=€
de,disability-insurance,annualIncome,UNCLASSIFIED,prefix=€
de,dividend-yield,(全頁),PLACEHOLDER,"技術分析/報價類工具,$為佔位符"
de,down-payment,propertyPrice,UNCLASSIFIED,prefix=€
de,dropship-margin,sellPrice,UNCLASSIFIED,prefix=€
de,dropship-margin,supplierCost,UNCLASSIFIED,prefix=€
de,dropship-margin,shippingCost,UNCLASSIFIED,prefix=€
de,dropship-margin,adCost,UNCLASSIFIED,prefix=€
de,ebitda-valuation,ebitda_value,UNCLASSIFIED,prefix=€
de,effective-tax-rate,totalIncome,UNCLASSIFIED,prefix=€
de,effective-tax-rate,totalTax,UNCLASSIFIED,prefix=€
de,electricity-cost,rate_per_kwh,UNCLASSIFIED,prefix=€
de,email-roi,revenue_generated,UNCLASSIFIED,prefix=€
de,email-roi,email_cost,UNCLASSIFIED,prefix=€
de,employee-cost,annualSalary,UNCLASSIFIED,prefix=€
de,employee-cost,healthInsurance,UNCLASSIFIED,prefix=€
de,employee-cost,nationalInsurance,UNCLASSIFIED,prefix=€
de,employee-cost,pensionContribution,UNCLASSIFIED,prefix=€
de,employee-cost,otherBenefits,UNCLASSIFIED,prefix=€
de,eps-calculator,netIncome,UNCLASSIFIED,prefix=€
de,ev-charging-cost,electricity_rate,LOCALIZE,"使用美制單位(/kWh),需換算當地貨幣+單位"
de,ev-vs-gas,evPrice,UNCLASSIFIED,prefix=€
de,ev-vs-gas,gasPrice,UNCLASSIFIED,prefix=€
de,ev-vs-gas,evTaxCredit,UNCLASSIFIED,prefix=€
de,ev-vs-gas,electricityRate,UNCLASSIFIED,prefix=€
de,ev-vs-gas,gasPrice_input,UNCLASSIFIED,prefix=€
de,ev-vs-gas,evMaintenance,UNCLASSIFIED,prefix=€
de,ev-vs-gas,gasMaintenance,UNCLASSIFIED,prefix=€
de,ev-vs-gas,evInsurance,UNCLASSIFIED,prefix=€
de,ev-vs-gas,gasInsurance,UNCLASSIFIED,prefix=€
de,ev-vs-gas,evRegistration,UNCLASSIFIED,prefix=€
de,ev-vs-gas,gasRegistration,UNCLASSIFIED,prefix=€
de,extra-payment,loanAmount,UNCLASSIFIED,prefix=€
de,extra-payment,extraPayment,UNCLASSIFIED,prefix=€
de,fba-fee-calculator,product_price,UNCLASSIFIED,prefix=€
de,fba-fee-calculator,monthly_storage,UNCLASSIFIED,prefix=€
de,fibonacci-retracement,(全頁),PLACEHOLDER,"技術分析/報價類工具,$為佔位符"
de,fire-number-calc,annualExpenses,UNCLASSIFIED,prefix=€
de,food-cost,foodCost,UNCLASSIFIED,prefix=€
de,food-cost,sellingPrice,UNCLASSIFIED,prefix=€
de,forex-profit,pipValue,MISMATCH,"輸入框用$,de語言預期應為€"
de,franchise-roi,franchiseRevenue,UNCLASSIFIED,prefix=€
de,franchise-roi,operatingCosts,UNCLASSIFIED,prefix=€
de,franchise-roi,staffCosts,UNCLASSIFIED,prefix=€
de,franchise-roi,royaltyFees,UNCLASSIFIED,prefix=€
de,franchise-roi,initialInvestment,UNCLASSIFIED,prefix=€
de,freelance-rate,annual_expenses,UNCLASSIFIED,prefix=€
de,freelance-rate,desired_profit,UNCLASSIFIED,prefix=€
de,freelancer-tax,annual_income,UNCLASSIFIED,prefix=€
de,freelancer-tax,business_expenses,UNCLASSIFIED,prefix=€
de,fsa-savings-calc,(全頁),EXCEPTION,"已知美國制度專屬工具,維持USD"
de,fuel-cost,fuelPrice,LOCALIZE,"使用美制單位(見同頁其他欄位),需換算當地貨幣+單位"
de,future-value,presentValue,UNCLASSIFIED,prefix=€
de,gas-bill,ratePerUnit,UNCLASSIFIED,prefix=€
de,gas-bill,standingCharge,UNCLASSIFIED,prefix=€
de,gdpr-fine,annual_revenue,UNCLASSIFIED,prefix=€
de,gross-profit-margin,revenue,UNCLASSIFIED,prefix=€
de,gross-profit-margin,cogs,UNCLASSIFIED,prefix=€
de,health-deductible-calc,deductibleAmount,UNCLASSIFIED,prefix=€
de,health-deductible-calc,amountSpent,UNCLASSIFIED,prefix=€
de,health-insurance-estimate,annualDeductible,UNCLASSIFIED,prefix=€
de,health-insurance-estimate,estimatedAnnualMedicalCosts,UNCLASSIFIED,prefix=€
de,heloc-vs-personal-loan,loanAmount,UNCLASSIFIED,prefix=€
de,home-affordability,annualIncome,UNCLASSIFIED,prefix=€
de,home-affordability,monthlyDebts,UNCLASSIFIED,prefix=€
de,home-energy-audit,electricity_rate,UNCLASSIFIED,prefix=€
de,home-energy-audit,gas_rate,UNCLASSIFIED,prefix=€
de,home-equity,marketValue,UNCLASSIFIED,prefix=€
de,home-equity,mortgageBalance,UNCLASSIFIED,prefix=€
de,home-insurance-calc,homeValue,UNCLASSIFIED,prefix=€
de,home-mortgage,loanAmount,UNCLASSIFIED,prefix=€
de,home-mortgage,downPayment,UNCLASSIFIED,prefix=€
de,home-mortgage,propertyTax,UNCLASSIFIED,prefix=€
de,home-mortgage,homeInsurance,UNCLASSIFIED,prefix=€
de,home-mortgage,pmi,UNCLASSIFIED,prefix=€
de,hsa-contribution-calc,(全頁),EXCEPTION,"已知美國制度專屬工具,維持USD"
de,income-replacement,monthlyIncome,UNCLASSIFIED,prefix=€
de,income-tax,(全頁),EXCEPTION,"已知美國制度專屬工具,維持USD"
de,inflation,presentValue,UNCLASSIFIED,prefix=€
de,insulation-calculator,insulationCost,UNCLASSIFIED,prefix=€
de,insurance-premium-compare,annualPremium,UNCLASSIFIED,prefix=€
de,insurance-premium-compare,monthlyPremium,UNCLASSIFIED,prefix=€
de,insurance-premium-compare,singlePremium,UNCLASSIFIED,prefix=€
de,intrinsic-value,epsInput,UNCLASSIFIED,prefix=€
de,inventory-turnover,costOfGoodsSold,UNCLASSIFIED,prefix=€
de,inventory-turnover,beginningInventory,UNCLASSIFIED,prefix=€
de,inventory-turnover,endingInventory,UNCLASSIFIED,prefix=€
de,irr-calculator,initialInvestment,UNCLASSIFIED,prefix=€
de,irr-calculator,year1CashFlow,UNCLASSIFIED,prefix=€
de,irr-calculator,year2CashFlow,UNCLASSIFIED,prefix=€
de,irr-calculator,year3CashFlow,UNCLASSIFIED,prefix=€
de,irr-calculator,year4CashFlow,UNCLASSIFIED,prefix=€
de,irr-calculator,year5CashFlow,UNCLASSIFIED,prefix=€
de,ivf-cost-calculator,costPerCycle,UNCLASSIFIED,prefix=€
de,ivf-cost-calculator,additionalCosts,UNCLASSIFIED,prefix=€
de,kelly-criterion,bankroll,UNCLASSIFIED,prefix=€
de,landed-cost,productPrice,UNCLASSIFIED,prefix=€
de,landed-cost,shippingCost,UNCLASSIFIED,prefix=€
de,landed-cost,importDuty,UNCLASSIFIED,prefix=€
de,landed-cost,insuranceCost,UNCLASSIFIED,prefix=€
de,landed-cost,additionalCosts,UNCLASSIFIED,prefix=€
de,lasik-cost-calculator,cost_per_eye,LOCALIZE,"使用美制單位(見同頁其他欄位),需換算當地貨幣+單位"
de,late-payment-interest,principalAmount,UNCLASSIFIED,prefix=€
de,lawyer-fee,hourly_rate,UNCLASSIFIED,prefix=€
de,led-savings,electricity_rate,UNCLASSIFIED,prefix=€
de,legal-interest,principal_amount,UNCLASSIFIED,prefix=€
de,liability-insurance,netWorth,UNCLASSIFIED,prefix=€
de,life-insurance-calc,annual_income,UNCLASSIFIED,prefix=€
de,life-insurance-calc,outstanding_debt,UNCLASSIFIED,prefix=€
de,life-insurance-needs,totalDebt,UNCLASSIFIED,prefix=€
de,life-insurance-needs,annualIncome,UNCLASSIFIED,prefix=€
de,life-insurance-needs,mortgageBalance,UNCLASSIFIED,prefix=€
de,life-insurance-needs,educationCosts,UNCLASSIFIED,prefix=€
de,life-insurance-needs,currentSavings,UNCLASSIFIED,prefix=€
de,loan-affordability,annualIncome,UNCLASSIFIED,prefix=€
de,loan-comparison,loanAmount1,UNCLASSIFIED,prefix=€
de,loan-comparison,loanAmount2,UNCLASSIFIED,prefix=€
de,loan-vs-lease,vehiclePrice,LOCALIZE,"使用美制單位(見同頁其他欄位),需換算當地貨幣+單位"
de,loan-vs-lease,downPayment,LOCALIZE,"使用美制單位(見同頁其他欄位),需換算當地貨幣+單位"
de,loan-vs-lease,residualValue,LOCALIZE,"使用美制單位(見同頁其他欄位),需換算當地貨幣+單位"
de,loan-vs-lease,annualMaintenance,LOCALIZE,"使用美制單位(見同頁其他欄位),需換算當地貨幣+單位"
de,loan-vs-lease,annualInsurance,LOCALIZE,"使用美制單位(見同頁其他欄位),需換算當地貨幣+單位"
de,loan-vs-lease,annualRegistration,LOCALIZE,"使用美制單位(見同頁其他欄位),需換算當地貨幣+單位"
de,loan-vs-lease,leaseMonthlyPayment,LOCALIZE,"使用美制單位(見同頁其他欄位),需換算當地貨幣+單位"
de,loan-vs-lease,leaseInsurance,LOCALIZE,"使用美制單位(見同頁其他欄位),需換算當地貨幣+單位"
de,loan-vs-lease,leaseAcquisitionFee,LOCALIZE,"使用美制單位(見同頁其他欄位),需換算當地貨幣+單位"
de,loan-vs-lease,leaseDispositionFee,LOCALIZE,"使用美制單位(見同頁其他欄位),需換算當地貨幣+單位"
de,loan-vs-lease,mileageOverageCharge,LOCALIZE,"使用美制單位(/km),需換算當地貨幣+單位"
de,long-term-care,dailyCost,UNCLASSIFIED,prefix=€
de,ltv-calculator,arpu,UNCLASSIFIED,prefix=€
de,macd-calculator,(全頁),PLACEHOLDER,"技術分析/報價類工具,$為佔位符"
de,margin-calculator,assetPrice,UNCLASSIFIED,prefix=€
de,medical-cost-estimator,procedureCost,UNCLASSIFIED,prefix=€
de,medical-cost-estimator,deductible,UNCLASSIFIED,prefix=€
de,medical-cost-estimator,copay,UNCLASSIFIED,prefix=€
de,medical-tourism-saving,localCost,UNCLASSIFIED,prefix=€
de,medical-tourism-saving,destinationCost,UNCLASSIFIED,prefix=€
de,medical-tourism-saving,travelCost,UNCLASSIFIED,prefix=€
de,medication-cost-compare,brandPrice,UNCLASSIFIED,prefix=€
de,medication-cost-compare,genericPrice,UNCLASSIFIED,prefix=€
de,meeting-cost,avg_hourly_rate,UNCLASSIFIED,prefix=€
de,mortgage-refinance,currentLoanAmount,UNCLASSIFIED,prefix=€
de,mortgage-refinance,refinancingCosts,UNCLASSIFIED,prefix=€
de,mortgage,loanAmount,UNCLASSIFIED,prefix=€
de,mrr-calculator,arpu,UNCLASSIFIED,prefix=€
de,net-profit-margin,netIncome,UNCLASSIFIED,prefix=€
de,net-profit-margin,revenue,UNCLASSIFIED,prefix=€
de,nursing-home-cost,monthlyNursingCost,UNCLASSIFIED,prefix=€
de,nursing-home-cost,additionalMonthlyExpenses,UNCLASSIFIED,prefix=€
de,nursing-home-cost,initialAdmissionFee,UNCLASSIFIED,prefix=€
de,oop-maximum-calc,maximumAmount,UNCLASSIFIED,prefix=€
de,oop-maximum-calc,amountPaid,UNCLASSIFIED,prefix=€
de,options-profit,spotPrice,UNCLASSIFIED,prefix=€
de,options-profit,strikePrice,UNCLASSIFIED,prefix=€
de,options-profit,premium,UNCLASSIFIED,prefix=€
de,overtime-calculator,hourlyRate,UNCLASSIFIED,prefix=€
de,parking-cost,hourlyRate,UNCLASSIFIED,prefix=€
de,parking-cost,dailyRate,UNCLASSIFIED,prefix=€
de,patent-cost,filingFee,UNCLASSIFIED,prefix=€
de,patent-cost,examinationFee,UNCLASSIFIED,prefix=€
de,patent-cost,maintenanceFeeThreeYear,UNCLASSIFIED,prefix=€
de,patent-cost,maintenanceFeeSevenYear,UNCLASSIFIED,prefix=€
de,patent-cost,maintenanceFeeSixteenYear,UNCLASSIFIED,prefix=€
de,patent-cost,attorneyFees,UNCLASSIFIED,prefix=€
de,payback-period,initialInvestment,UNCLASSIFIED,prefix=€
de,payback-period,annualCashflow,UNCLASSIFIED,prefix=€
de,payday-loan-cost,loanPrincipal,UNCLASSIFIED,prefix=€
de,payday-loan-cost,loanFee,UNCLASSIFIED,prefix=€
de,payroll-tax,(全頁),EXCEPTION,"已知美國制度專屬工具,維持USD"
de,pb-ratio,stockPrice,UNCLASSIFIED,prefix=€
de,pb-ratio,bookValue,UNCLASSIFIED,prefix=€
de,pe-ratio,stockPrice,UNCLASSIFIED,prefix=€
de,pe-ratio,earningsPerShare,UNCLASSIFIED,prefix=€
de,penalty-interest,principal_amount,UNCLASSIFIED,prefix=€
de,pension-vs-lump-sum,pensionMonthly,UNCLASSIFIED,prefix=€
de,pension-vs-lump-sum,lumpSumAmount,UNCLASSIFIED,prefix=€
de,personal-loan-calc,loanAmount,UNCLASSIFIED,prefix=€
de,pet-insurance-calc,deductible,UNCLASSIFIED,prefix=€
de,pivot-point,(全頁),PLACEHOLDER,"技術分析/報價類工具,$為佔位符"
de,position-size,accountBalance,UNCLASSIFIED,prefix=€
de,position-size,entryPrice,UNCLASSIFIED,prefix=€
de,position-size,stopLossPrice,UNCLASSIFIED,prefix=€
de,premium-vs-hdhp,lowPremiumMonthly,MISMATCH,"輸入框用$,de語言預期應為€"
de,premium-vs-hdhp,lowPremiumDeductible,MISMATCH,"輸入框用$,de語言預期應為€"
de,premium-vs-hdhp,lowPremiumOopMax,MISMATCH,"輸入框用$,de語言預期應為€"
de,premium-vs-hdhp,lowPremiumExpectedOop,MISMATCH,"輸入框用$,de語言預期應為€"
de,premium-vs-hdhp,hdhpMonthly,MISMATCH,"輸入框用$,de語言預期應為€"
de,premium-vs-hdhp,hdhpDeductible,MISMATCH,"輸入框用$,de語言預期應為€"
de,premium-vs-hdhp,hdhpOopMax,MISMATCH,"輸入框用$,de語言預期應為€"
de,premium-vs-hdhp,hdhpExpectedOop,MISMATCH,"輸入框用$,de語言預期應為€"
de,premium-vs-hdhp,hdhpContribution,MISMATCH,"輸入框用$,de語言預期應為€"
de,present-value,futureValue,UNCLASSIFIED,prefix=€
de,pricing-calculator,productCost,UNCLASSIFIED,prefix=€
de,pricing-calculator,additionalFees,UNCLASSIFIED,prefix=€
de,property-tax,propertyValue,UNCLASSIFIED,prefix=€
de,property-tax,exemptions,UNCLASSIFIED,prefix=€
de,property-tax,creditAmount,UNCLASSIFIED,prefix=€
de,refinance-break-even,closingCosts,UNCLASSIFIED,prefix=€
de,refinance-break-even,monthlySavings,UNCLASSIFIED,prefix=€
de,rehab-cost-estimator,dailyRate,UNCLASSIFIED,prefix=€
de,renovation-cost,localRate,UNCLASSIFIED,prefix=€
de,rent-vs-buy,propertyPrice,UNCLASSIFIED,prefix=€
de,rent-vs-buy,monthlyRent,UNCLASSIFIED,prefix=€
de,rent-vs-buy,propertyTaxRate,TYPO,"百分比欄位卻標記€,應為%"
de,rental-income-tax,annualRentalIncome,UNCLASSIFIED,prefix=€
de,rental-income-tax,mortgageInterest,UNCLASSIFIED,prefix=€
de,rental-income-tax,propertyTaxes,UNCLASSIFIED,prefix=€
de,rental-income-tax,utilities,UNCLASSIFIED,prefix=€
de,rental-income-tax,maintenance,UNCLASSIFIED,prefix=€
de,rental-income-tax,insurance,UNCLASSIFIED,prefix=€
de,rental-income-tax,managementFees,UNCLASSIFIED,prefix=€
de,rental-income-tax,advertising,UNCLASSIFIED,prefix=€
de,rental-income-tax,otherExpenses,UNCLASSIFIED,prefix=€
de,rental-income-tax,propertyValue,UNCLASSIFIED,prefix=€
de,rental-yield,annualRent,UNCLASSIFIED,prefix=€
de,rental-yield,propertyPrice,UNCLASSIFIED,prefix=€
de,renters-insurance,belongingsValue,UNCLASSIFIED,prefix=€
de,renters-insurance,deductible,UNCLASSIFIED,prefix=€
de,renters-insurance,liabilityLimit,UNCLASSIFIED,prefix=€
de,required-minimum-dist,accountBalance,UNCLASSIFIED,prefix=€
de,retirement-income-need,currentAnnualExpenses,UNCLASSIFIED,prefix=€
de,retirement-savings-gap,currentSavings,UNCLASSIFIED,prefix=€
de,retirement-savings-gap,annualContribution,UNCLASSIFIED,prefix=€
de,retirement-savings-gap,retirementGoal,UNCLASSIFIED,prefix=€
de,retirement,monthlyContribution,UNCLASSIFIED,prefix=€
de,retirement,currentSavings,UNCLASSIFIED,prefix=€
de,risk-reward,entryPrice,UNCLASSIFIED,prefix=€
de,risk-reward,stopPrice,UNCLASSIFIED,prefix=€
de,risk-reward,targetPrice,UNCLASSIFIED,prefix=€
de,roas-calculator,revenue,UNCLASSIFIED,prefix=€
de,roas-calculator,adSpend,UNCLASSIFIED,prefix=€
de,roi-calculator,gainAmount,UNCLASSIFIED,prefix=€
de,roi-calculator,costAmount,UNCLASSIFIED,prefix=€
de,roi-of-insurance,benefitAmount,UNCLASSIFIED,prefix=€
de,roi-of-insurance,premiumCost,UNCLASSIFIED,prefix=€
de,roth-vs-traditional,(全頁),EXCEPTION,"已知美國制度專屬工具,維持USD"
de,rsi-calculator,(全頁),PLACEHOLDER,"技術分析/報價類工具,$為佔位符"
de,runway-calculator,cashAmount,UNCLASSIFIED,prefix=€
de,runway-calculator,monthlyBurnRate,UNCLASSIFIED,prefix=€
de,saas-ltv-cac,monthlyARR,UNCLASSIFIED,prefix=€
de,saas-ltv-cac,cacCost,UNCLASSIFIED,prefix=€
de,salary-raise,currentSalary,UNCLASSIFIED,prefix=€
de,salary-to-hourly,annual_salary,UNCLASSIFIED,prefix=€
de,sales-commission,salesAmount,UNCLASSIFIED,prefix=€
de,sales-commission,tier1Limit,UNCLASSIFIED,prefix=€
de,sales-commission,tier2Limit,UNCLASSIFIED,prefix=€
de,scholarship-calculator,annual_tuition,UNCLASSIFIED,prefix=€
de,scholarship-calculator,scholarship_amount,UNCLASSIFIED,prefix=€
de,scholarship-calculator,grants_amount,UNCLASSIFIED,prefix=€
de,severance-calculator,monthlyBaseSalary,MISMATCH,"輸入框用NT$,內文卻出現$"
de,severance-calculator,bonusesAnnual,MISMATCH,"輸入框用NT$,內文卻出現$"
de,shipping-cost,shipping_rate,UNCLASSIFIED,prefix=€
de,shopee-profit,productRevenue,UNCLASSIFIED,prefix=€
de,shopee-profit,shippingCost,UNCLASSIFIED,prefix=€
de,shopee-profit,productCOGS,UNCLASSIFIED,prefix=€
de,simple-interest,principal,UNCLASSIFIED,prefix=€
de,solar-roi,systemCost,UNCLASSIFIED,prefix=€
de,solar-roi,annualSavings,UNCLASSIFIED,prefix=€
de,solar-roi,maintenanceCost,UNCLASSIFIED,prefix=€
de,stamp-duty,propertyPrice,MISMATCH,"輸入框用£,de語言預期應為€"
de,startup-cost-estimator,oneTimeCosts,UNCLASSIFIED,prefix=€
de,startup-cost-estimator,monthlyOperatingCosts,UNCLASSIFIED,prefix=€
de,startup-valuation,annualRevenue,UNCLASSIFIED,prefix=€
de,stock-gain-loss,(全頁),PLACEHOLDER,"技術分析/報價類工具,$為佔位符"
de,stock-split,(全頁),PLACEHOLDER,"技術分析/報價類工具,$為佔位符"
de,stop-loss,entryPrice,MISMATCH,"輸入框用$,de語言預期應為€"
de,stop-loss,stopLossPrice,MISMATCH,"輸入框用$,de語言預期應為€"
de,student-loan-refi,currentLoanBalance,UNCLASSIFIED,prefix=€
de,student-loan-refi,refinanceFees,UNCLASSIFIED,prefix=€
de,student-loan,loanAmount,UNCLASSIFIED,prefix=€
de,support-resistance,(全頁),PLACEHOLDER,"技術分析/報價類工具,$為佔位符"
de,surgery-cost-estimator,procedureBaseCost,UNCLASSIFIED,prefix=€
de,take-home-pay,(全頁),EXCEPTION,"已知美國制度專屬工具,維持USD"
de,term-vs-whole-life,termPremium,UNCLASSIFIED,prefix=€
de,term-vs-whole-life,wholePremium,UNCLASSIFIED,prefix=€
de,term-vs-whole-life,deathBenefit,UNCLASSIFIED,prefix=€
de,term-vs-whole-life,wholeLifeCashValue,UNCLASSIFIED,prefix=€
de,therapy-cost-calc,sessionRate,UNCLASSIFIED,prefix=€
de,therapy-cost-calc,insuranceCoverage,UNCLASSIFIED,prefix=€
de,therapy-cost-calc,copayPerSession,UNCLASSIFIED,prefix=€
de,tip-calculator,billAmount,UNCLASSIFIED,prefix=€
de,trademark-fee,feePerClass,MISMATCH,"輸入框用$,de語言預期應為€"
de,trademark-fee,additionalClassFee,MISMATCH,"輸入框用$,de語言預期應為€"
de,trading-fee,tradeAmount,UNCLASSIFIED,prefix=€
de,travel-insurance-calc,tripCost,UNCLASSIFIED,prefix=€
de,trip-fuel,fuelPrice,LOCALIZE,"使用美制單位(pro Gallone),需換算當地貨幣+單位"
de,tuition-cost,annualTuition,UNCLASSIFIED,prefix=€
de,tuition-cost,annualHousing,UNCLASSIFIED,prefix=€
de,tuition-cost,annualBooks,UNCLASSIFIED,prefix=€
de,umbrella-insurance,netWorth,UNCLASSIFIED,prefix=€
de,umbrella-insurance,existingCoverage,UNCLASSIFIED,prefix=€
de,umbrella-insurance,annualIncome,UNCLASSIFIED,prefix=€
de,valuation-calculator,annualRevenue,UNCLASSIFIED,prefix=€
de,valuation-calculator,netIncome,UNCLASSIFIED,prefix=€
de,vat-calculator,netPrice,UNCLASSIFIED,prefix=€
de,water-bill,tier1Rate,UNCLASSIFIED,prefix=€
de,water-bill,tier2Rate,UNCLASSIFIED,prefix=€
de,water-bill,tier3Rate,UNCLASSIFIED,prefix=€
de,water-bill,fixedCharge,UNCLASSIFIED,prefix=€
de,withdrawal-rate,portfolioValue,UNCLASSIFIED,prefix=€
de,working-capital,currentAssets,UNCLASSIFIED,prefix=€
de,working-capital,currentLiabilities,UNCLASSIFIED,prefix=€
de,youtube-revenue,youtubeRPM,UNCLASSIFIED,prefix=€
fr,0-percent-financing,purchasePrice,UNCLASSIFIED,prefix=€
fr,0-percent-financing,downPayment,UNCLASSIFIED,prefix=€
fr,401k-contribution,(全頁),EXCEPTION,"已知美國制度專屬工具,維持USD"
fr,alimony-calculator,payerIncome,UNCLASSIFIED,prefix=€
fr,alimony-calculator,recipientIncome,UNCLASSIFIED,prefix=€
fr,amazon-profit,selling_price,UNCLASSIFIED,prefix=€
fr,amazon-profit,cogs,UNCLASSIFIED,prefix=€
fr,amazon-profit,fba_fee,UNCLASSIFIED,prefix=€
fr,annual-leave,dailyWage,UNCLASSIFIED,prefix=€
fr,annuity-calculator,presentValue,UNCLASSIFIED,prefix=€
fr,annuity-income,lumpSum,UNCLASSIFIED,prefix=€
fr,appliance-energy,electricityRate,UNCLASSIFIED,prefix=€
fr,apr-calculator,loanAmount,UNCLASSIFIED,prefix=€
fr,apr-calculator,totalFees,UNCLASSIFIED,prefix=€
fr,apr-calculator,processingFee,UNCLASSIFIED,prefix=€
fr,asset-allocation,totalPortfolio,UNCLASSIFIED,prefix=€
fr,atr-calculator,highPrice,MISMATCH,"輸入框用$,內文卻出現€"
fr,atr-calculator,lowPrice,MISMATCH,"輸入框用$,內文卻出現€"
fr,atr-calculator,closePrice,MISMATCH,"輸入框用$,內文卻出現€"
fr,average-down,(全頁),PLACEHOLDER,"技術分析/報價類工具,$為佔位符"
fr,balloon-payment,loanAmount,MISMATCH,"輸入框用$,fr語言預期應為€"
fr,balloon-payment,balloonAmount,MISMATCH,"輸入框用$,fr語言預期應為€"
fr,bollinger-bands,(全頁),PLACEHOLDER,"技術分析/報價類工具,$為佔位符"
fr,bond-yield,faceValue,UNCLASSIFIED,prefix=€
fr,bond-yield,currentPrice,UNCLASSIFIED,prefix=€
fr,bonus-tax,(全頁),EXCEPTION,"已知美國制度專屬工具,維持USD"
fr,break-even-units,fixedCosts,UNCLASSIFIED,prefix=€
fr,break-even-units,pricePerUnit,UNCLASSIFIED,prefix=€
fr,break-even-units,variableCostPerUnit,UNCLASSIFIED,prefix=€
fr,break-even,fixed_costs,UNCLASSIFIED,prefix=€
fr,break-even,price_per_unit,UNCLASSIFIED,prefix=€
fr,break-even,variable_cost,UNCLASSIFIED,prefix=€
fr,burn-rate-calculator,monthlyExpenses,UNCLASSIFIED,prefix=€
fr,burn-rate-calculator,monthlyRevenue,UNCLASSIFIED,prefix=€
fr,burn-rate-calculator,cashReserve,UNCLASSIFIED,prefix=€
fr,business-exit-value,ebitda,UNCLASSIFIED,prefix=€
fr,business-insurance,annualRevenue,UNCLASSIFIED,prefix=€
fr,business-loan-calc,loanAmount,MISMATCH,"輸入框用$,fr語言預期應為€"
fr,cagr,beginning_value,UNCLASSIFIED,prefix=€
fr,cagr,ending_value,UNCLASSIFIED,prefix=€
fr,candlestick-identifier,(全頁),PLACEHOLDER,"技術分析/報價類工具,$為佔位符"
fr,cap-rate,netOperatingIncome,MISMATCH,"輸入框用$,內文卻出現€"
fr,cap-rate,propertyValue,MISMATCH,"輸入框用$,內文卻出現€"
fr,capital-gains-tax,(全頁),EXCEPTION,"已知美國制度專屬工具,維持USD"
fr,car-depreciation,purchasePrice,LOCALIZE,"使用美制單位(見同頁其他欄位),需換算當地貨幣+單位"
fr,car-depreciation,residualValue,LOCALIZE,"使用美制單位(見同頁其他欄位),需換算當地貨幣+單位"
fr,car-insurance-calc,vehicleValue,LOCALIZE,"使用美制單位(見同頁其他欄位),需換算當地貨幣+單位"
fr,car-insurance-estimate,vehicleValue,LOCALIZE,"使用美制單位(見同頁其他欄位),需換算當地貨幣+單位"
fr,car-lease-vs-buy,carPrice,LOCALIZE,"使用美制單位(見同頁其他欄位),需換算當地貨幣+單位"
fr,car-lease-vs-buy,downPayment,LOCALIZE,"使用美制單位(見同頁其他欄位),需換算當地貨幣+單位"
fr,car-lease-vs-buy,leaseMonthly,LOCALIZE,"使用美制單位(見同頁其他欄位),需換算當地貨幣+單位"
fr,car-lease-vs-buy,annualMaintenance,LOCALIZE,"使用美制單位(見同頁其他欄位),需換算當地貨幣+單位"
fr,car-lease-vs-buy,annualInsurance,LOCALIZE,"使用美制單位(見同頁其他欄位),需換算當地貨幣+單位"
fr,car-lease-vs-buy,annualRegistration,LOCALIZE,"使用美制單位(見同頁其他欄位),需換算當地貨幣+單位"
fr,car-lease-vs-buy,gasPrice,LOCALIZE,"使用美制單位(見同頁其他欄位),需換算當地貨幣+單位"
fr,car-loan,loanAmount,UNCLASSIFIED,prefix=€
fr,car-loan,downPayment,UNCLASSIFIED,prefix=€
fr,cash-on-cash,annualCashflow,MISMATCH,"輸入框用$,內文卻出現€"
fr,cash-on-cash,cashInvested,MISMATCH,"輸入框用$,內文卻出現€"
fr,catch-up-contribution,(全頁),EXCEPTION,"已知美國制度專屬工具,維持USD"
fr,child-support,payor_gross_income,MISMATCH,"輸入框用$,fr語言預期應為€"
fr,child-support,payee_gross_income,MISMATCH,"輸入框用$,fr語言預期應為€"
fr,child-support,annual_childcare_costs,MISMATCH,"輸入框用$,fr語言預期應為€"
fr,child-support,health_insurance_costs,MISMATCH,"輸入框用$,fr語言預期應為€"
fr,coast-fire-calc,fireNumber,UNCLASSIFIED,prefix=€
fr,coffee-ratio,customRatio,UNCLASSIFIED,prefix=1:
fr,college-savings,monthlyPayment,UNCLASSIFIED,prefix=€
fr,college-savings,initialAmount,UNCLASSIFIED,prefix=€
fr,commute-cost,fuelPrice,LOCALIZE,"使用美制單位(par gallon),需換算當地貨幣+單位"
fr,commute-cost,dailyTolls,LOCALIZE,"使用美制單位(見同頁其他欄位),需換算當地貨幣+單位"
fr,commute-cost,dailyParking,LOCALIZE,"使用美制單位(見同頁其他欄位),需換算當地貨幣+單位"
fr,commute-cost,vehiclePrice,LOCALIZE,"使用美制單位(見同頁其他欄位),需換算當地貨幣+單位"
fr,commute-cost,maintenanceAnnual,LOCALIZE,"使用美制單位(見同頁其他欄位),需換算當地貨幣+單位"
fr,commute-cost,insuranceAnnual,LOCALIZE,"使用美制單位(見同頁其他欄位),需換算當地貨幣+單位"
fr,company-registration,registration_fee,UNCLASSIFIED,prefix=€
fr,company-registration,capital_duty,UNCLASSIFIED,prefix=€
fr,company-registration,agent_fee,UNCLASSIFIED,prefix=€
fr,compound-interest-debt,principal_amount,UNCLASSIFIED,prefix=€
fr,compound-interest,principal,UNCLASSIFIED,prefix=€
fr,cost-of-living,salaryCity1,UNCLASSIFIED,prefix=€
fr,coverage-gap-finder,neededCoverage,UNCLASSIFIED,prefix=€
fr,coverage-gap-finder,existingCoverage,UNCLASSIFIED,prefix=€
fr,credit-card-payoff,creditCardBalance,UNCLASSIFIED,prefix=€
fr,credit-card-payoff,monthlyPayment,UNCLASSIFIED,prefix=€
fr,critical-illness-calc,annualMedicalCost,UNCLASSIFIED,prefix=€
fr,critical-illness-calc,annualIncome,UNCLASSIFIED,prefix=€
fr,critical-illness-calc,existingSavings,UNCLASSIFIED,prefix=€
fr,customer-acquisition,marketing_spend,UNCLASSIFIED,prefix=€
fr,customs-duty,cifValue,MISMATCH,"輸入框用$,fr語言預期應為€"
fr,dca-calculator,totalInvested,UNCLASSIFIED,prefix=€
fr,dcf-calculator,yearOne,UNCLASSIFIED,prefix=€
fr,dcf-calculator,yearTwo,UNCLASSIFIED,prefix=€
fr,dcf-calculator,yearThree,UNCLASSIFIED,prefix=€
fr,dcf-calculator,yearFour,UNCLASSIFIED,prefix=€
fr,dcf-calculator,yearFive,UNCLASSIFIED,prefix=€
fr,dcf-calculator,terminalValue,UNCLASSIFIED,prefix=€
fr,dcf-calculator,netDebt,UNCLASSIFIED,prefix=€
fr,debt-consolidation,debt1Amount,UNCLASSIFIED,prefix=€
fr,debt-consolidation,debt2Amount,UNCLASSIFIED,prefix=€
fr,debt-consolidation,debt3Amount,UNCLASSIFIED,prefix=€
fr,debt-consolidation,consolidationFee,UNCLASSIFIED,prefix=€
fr,debt-to-equity,totalDebt,UNCLASSIFIED,prefix=€
fr,debt-to-equity,equity,UNCLASSIFIED,prefix=€
fr,debt-to-income,monthlyDebt,UNCLASSIFIED,prefix=€
fr,debt-to-income,grossIncome,UNCLASSIFIED,prefix=€
fr,dental-cost-calculator,treatmentCost,UNCLASSIFIED,prefix=€
fr,dental-cost-calculator,deductible,UNCLASSIFIED,prefix=€
fr,dental-cost-calculator,deductibleMet,UNCLASSIFIED,prefix=€
fr,dental-cost-calculator,annualMax,UNCLASSIFIED,prefix=€
fr,dental-cost-calculator,benefitsUsed,UNCLASSIFIED,prefix=€
fr,disability-insurance,annualIncome,MISMATCH,"輸入框用$,fr語言預期應為€"
fr,dividend-yield,(全頁),PLACEHOLDER,"技術分析/報價類工具,$為佔位符"
fr,down-payment,propertyPrice,MISMATCH,"輸入框用$,fr語言預期應為€"
fr,dropship-margin,sellPrice,UNCLASSIFIED,prefix=€
fr,dropship-margin,supplierCost,UNCLASSIFIED,prefix=€
fr,dropship-margin,shippingCost,UNCLASSIFIED,prefix=€
fr,dropship-margin,adCost,UNCLASSIFIED,prefix=€
fr,ebitda-valuation,ebitda_value,UNCLASSIFIED,prefix=€
fr,effective-tax-rate,totalIncome,UNCLASSIFIED,prefix=€
fr,effective-tax-rate,totalTax,UNCLASSIFIED,prefix=€
fr,electricity-cost,rate_per_kwh,UNCLASSIFIED,prefix=€
fr,email-roi,revenue_generated,UNCLASSIFIED,prefix=€
fr,email-roi,email_cost,UNCLASSIFIED,prefix=€
fr,employee-cost,annualSalary,UNCLASSIFIED,prefix=€
fr,employee-cost,healthInsurance,UNCLASSIFIED,prefix=€
fr,employee-cost,nationalInsurance,UNCLASSIFIED,prefix=€
fr,employee-cost,pensionContribution,UNCLASSIFIED,prefix=€
fr,employee-cost,otherBenefits,UNCLASSIFIED,prefix=€
fr,eps-calculator,netIncome,UNCLASSIFIED,prefix=€
fr,ev-charging-cost,electricity_rate,LOCALIZE,"使用美制單位(/kWh),需換算當地貨幣+單位"
fr,ev-vs-gas,evPrice,UNCLASSIFIED,prefix=€
fr,ev-vs-gas,gasPrice,UNCLASSIFIED,prefix=€
fr,ev-vs-gas,evTaxCredit,UNCLASSIFIED,prefix=€
fr,ev-vs-gas,electricityRate,UNCLASSIFIED,prefix=€
fr,ev-vs-gas,gasPrice_input,UNCLASSIFIED,prefix=€
fr,ev-vs-gas,evMaintenance,UNCLASSIFIED,prefix=€
fr,ev-vs-gas,gasMaintenance,UNCLASSIFIED,prefix=€
fr,ev-vs-gas,evInsurance,UNCLASSIFIED,prefix=€
fr,ev-vs-gas,gasInsurance,UNCLASSIFIED,prefix=€
fr,ev-vs-gas,evRegistration,UNCLASSIFIED,prefix=€
fr,ev-vs-gas,gasRegistration,MISMATCH,"輸入框用$,fr語言預期應為€"
fr,extra-payment,loanAmount,UNCLASSIFIED,prefix=€
fr,extra-payment,extraPayment,UNCLASSIFIED,prefix=€
fr,fba-fee-calculator,product_price,UNCLASSIFIED,prefix=€
fr,fba-fee-calculator,monthly_storage,UNCLASSIFIED,prefix=€
fr,fibonacci-retracement,(全頁),PLACEHOLDER,"技術分析/報價類工具,$為佔位符"
fr,fire-number-calc,annualExpenses,UNCLASSIFIED,prefix=€
fr,food-cost,foodCost,UNCLASSIFIED,prefix=€
fr,food-cost,sellingPrice,UNCLASSIFIED,prefix=€
fr,forex-profit,pipValue,MISMATCH,"輸入框用$,fr語言預期應為€"
fr,franchise-roi,franchiseRevenue,MISMATCH,"輸入框用$,內文卻出現€"
fr,franchise-roi,operatingCosts,MISMATCH,"輸入框用$,內文卻出現€"
fr,franchise-roi,staffCosts,MISMATCH,"輸入框用$,內文卻出現€"
fr,franchise-roi,royaltyFees,MISMATCH,"輸入框用$,內文卻出現€"
fr,franchise-roi,initialInvestment,MISMATCH,"輸入框用$,內文卻出現€"
fr,freelance-rate,annual_expenses,UNCLASSIFIED,prefix=€
fr,freelance-rate,desired_profit,UNCLASSIFIED,prefix=€
fr,freelancer-tax,annual_income,UNCLASSIFIED,prefix=€
fr,freelancer-tax,business_expenses,UNCLASSIFIED,prefix=€
fr,fsa-savings-calc,(全頁),EXCEPTION,"已知美國制度專屬工具,維持USD"
fr,fuel-cost,fuelPrice,LOCALIZE,"使用美制單位(見同頁其他欄位),需換算當地貨幣+單位"
fr,future-value,presentValue,UNCLASSIFIED,prefix=€
fr,gas-bill,ratePerUnit,UNCLASSIFIED,prefix=€
fr,gas-bill,standingCharge,UNCLASSIFIED,prefix=€
fr,gdpr-fine,annual_revenue,UNCLASSIFIED,prefix=€
fr,gross-profit-margin,revenue,UNCLASSIFIED,prefix=€
fr,gross-profit-margin,cogs,UNCLASSIFIED,prefix=€
fr,health-deductible-calc,deductibleAmount,UNCLASSIFIED,prefix=€
fr,health-deductible-calc,amountSpent,UNCLASSIFIED,prefix=€
fr,health-insurance-estimate,annualDeductible,UNCLASSIFIED,prefix=€
fr,health-insurance-estimate,estimatedAnnualMedicalCosts,UNCLASSIFIED,prefix=€
fr,heloc-vs-personal-loan,loanAmount,MISMATCH,"輸入框用$,fr語言預期應為€"
fr,home-affordability,annualIncome,UNCLASSIFIED,prefix=€
fr,home-affordability,monthlyDebts,UNCLASSIFIED,prefix=€
fr,home-energy-audit,electricity_rate,UNCLASSIFIED,prefix=€
fr,home-energy-audit,gas_rate,UNCLASSIFIED,prefix=€
fr,home-equity,marketValue,UNCLASSIFIED,prefix=€
fr,home-equity,mortgageBalance,UNCLASSIFIED,prefix=€
fr,home-insurance-calc,homeValue,MISMATCH,"輸入框用$,fr語言預期應為€"
fr,home-mortgage,loanAmount,MISMATCH,"輸入框用$,fr語言預期應為€"
fr,home-mortgage,downPayment,MISMATCH,"輸入框用$,fr語言預期應為€"
fr,home-mortgage,propertyTax,MISMATCH,"輸入框用$,fr語言預期應為€"
fr,home-mortgage,homeInsurance,MISMATCH,"輸入框用$,fr語言預期應為€"
fr,home-mortgage,pmi,MISMATCH,"輸入框用$,fr語言預期應為€"
fr,hsa-contribution-calc,(全頁),EXCEPTION,"已知美國制度專屬工具,維持USD"
fr,income-replacement,monthlyIncome,UNCLASSIFIED,prefix=€
fr,income-tax,(全頁),EXCEPTION,"已知美國制度專屬工具,維持USD"
fr,inflation,presentValue,UNCLASSIFIED,prefix=€
fr,insulation-calculator,insulationCost,UNCLASSIFIED,prefix=€
fr,insurance-premium-compare,annualPremium,UNCLASSIFIED,prefix=€
fr,insurance-premium-compare,monthlyPremium,UNCLASSIFIED,prefix=€
fr,insurance-premium-compare,singlePremium,UNCLASSIFIED,prefix=€
fr,intrinsic-value,epsInput,UNCLASSIFIED,prefix=€
fr,inventory-turnover,costOfGoodsSold,MISMATCH,"輸入框用$,fr語言預期應為€"
fr,inventory-turnover,beginningInventory,MISMATCH,"輸入框用$,fr語言預期應為€"
fr,inventory-turnover,endingInventory,MISMATCH,"輸入框用$,fr語言預期應為€"
fr,irr-calculator,initialInvestment,UNCLASSIFIED,prefix=€
fr,irr-calculator,year1CashFlow,UNCLASSIFIED,prefix=€
fr,irr-calculator,year2CashFlow,UNCLASSIFIED,prefix=€
fr,irr-calculator,year3CashFlow,UNCLASSIFIED,prefix=€
fr,irr-calculator,year4CashFlow,UNCLASSIFIED,prefix=€
fr,irr-calculator,year5CashFlow,UNCLASSIFIED,prefix=€
fr,ivf-cost-calculator,costPerCycle,UNCLASSIFIED,prefix=€
fr,ivf-cost-calculator,additionalCosts,UNCLASSIFIED,prefix=€
fr,kelly-criterion,bankroll,LOCALIZE,"使用美制單位(見同頁其他欄位),需換算當地貨幣+單位"
fr,landed-cost,productPrice,UNCLASSIFIED,prefix=€
fr,landed-cost,shippingCost,UNCLASSIFIED,prefix=€
fr,landed-cost,importDuty,UNCLASSIFIED,prefix=€
fr,landed-cost,insuranceCost,UNCLASSIFIED,prefix=€
fr,landed-cost,additionalCosts,UNCLASSIFIED,prefix=€
fr,lasik-cost-calculator,cost_per_eye,UNCLASSIFIED,prefix=€
fr,late-payment-interest,principalAmount,UNCLASSIFIED,prefix=€
fr,lawyer-fee,hourly_rate,UNCLASSIFIED,prefix=€
fr,led-savings,electricity_rate,UNCLASSIFIED,prefix=€
fr,legal-interest,principal_amount,UNCLASSIFIED,prefix=€
fr,liability-insurance,netWorth,UNCLASSIFIED,prefix=€
fr,life-insurance-calc,annual_income,UNCLASSIFIED,prefix=€
fr,life-insurance-calc,outstanding_debt,UNCLASSIFIED,prefix=€
fr,life-insurance-needs,totalDebt,UNCLASSIFIED,prefix=€
fr,life-insurance-needs,annualIncome,UNCLASSIFIED,prefix=€
fr,life-insurance-needs,mortgageBalance,UNCLASSIFIED,prefix=€
fr,life-insurance-needs,educationCosts,UNCLASSIFIED,prefix=€
fr,life-insurance-needs,currentSavings,UNCLASSIFIED,prefix=€
fr,loan-affordability,annualIncome,UNCLASSIFIED,prefix=€
fr,loan-comparison,loanAmount1,UNCLASSIFIED,prefix=€
fr,loan-comparison,loanAmount2,UNCLASSIFIED,prefix=€
fr,loan-vs-lease,vehiclePrice,TYPO,"金額欄位卻標記%,應為貨幣符號"
fr,loan-vs-lease,downPayment,LOCALIZE,"使用美制單位(見同頁其他欄位),需換算當地貨幣+單位"
fr,loan-vs-lease,residualValue,LOCALIZE,"使用美制單位(見同頁其他欄位),需換算當地貨幣+單位"
fr,loan-vs-lease,annualMaintenance,LOCALIZE,"使用美制單位(見同頁其他欄位),需換算當地貨幣+單位"
fr,loan-vs-lease,annualInsurance,LOCALIZE,"使用美制單位(見同頁其他欄位),需換算當地貨幣+單位"
fr,loan-vs-lease,annualRegistration,LOCALIZE,"使用美制單位(見同頁其他欄位),需換算當地貨幣+單位"
fr,loan-vs-lease,leaseMonthlyPayment,LOCALIZE,"使用美制單位(見同頁其他欄位),需換算當地貨幣+單位"
fr,loan-vs-lease,leaseInsurance,LOCALIZE,"使用美制單位(見同頁其他欄位),需換算當地貨幣+單位"
fr,loan-vs-lease,leaseAcquisitionFee,LOCALIZE,"使用美制單位(見同頁其他欄位),需換算當地貨幣+單位"
fr,loan-vs-lease,leaseDispositionFee,LOCALIZE,"使用美制單位(見同頁其他欄位),需換算當地貨幣+單位"
fr,loan-vs-lease,mileageOverageCharge,LOCALIZE,"使用美制單位(/km),需換算當地貨幣+單位"
fr,long-term-care,dailyCost,UNCLASSIFIED,prefix=€
fr,ltv-calculator,arpu,UNCLASSIFIED,prefix=€
fr,macd-calculator,(全頁),PLACEHOLDER,"技術分析/報價類工具,$為佔位符"
fr,margin-calculator,assetPrice,UNCLASSIFIED,prefix=€
fr,medical-cost-estimator,procedureCost,UNCLASSIFIED,prefix=€
fr,medical-cost-estimator,deductible,UNCLASSIFIED,prefix=€
fr,medical-cost-estimator,copay,UNCLASSIFIED,prefix=€
fr,medical-tourism-saving,localCost,UNCLASSIFIED,prefix=€
fr,medical-tourism-saving,destinationCost,UNCLASSIFIED,prefix=€
fr,medical-tourism-saving,travelCost,UNCLASSIFIED,prefix=€
fr,medication-cost-compare,brandPrice,UNCLASSIFIED,prefix=€
fr,medication-cost-compare,genericPrice,UNCLASSIFIED,prefix=€
fr,meeting-cost,avg_hourly_rate,UNCLASSIFIED,prefix=€
fr,mortgage-refinance,currentLoanAmount,MISMATCH,"輸入框用$,fr語言預期應為€"
fr,mortgage-refinance,refinancingCosts,MISMATCH,"輸入框用$,fr語言預期應為€"
fr,mortgage,loanAmount,UNCLASSIFIED,prefix=€
fr,mrr-calculator,arpu,UNCLASSIFIED,prefix=€
fr,net-profit-margin,netIncome,UNCLASSIFIED,prefix=€
fr,net-profit-margin,revenue,UNCLASSIFIED,prefix=€
fr,nursing-home-cost,monthlyNursingCost,UNCLASSIFIED,prefix=€
fr,nursing-home-cost,additionalMonthlyExpenses,UNCLASSIFIED,prefix=€
fr,nursing-home-cost,initialAdmissionFee,UNCLASSIFIED,prefix=€
fr,oop-maximum-calc,maximumAmount,UNCLASSIFIED,prefix=€
fr,oop-maximum-calc,amountPaid,UNCLASSIFIED,prefix=€
fr,options-profit,spotPrice,UNCLASSIFIED,prefix=€
fr,options-profit,strikePrice,UNCLASSIFIED,prefix=€
fr,options-profit,premium,UNCLASSIFIED,prefix=€
fr,overtime-calculator,hourlyRate,MISMATCH,"輸入框用$,fr語言預期應為€"
fr,parking-cost,hourlyRate,UNCLASSIFIED,prefix=€
fr,parking-cost,dailyRate,UNCLASSIFIED,prefix=€
fr,patent-cost,filingFee,UNCLASSIFIED,prefix=€
fr,patent-cost,examinationFee,UNCLASSIFIED,prefix=€
fr,patent-cost,maintenanceFeeThreeYear,UNCLASSIFIED,prefix=€
fr,patent-cost,maintenanceFeeSevenYear,UNCLASSIFIED,prefix=€
fr,patent-cost,maintenanceFeeSixteenYear,UNCLASSIFIED,prefix=€
fr,patent-cost,attorneyFees,UNCLASSIFIED,prefix=€
fr,payback-period,initialInvestment,UNCLASSIFIED,prefix=€
fr,payback-period,annualCashflow,UNCLASSIFIED,prefix=€
fr,payday-loan-cost,loanPrincipal,MISMATCH,"輸入框用$,fr語言預期應為€"
fr,payday-loan-cost,loanFee,MISMATCH,"輸入框用$,fr語言預期應為€"
fr,payroll-tax,(全頁),EXCEPTION,"已知美國制度專屬工具,維持USD"
fr,pb-ratio,stockPrice,UNCLASSIFIED,prefix=€
fr,pb-ratio,bookValue,UNCLASSIFIED,prefix=€
fr,pe-ratio,stockPrice,UNCLASSIFIED,prefix=€
fr,pe-ratio,earningsPerShare,UNCLASSIFIED,prefix=€
fr,penalty-interest,principal_amount,UNCLASSIFIED,prefix=€
fr,pension-vs-lump-sum,pensionMonthly,UNCLASSIFIED,prefix=€
fr,pension-vs-lump-sum,lumpSumAmount,UNCLASSIFIED,prefix=€
fr,personal-loan-calc,loanAmount,UNCLASSIFIED,prefix=€
fr,pet-insurance-calc,deductible,UNCLASSIFIED,prefix=€
fr,pivot-point,(全頁),PLACEHOLDER,"技術分析/報價類工具,$為佔位符"
fr,position-size,accountBalance,UNCLASSIFIED,prefix=€
fr,position-size,entryPrice,UNCLASSIFIED,prefix=€
fr,position-size,stopLossPrice,UNCLASSIFIED,prefix=€
fr,premium-vs-hdhp,lowPremiumMonthly,MISMATCH,"輸入框用$,fr語言預期應為€"
fr,premium-vs-hdhp,lowPremiumDeductible,MISMATCH,"輸入框用$,fr語言預期應為€"
fr,premium-vs-hdhp,lowPremiumOopMax,MISMATCH,"輸入框用$,fr語言預期應為€"
fr,premium-vs-hdhp,lowPremiumExpectedOop,MISMATCH,"輸入框用$,fr語言預期應為€"
fr,premium-vs-hdhp,hdhpMonthly,MISMATCH,"輸入框用$,fr語言預期應為€"
fr,premium-vs-hdhp,hdhpDeductible,MISMATCH,"輸入框用$,fr語言預期應為€"
fr,premium-vs-hdhp,hdhpOopMax,MISMATCH,"輸入框用$,fr語言預期應為€"
fr,premium-vs-hdhp,hdhpExpectedOop,MISMATCH,"輸入框用$,fr語言預期應為€"
fr,premium-vs-hdhp,hdhpContribution,MISMATCH,"輸入框用$,fr語言預期應為€"
fr,present-value,futureValue,UNCLASSIFIED,prefix=€
fr,pricing-calculator,productCost,UNCLASSIFIED,prefix=€
fr,pricing-calculator,additionalFees,UNCLASSIFIED,prefix=€
fr,property-tax,propertyValue,UNCLASSIFIED,prefix=€
fr,property-tax,exemptions,UNCLASSIFIED,prefix=€
fr,property-tax,creditAmount,UNCLASSIFIED,prefix=€
fr,refinance-break-even,closingCosts,UNCLASSIFIED,prefix=€
fr,refinance-break-even,monthlySavings,UNCLASSIFIED,prefix=€
fr,rehab-cost-estimator,dailyRate,UNCLASSIFIED,prefix=€
fr,renovation-cost,localRate,UNCLASSIFIED,prefix=€
fr,rent-vs-buy,propertyPrice,UNCLASSIFIED,prefix=€
fr,rent-vs-buy,monthlyRent,UNCLASSIFIED,prefix=€
fr,rent-vs-buy,propertyTaxRate,TYPO,"百分比欄位卻標記€,應為%"
fr,rental-income-tax,annualRentalIncome,UNCLASSIFIED,prefix=€
fr,rental-income-tax,mortgageInterest,UNCLASSIFIED,prefix=€
fr,rental-income-tax,propertyTaxes,UNCLASSIFIED,prefix=€
fr,rental-income-tax,utilities,UNCLASSIFIED,prefix=€
fr,rental-income-tax,maintenance,UNCLASSIFIED,prefix=€
fr,rental-income-tax,insurance,UNCLASSIFIED,prefix=€
fr,rental-income-tax,managementFees,UNCLASSIFIED,prefix=€
fr,rental-income-tax,advertising,UNCLASSIFIED,prefix=€
fr,rental-income-tax,otherExpenses,UNCLASSIFIED,prefix=€
fr,rental-income-tax,propertyValue,UNCLASSIFIED,prefix=€
fr,rental-yield,annualRent,UNCLASSIFIED,prefix=€
fr,rental-yield,propertyPrice,UNCLASSIFIED,prefix=€
fr,renters-insurance,belongingsValue,UNCLASSIFIED,prefix=€
fr,renters-insurance,deductible,UNCLASSIFIED,prefix=€
fr,renters-insurance,liabilityLimit,UNCLASSIFIED,prefix=€
fr,required-minimum-dist,accountBalance,MISMATCH,"輸入框用$,fr語言預期應為€"
fr,retirement-income-need,currentAnnualExpenses,UNCLASSIFIED,prefix=€
fr,retirement-savings-gap,currentSavings,UNCLASSIFIED,prefix=€
fr,retirement-savings-gap,annualContribution,UNCLASSIFIED,prefix=€
fr,retirement-savings-gap,retirementGoal,UNCLASSIFIED,prefix=€
fr,retirement,monthlyContribution,UNCLASSIFIED,prefix=€
fr,retirement,currentSavings,UNCLASSIFIED,prefix=€
fr,risk-reward,entryPrice,UNCLASSIFIED,prefix=€
fr,risk-reward,stopPrice,UNCLASSIFIED,prefix=€
fr,risk-reward,targetPrice,UNCLASSIFIED,prefix=€
fr,roas-calculator,revenue,UNCLASSIFIED,prefix=€
fr,roas-calculator,adSpend,UNCLASSIFIED,prefix=€
fr,roi-calculator,gainAmount,UNCLASSIFIED,prefix=€
fr,roi-calculator,costAmount,UNCLASSIFIED,prefix=€
fr,roi-of-insurance,benefitAmount,UNCLASSIFIED,prefix=€
fr,roi-of-insurance,premiumCost,UNCLASSIFIED,prefix=€
fr,roth-vs-traditional,(全頁),EXCEPTION,"已知美國制度專屬工具,維持USD"
fr,rsi-calculator,(全頁),PLACEHOLDER,"技術分析/報價類工具,$為佔位符"
fr,runway-calculator,cashAmount,UNCLASSIFIED,prefix=€
fr,runway-calculator,monthlyBurnRate,UNCLASSIFIED,prefix=€
fr,saas-ltv-cac,monthlyARR,MISMATCH,"輸入框用$,內文卻出現€"
fr,saas-ltv-cac,cacCost,MISMATCH,"輸入框用$,內文卻出現€"
fr,salary-raise,currentSalary,UNCLASSIFIED,prefix=€
fr,salary-to-hourly,annual_salary,UNCLASSIFIED,prefix=€
fr,sales-commission,salesAmount,MISMATCH,"輸入框用$,fr語言預期應為€"
fr,sales-commission,tier1Limit,MISMATCH,"輸入框用$,fr語言預期應為€"
fr,sales-commission,tier2Limit,MISMATCH,"輸入框用$,fr語言預期應為€"
fr,scholarship-calculator,annual_tuition,UNCLASSIFIED,prefix=€
fr,scholarship-calculator,scholarship_amount,UNCLASSIFIED,prefix=€
fr,scholarship-calculator,grants_amount,UNCLASSIFIED,prefix=€
fr,severance-calculator,monthlyBaseSalary,MISMATCH,"輸入框用NT$,fr語言預期應為€"
fr,severance-calculator,bonusesAnnual,MISMATCH,"輸入框用NT$,fr語言預期應為€"
fr,shipping-cost,shipping_rate,UNCLASSIFIED,prefix=€
fr,shopee-profit,productRevenue,UNCLASSIFIED,prefix=€
fr,shopee-profit,shippingCost,UNCLASSIFIED,prefix=€
fr,shopee-profit,productCOGS,UNCLASSIFIED,prefix=€
fr,simple-interest,principal,UNCLASSIFIED,prefix=€
fr,solar-roi,systemCost,UNCLASSIFIED,prefix=€
fr,solar-roi,annualSavings,UNCLASSIFIED,prefix=€
fr,solar-roi,maintenanceCost,UNCLASSIFIED,prefix=€
fr,stamp-duty,propertyPrice,MISMATCH,"輸入框用£,fr語言預期應為€"
fr,startup-cost-estimator,oneTimeCosts,UNCLASSIFIED,prefix=€
fr,startup-cost-estimator,monthlyOperatingCosts,UNCLASSIFIED,prefix=€
fr,startup-valuation,annualRevenue,UNCLASSIFIED,prefix=€
fr,stock-gain-loss,(全頁),PLACEHOLDER,"技術分析/報價類工具,$為佔位符"
fr,stock-split,(全頁),PLACEHOLDER,"技術分析/報價類工具,$為佔位符"
fr,stop-loss,entryPrice,UNCLASSIFIED,prefix=€
fr,stop-loss,stopLossPrice,UNCLASSIFIED,prefix=€
fr,student-loan-refi,currentLoanBalance,UNCLASSIFIED,prefix=€
fr,student-loan-refi,refinanceFees,UNCLASSIFIED,prefix=€
fr,student-loan,loanAmount,UNCLASSIFIED,prefix=€
fr,support-resistance,(全頁),PLACEHOLDER,"技術分析/報價類工具,$為佔位符"
fr,surgery-cost-estimator,procedureBaseCost,MISMATCH,"輸入框用$,fr語言預期應為€"
fr,take-home-pay,(全頁),EXCEPTION,"已知美國制度專屬工具,維持USD"
fr,term-vs-whole-life,termPremium,UNCLASSIFIED,prefix=€
fr,term-vs-whole-life,wholePremium,UNCLASSIFIED,prefix=€
fr,term-vs-whole-life,deathBenefit,UNCLASSIFIED,prefix=€
fr,term-vs-whole-life,wholeLifeCashValue,UNCLASSIFIED,prefix=€
fr,therapy-cost-calc,sessionRate,UNCLASSIFIED,prefix=€
fr,therapy-cost-calc,insuranceCoverage,UNCLASSIFIED,prefix=€
fr,therapy-cost-calc,copayPerSession,UNCLASSIFIED,prefix=€
fr,tip-calculator,billAmount,UNCLASSIFIED,prefix=€
fr,trademark-fee,feePerClass,MISMATCH,"輸入框用$,fr語言預期應為€"
fr,trademark-fee,additionalClassFee,MISMATCH,"輸入框用$,fr語言預期應為€"
fr,trading-fee,tradeAmount,UNCLASSIFIED,prefix=€
fr,travel-insurance-calc,tripCost,UNCLASSIFIED,prefix=€
fr,trip-fuel,fuelPrice,LOCALIZE,"使用美制單位(par gallon),需換算當地貨幣+單位"
fr,tuition-cost,annualTuition,UNCLASSIFIED,prefix=€
fr,tuition-cost,annualHousing,UNCLASSIFIED,prefix=€
fr,tuition-cost,annualBooks,UNCLASSIFIED,prefix=€
fr,umbrella-insurance,netWorth,UNCLASSIFIED,prefix=€
fr,umbrella-insurance,existingCoverage,UNCLASSIFIED,prefix=€
fr,umbrella-insurance,annualIncome,UNCLASSIFIED,prefix=€
fr,valuation-calculator,annualRevenue,UNCLASSIFIED,prefix=€
fr,valuation-calculator,netIncome,UNCLASSIFIED,prefix=€
fr,vat-calculator,netPrice,UNCLASSIFIED,prefix=€
fr,water-bill,tier1Rate,UNCLASSIFIED,prefix=€
fr,water-bill,tier2Rate,UNCLASSIFIED,prefix=€
fr,water-bill,tier3Rate,UNCLASSIFIED,prefix=€
fr,water-bill,fixedCharge,UNCLASSIFIED,prefix=€
fr,withdrawal-rate,portfolioValue,UNCLASSIFIED,prefix=€
fr,working-capital,currentAssets,UNCLASSIFIED,prefix=€
fr,working-capital,currentLiabilities,UNCLASSIFIED,prefix=€
fr,youtube-revenue,youtubeRPM,MISMATCH,"輸入框用$,fr語言預期應為€"
es,0-percent-financing,purchasePrice,MISMATCH,"輸入框用$,es語言預期應為€"
es,0-percent-financing,downPayment,MISMATCH,"輸入框用$,es語言預期應為€"
es,401k-contribution,(全頁),EXCEPTION,"已知美國制度專屬工具,維持USD"
es,alimony-calculator,payerIncome,MISMATCH,"輸入框用$,es語言預期應為€"
es,alimony-calculator,recipientIncome,MISMATCH,"輸入框用$,es語言預期應為€"
es,amazon-profit,selling_price,MISMATCH,"輸入框用$,es語言預期應為€"
es,amazon-profit,cogs,MISMATCH,"輸入框用$,es語言預期應為€"
es,amazon-profit,fba_fee,MISMATCH,"輸入框用$,es語言預期應為€"
es,annual-leave,dailyWage,MISMATCH,"輸入框用$,es語言預期應為€"
es,annuity-calculator,presentValue,UNCLASSIFIED,prefix=€
es,annuity-income,lumpSum,UNCLASSIFIED,prefix=€
es,appliance-energy,electricityRate,UNCLASSIFIED,prefix=€
es,apr-calculator,loanAmount,UNCLASSIFIED,prefix=€
es,apr-calculator,totalFees,UNCLASSIFIED,prefix=€
es,apr-calculator,processingFee,UNCLASSIFIED,prefix=€
es,asset-allocation,totalPortfolio,UNCLASSIFIED,prefix=€
es,atr-calculator,highPrice,MISMATCH,"輸入框用$,es語言預期應為€"
es,atr-calculator,lowPrice,MISMATCH,"輸入框用$,es語言預期應為€"
es,atr-calculator,closePrice,MISMATCH,"輸入框用$,es語言預期應為€"
es,average-down,(全頁),PLACEHOLDER,"技術分析/報價類工具,$為佔位符"
es,balloon-payment,loanAmount,MISMATCH,"輸入框用$,內文卻出現€"
es,balloon-payment,balloonAmount,MISMATCH,"輸入框用$,內文卻出現€"
es,bollinger-bands,(全頁),PLACEHOLDER,"技術分析/報價類工具,$為佔位符"
es,bond-yield,faceValue,UNCLASSIFIED,prefix=€
es,bond-yield,currentPrice,UNCLASSIFIED,prefix=€
es,bonus-tax,(全頁),EXCEPTION,"已知美國制度專屬工具,維持USD"
es,break-even-units,fixedCosts,UNCLASSIFIED,prefix=€
es,break-even-units,pricePerUnit,UNCLASSIFIED,prefix=€
es,break-even-units,variableCostPerUnit,UNCLASSIFIED,prefix=€
es,break-even,fixed_costs,UNCLASSIFIED,prefix=€
es,break-even,price_per_unit,UNCLASSIFIED,prefix=€
es,break-even,variable_cost,UNCLASSIFIED,prefix=€
es,burn-rate-calculator,monthlyExpenses,MISMATCH,"輸入框用$,es語言預期應為€"
es,burn-rate-calculator,monthlyRevenue,MISMATCH,"輸入框用$,es語言預期應為€"
es,burn-rate-calculator,cashReserve,MISMATCH,"輸入框用$,es語言預期應為€"
es,business-exit-value,ebitda,UNCLASSIFIED,prefix=€
es,business-insurance,annualRevenue,UNCLASSIFIED,prefix=€
es,business-loan-calc,loanAmount,MISMATCH,"輸入框用$,es語言預期應為€"
es,cagr,beginning_value,MISMATCH,"輸入框用$,內文卻出現€"
es,cagr,ending_value,MISMATCH,"輸入框用$,內文卻出現€"
es,candlestick-identifier,(全頁),PLACEHOLDER,"技術分析/報價類工具,$為佔位符"
es,cap-rate,netOperatingIncome,MISMATCH,"輸入框用$,es語言預期應為€"
es,cap-rate,propertyValue,MISMATCH,"輸入框用$,es語言預期應為€"
es,capital-gains-tax,(全頁),EXCEPTION,"已知美國制度專屬工具,維持USD"
es,car-depreciation,purchasePrice,LOCALIZE,"使用美制單位(見同頁其他欄位),需換算當地貨幣+單位"
es,car-depreciation,residualValue,LOCALIZE,"使用美制單位(見同頁其他欄位),需換算當地貨幣+單位"
es,car-insurance-calc,vehicleValue,LOCALIZE,"使用美制單位(見同頁其他欄位),需換算當地貨幣+單位"
es,car-insurance-estimate,vehicleValue,LOCALIZE,"使用美制單位(見同頁其他欄位),需換算當地貨幣+單位"
es,car-lease-vs-buy,carPrice,LOCALIZE,"使用美制單位(見同頁其他欄位),需換算當地貨幣+單位"
es,car-lease-vs-buy,downPayment,LOCALIZE,"使用美制單位(見同頁其他欄位),需換算當地貨幣+單位"
es,car-lease-vs-buy,leaseMonthly,LOCALIZE,"使用美制單位(見同頁其他欄位),需換算當地貨幣+單位"
es,car-lease-vs-buy,annualMaintenance,LOCALIZE,"使用美制單位(見同頁其他欄位),需換算當地貨幣+單位"
es,car-lease-vs-buy,annualInsurance,LOCALIZE,"使用美制單位(見同頁其他欄位),需換算當地貨幣+單位"
es,car-lease-vs-buy,annualRegistration,LOCALIZE,"使用美制單位(見同頁其他欄位),需換算當地貨幣+單位"
es,car-lease-vs-buy,gasPrice,LOCALIZE,"使用美制單位(見同頁其他欄位),需換算當地貨幣+單位"
es,car-loan,loanAmount,MISMATCH,"輸入框用$,es語言預期應為€"
es,car-loan,downPayment,MISMATCH,"輸入框用$,es語言預期應為€"
es,cash-on-cash,annualCashflow,MISMATCH,"輸入框用$,es語言預期應為€"
es,cash-on-cash,cashInvested,MISMATCH,"輸入框用$,es語言預期應為€"
es,catch-up-contribution,(全頁),EXCEPTION,"已知美國制度專屬工具,維持USD"
es,child-support,payor_gross_income,MISMATCH,"輸入框用$,es語言預期應為€"
es,child-support,payee_gross_income,MISMATCH,"輸入框用$,es語言預期應為€"
es,child-support,annual_childcare_costs,MISMATCH,"輸入框用$,es語言預期應為€"
es,child-support,health_insurance_costs,MISMATCH,"輸入框用$,es語言預期應為€"
es,coast-fire-calc,fireNumber,MISMATCH,"輸入框用$,內文卻出現€"
es,coffee-ratio,customRatio,UNCLASSIFIED,prefix=1:
es,college-savings,monthlyPayment,LOCALIZE,"使用美制單位(見同頁其他欄位),需換算當地貨幣+單位"
es,college-savings,initialAmount,LOCALIZE,"使用美制單位(見同頁其他欄位),需換算當地貨幣+單位"
es,commute-cost,fuelPrice,LOCALIZE,"使用美制單位(por galón),需換算當地貨幣+單位"
es,commute-cost,dailyTolls,LOCALIZE,"使用美制單位(見同頁其他欄位),需換算當地貨幣+單位"
es,commute-cost,dailyParking,LOCALIZE,"使用美制單位(見同頁其他欄位),需換算當地貨幣+單位"
es,commute-cost,vehiclePrice,LOCALIZE,"使用美制單位(見同頁其他欄位),需換算當地貨幣+單位"
es,commute-cost,maintenanceAnnual,LOCALIZE,"使用美制單位(見同頁其他欄位),需換算當地貨幣+單位"
es,commute-cost,insuranceAnnual,LOCALIZE,"使用美制單位(見同頁其他欄位),需換算當地貨幣+單位"
es,company-registration,registration_fee,UNCLASSIFIED,prefix=€
es,company-registration,capital_duty,UNCLASSIFIED,prefix=€
es,company-registration,agent_fee,UNCLASSIFIED,prefix=€
es,compound-interest-debt,principal_amount,UNCLASSIFIED,prefix=€
es,compound-interest,principal,UNCLASSIFIED,prefix=€
es,cost-of-living,salaryCity1,UNCLASSIFIED,prefix=€
es,court-fee,claimAmount,UNCLASSIFIED,prefix=€
es,coverage-gap-finder,neededCoverage,UNCLASSIFIED,prefix=€
es,coverage-gap-finder,existingCoverage,UNCLASSIFIED,prefix=€
es,credit-card-payoff,creditCardBalance,LOCALIZE,"使用美制單位(見同頁其他欄位),需換算當地貨幣+單位"
es,credit-card-payoff,monthlyPayment,LOCALIZE,"使用美制單位(見同頁其他欄位),需換算當地貨幣+單位"
es,critical-illness-calc,annualMedicalCost,UNCLASSIFIED,prefix=€
es,critical-illness-calc,annualIncome,UNCLASSIFIED,prefix=€
es,critical-illness-calc,existingSavings,UNCLASSIFIED,prefix=€
es,customer-acquisition,marketing_spend,MISMATCH,"輸入框用$,內文卻出現€"
es,customs-duty,cifValue,MISMATCH,"輸入框用$,內文卻出現€"
es,dca-calculator,totalInvested,MISMATCH,"輸入框用$,es語言預期應為€"
es,dcf-calculator,yearOne,UNCLASSIFIED,prefix=€
es,dcf-calculator,yearTwo,UNCLASSIFIED,prefix=€
es,dcf-calculator,yearThree,UNCLASSIFIED,prefix=€
es,dcf-calculator,yearFour,UNCLASSIFIED,prefix=€
es,dcf-calculator,yearFive,UNCLASSIFIED,prefix=€
es,dcf-calculator,terminalValue,UNCLASSIFIED,prefix=€
es,dcf-calculator,netDebt,UNCLASSIFIED,prefix=€
es,debt-consolidation,debt1Amount,UNCLASSIFIED,prefix=€
es,debt-consolidation,debt2Amount,UNCLASSIFIED,prefix=€
es,debt-consolidation,debt3Amount,UNCLASSIFIED,prefix=€
es,debt-consolidation,consolidationFee,UNCLASSIFIED,prefix=€
es,debt-to-equity,totalDebt,UNCLASSIFIED,prefix=€
es,debt-to-equity,equity,UNCLASSIFIED,prefix=€
es,debt-to-income,monthlyDebt,UNCLASSIFIED,prefix=€
es,debt-to-income,grossIncome,UNCLASSIFIED,prefix=€
es,dental-cost-calculator,treatmentCost,UNCLASSIFIED,prefix=€
es,dental-cost-calculator,deductible,UNCLASSIFIED,prefix=€
es,dental-cost-calculator,deductibleMet,UNCLASSIFIED,prefix=€
es,dental-cost-calculator,annualMax,UNCLASSIFIED,prefix=€
es,dental-cost-calculator,benefitsUsed,UNCLASSIFIED,prefix=€
es,disability-insurance,annualIncome,MISMATCH,"輸入框用$,es語言預期應為€"
es,dividend-yield,(全頁),PLACEHOLDER,"技術分析/報價類工具,$為佔位符"
es,down-payment,propertyPrice,MISMATCH,"輸入框用$,es語言預期應為€"
es,dropship-margin,sellPrice,MISMATCH,"輸入框用$,es語言預期應為€"
es,dropship-margin,supplierCost,MISMATCH,"輸入框用$,es語言預期應為€"
es,dropship-margin,shippingCost,MISMATCH,"輸入框用$,es語言預期應為€"
es,dropship-margin,adCost,MISMATCH,"輸入框用$,es語言預期應為€"
es,ebitda-valuation,ebitda_value,MISMATCH,"輸入框用$,內文卻出現€"
es,effective-tax-rate,totalIncome,UNCLASSIFIED,prefix=€
es,effective-tax-rate,totalTax,UNCLASSIFIED,prefix=€
es,electricity-cost,rate_per_kwh,MISMATCH,"輸入框用$,es語言預期應為€"
es,email-roi,revenue_generated,MISMATCH,"輸入框用$,es語言預期應為€"
es,email-roi,email_cost,MISMATCH,"輸入框用$,es語言預期應為€"
es,employee-cost,annualSalary,UNCLASSIFIED,prefix=€
es,employee-cost,healthInsurance,UNCLASSIFIED,prefix=€
es,employee-cost,nationalInsurance,UNCLASSIFIED,prefix=€
es,employee-cost,pensionContribution,UNCLASSIFIED,prefix=€
es,employee-cost,otherBenefits,UNCLASSIFIED,prefix=€
es,eps-calculator,netIncome,UNCLASSIFIED,prefix=€
es,ev-charging-cost,electricity_rate,MISMATCH,"輸入框用$,內文卻出現€"
es,ev-vs-gas,evPrice,LOCALIZE,"使用美制單位(見同頁其他欄位),需換算當地貨幣+單位"
es,ev-vs-gas,gasPrice,LOCALIZE,"使用美制單位(見同頁其他欄位),需換算當地貨幣+單位"
es,ev-vs-gas,evTaxCredit,EXCEPTION_CANDIDATE,"欄位為稅務抵免/補助類,且內文含美國專屬關鍵字,建議人工確認"
es,ev-vs-gas,electricityRate,LOCALIZE,"使用美制單位(/kWh),需換算當地貨幣+單位"
es,ev-vs-gas,gasPrice_input,LOCALIZE,"使用美制單位(/gal),需換算當地貨幣+單位"
es,ev-vs-gas,evMaintenance,LOCALIZE,"使用美制單位(見同頁其他欄位),需換算當地貨幣+單位"
es,ev-vs-gas,gasMaintenance,LOCALIZE,"使用美制單位(見同頁其他欄位),需換算當地貨幣+單位"
es,ev-vs-gas,evInsurance,LOCALIZE,"使用美制單位(見同頁其他欄位),需換算當地貨幣+單位"
es,ev-vs-gas,gasInsurance,LOCALIZE,"使用美制單位(見同頁其他欄位),需換算當地貨幣+單位"
es,ev-vs-gas,evRegistration,LOCALIZE,"使用美制單位(見同頁其他欄位),需換算當地貨幣+單位"
es,ev-vs-gas,gasRegistration,LOCALIZE,"使用美制單位(見同頁其他欄位),需換算當地貨幣+單位"
es,extra-payment,loanAmount,LOCALIZE,"使用美制單位(見同頁其他欄位),需換算當地貨幣+單位"
es,extra-payment,extraPayment,LOCALIZE,"使用美制單位(見同頁其他欄位),需換算當地貨幣+單位"
es,fba-fee-calculator,product_price,MISMATCH,"輸入框用$,es語言預期應為€"
es,fba-fee-calculator,monthly_storage,MISMATCH,"輸入框用$,es語言預期應為€"
es,fibonacci-retracement,(全頁),PLACEHOLDER,"技術分析/報價類工具,$為佔位符"
es,fire-number-calc,annualExpenses,UNCLASSIFIED,prefix=€
es,food-cost,foodCost,UNCLASSIFIED,prefix=€
es,food-cost,sellingPrice,UNCLASSIFIED,prefix=€
es,forex-profit,pipValue,MISMATCH,"輸入框用$,es語言預期應為€"
es,franchise-roi,franchiseRevenue,MISMATCH,"輸入框用$,es語言預期應為€"
es,franchise-roi,operatingCosts,MISMATCH,"輸入框用$,es語言預期應為€"
es,franchise-roi,staffCosts,MISMATCH,"輸入框用$,es語言預期應為€"
es,franchise-roi,royaltyFees,MISMATCH,"輸入框用$,es語言預期應為€"
es,franchise-roi,initialInvestment,MISMATCH,"輸入框用$,es語言預期應為€"
es,freelance-rate,annual_expenses,UNCLASSIFIED,prefix=€
es,freelance-rate,desired_profit,UNCLASSIFIED,prefix=€
es,freelancer-tax,annual_income,MISMATCH,"輸入框用$,es語言預期應為€"
es,freelancer-tax,business_expenses,MISMATCH,"輸入框用$,es語言預期應為€"
es,fsa-savings-calc,(全頁),EXCEPTION,"已知美國制度專屬工具,維持USD"
es,fuel-cost,fuelPrice,MISMATCH,"輸入框用$,內文卻出現€"
es,future-value,presentValue,UNCLASSIFIED,prefix=€
es,gas-bill,ratePerUnit,UNCLASSIFIED,prefix=€
es,gas-bill,standingCharge,UNCLASSIFIED,prefix=€
es,gdpr-fine,annual_revenue,UNCLASSIFIED,prefix=€
es,gross-profit-margin,revenue,UNCLASSIFIED,prefix=€
es,gross-profit-margin,cogs,UNCLASSIFIED,prefix=€
es,health-deductible-calc,deductibleAmount,MISMATCH,"輸入框用$,es語言預期應為€"
es,health-deductible-calc,amountSpent,MISMATCH,"輸入框用$,es語言預期應為€"
es,health-insurance-estimate,annualDeductible,MISMATCH,"輸入框用$,es語言預期應為€"
es,health-insurance-estimate,estimatedAnnualMedicalCosts,MISMATCH,"輸入框用$,es語言預期應為€"
es,heloc-vs-personal-loan,loanAmount,MISMATCH,"輸入框用$,es語言預期應為€"
es,home-affordability,annualIncome,LOCALIZE,"使用美制單位(見同頁其他欄位),需換算當地貨幣+單位"
es,home-affordability,monthlyDebts,LOCALIZE,"使用美制單位(見同頁其他欄位),需換算當地貨幣+單位"
es,home-energy-audit,electricity_rate,UNCLASSIFIED,prefix=€
es,home-energy-audit,gas_rate,UNCLASSIFIED,prefix=€
es,home-equity,marketValue,UNCLASSIFIED,prefix=€
es,home-equity,mortgageBalance,UNCLASSIFIED,prefix=€
es,home-insurance-calc,homeValue,MISMATCH,"輸入框用$,內文卻出現€"
es,home-mortgage,loanAmount,MISMATCH,"輸入框用$,內文卻出現€"
es,home-mortgage,downPayment,MISMATCH,"輸入框用$,內文卻出現€"
es,home-mortgage,propertyTax,MISMATCH,"輸入框用$,內文卻出現€"
es,home-mortgage,homeInsurance,MISMATCH,"輸入框用$,內文卻出現€"
es,home-mortgage,pmi,MISMATCH,"輸入框用$,內文卻出現€"
es,hsa-contribution-calc,(全頁),EXCEPTION,"已知美國制度專屬工具,維持USD"
es,income-replacement,monthlyIncome,UNCLASSIFIED,prefix=€
es,income-tax,(全頁),EXCEPTION,"已知美國制度專屬工具,維持USD"
es,inflation,presentValue,UNCLASSIFIED,prefix=€
es,insulation-calculator,insulationCost,MISMATCH,"輸入框用$,es語言預期應為€"
es,insurance-premium-compare,annualPremium,MISMATCH,"輸入框用$,es語言預期應為€"
es,insurance-premium-compare,monthlyPremium,MISMATCH,"輸入框用$,es語言預期應為€"
es,insurance-premium-compare,singlePremium,MISMATCH,"輸入框用$,es語言預期應為€"
es,intrinsic-value,epsInput,MISMATCH,"輸入框用$,es語言預期應為€"
es,inventory-turnover,costOfGoodsSold,MISMATCH,"輸入框用$,es語言預期應為€"
es,inventory-turnover,beginningInventory,MISMATCH,"輸入框用$,es語言預期應為€"
es,inventory-turnover,endingInventory,MISMATCH,"輸入框用$,es語言預期應為€"
es,irr-calculator,initialInvestment,UNCLASSIFIED,prefix=€
es,irr-calculator,year1CashFlow,UNCLASSIFIED,prefix=€
es,irr-calculator,year2CashFlow,UNCLASSIFIED,prefix=€
es,irr-calculator,year3CashFlow,UNCLASSIFIED,prefix=€
es,irr-calculator,year4CashFlow,UNCLASSIFIED,prefix=€
es,irr-calculator,year5CashFlow,UNCLASSIFIED,prefix=€
es,ivf-cost-calculator,costPerCycle,MISMATCH,"輸入框用$,es語言預期應為€"
es,ivf-cost-calculator,additionalCosts,MISMATCH,"輸入框用$,es語言預期應為€"
es,kelly-criterion,bankroll,MISMATCH,"輸入框用$,內文卻出現€"
es,landed-cost,productPrice,MISMATCH,"輸入框用$,es語言預期應為€"
es,landed-cost,shippingCost,MISMATCH,"輸入框用$,es語言預期應為€"
es,landed-cost,importDuty,MISMATCH,"輸入框用$,es語言預期應為€"
es,landed-cost,insuranceCost,MISMATCH,"輸入框用$,es語言預期應為€"
es,landed-cost,additionalCosts,MISMATCH,"輸入框用$,es語言預期應為€"
es,lasik-cost-calculator,cost_per_eye,MISMATCH,"輸入框用$,內文卻出現€"
es,late-payment-interest,principalAmount,UNCLASSIFIED,prefix=€
es,lawyer-fee,hourly_rate,MISMATCH,"輸入框用$,es語言預期應為€"
es,led-savings,electricity_rate,UNCLASSIFIED,prefix=€
es,legal-interest,principal_amount,UNCLASSIFIED,prefix=€
es,liability-insurance,netWorth,UNCLASSIFIED,prefix=€
es,life-insurance-calc,annual_income,UNCLASSIFIED,prefix=€
es,life-insurance-calc,outstanding_debt,UNCLASSIFIED,prefix=€
es,life-insurance-needs,totalDebt,UNCLASSIFIED,prefix=€
es,life-insurance-needs,annualIncome,UNCLASSIFIED,prefix=€
es,life-insurance-needs,mortgageBalance,UNCLASSIFIED,prefix=€
es,life-insurance-needs,educationCosts,UNCLASSIFIED,prefix=€
es,life-insurance-needs,currentSavings,UNCLASSIFIED,prefix=€
es,loan-affordability,annualIncome,MISMATCH,"輸入框用$,es語言預期應為€"
es,loan-comparison,loanAmount1,LOCALIZE,"使用美制單位(見同頁其他欄位),需換算當地貨幣+單位"
es,loan-comparison,loanAmount2,LOCALIZE,"使用美制單位(見同頁其他欄位),需換算當地貨幣+單位"
es,loan-vs-lease,vehiclePrice,TYPO,"金額欄位卻標記%,應為貨幣符號"
es,loan-vs-lease,downPayment,LOCALIZE,"使用美制單位(見同頁其他欄位),需換算當地貨幣+單位"
es,loan-vs-lease,residualValue,LOCALIZE,"使用美制單位(見同頁其他欄位),需換算當地貨幣+單位"
es,loan-vs-lease,annualMaintenance,LOCALIZE,"使用美制單位(見同頁其他欄位),需換算當地貨幣+單位"
es,loan-vs-lease,annualInsurance,LOCALIZE,"使用美制單位(見同頁其他欄位),需換算當地貨幣+單位"
es,loan-vs-lease,annualRegistration,LOCALIZE,"使用美制單位(見同頁其他欄位),需換算當地貨幣+單位"
es,loan-vs-lease,leaseMonthlyPayment,LOCALIZE,"使用美制單位(見同頁其他欄位),需換算當地貨幣+單位"
es,loan-vs-lease,leaseInsurance,LOCALIZE,"使用美制單位(見同頁其他欄位),需換算當地貨幣+單位"
es,loan-vs-lease,leaseAcquisitionFee,LOCALIZE,"使用美制單位(見同頁其他欄位),需換算當地貨幣+單位"
es,loan-vs-lease,leaseDispositionFee,LOCALIZE,"使用美制單位(見同頁其他欄位),需換算當地貨幣+單位"
es,loan-vs-lease,mileageOverageCharge,LOCALIZE,"使用美制單位(/milla),需換算當地貨幣+單位"
es,long-term-care,dailyCost,MISMATCH,"輸入框用$,內文卻出現€"
es,ltv-calculator,arpu,MISMATCH,"輸入框用$,內文卻出現€"
es,macd-calculator,(全頁),PLACEHOLDER,"技術分析/報價類工具,$為佔位符"
es,margin-calculator,assetPrice,MISMATCH,"輸入框用$,es語言預期應為€"
es,medical-cost-estimator,procedureCost,MISMATCH,"輸入框用$,es語言預期應為€"
es,medical-cost-estimator,deductible,MISMATCH,"輸入框用$,es語言預期應為€"
es,medical-cost-estimator,copay,MISMATCH,"輸入框用$,es語言預期應為€"
es,medical-tourism-saving,localCost,MISMATCH,"輸入框用$,es語言預期應為€"
es,medical-tourism-saving,destinationCost,MISMATCH,"輸入框用$,es語言預期應為€"
es,medical-tourism-saving,travelCost,MISMATCH,"輸入框用$,es語言預期應為€"
es,medication-cost-compare,brandPrice,MISMATCH,"輸入框用$,內文卻出現€"
es,medication-cost-compare,genericPrice,MISMATCH,"輸入框用$,內文卻出現€"
es,meeting-cost,avg_hourly_rate,UNCLASSIFIED,prefix=€
es,mortgage-refinance,currentLoanAmount,LOCALIZE,"使用美制單位(見同頁其他欄位),需換算當地貨幣+單位"
es,mortgage-refinance,refinancingCosts,LOCALIZE,"使用美制單位(見同頁其他欄位),需換算當地貨幣+單位"
es,mortgage,loanAmount,LOCALIZE,"使用美制單位(見同頁其他欄位),需換算當地貨幣+單位"
es,mrr-calculator,arpu,MISMATCH,"輸入框用$,es語言預期應為€"
es,net-profit-margin,netIncome,MISMATCH,"輸入框用$,es語言預期應為€"
es,net-profit-margin,revenue,MISMATCH,"輸入框用$,es語言預期應為€"
es,nursing-home-cost,monthlyNursingCost,MISMATCH,"輸入框用$,es語言預期應為€"
es,nursing-home-cost,additionalMonthlyExpenses,MISMATCH,"輸入框用$,es語言預期應為€"
es,nursing-home-cost,initialAdmissionFee,MISMATCH,"輸入框用$,es語言預期應為€"
es,oop-maximum-calc,maximumAmount,MISMATCH,"輸入框用$,es語言預期應為€"
es,oop-maximum-calc,amountPaid,MISMATCH,"輸入框用$,es語言預期應為€"
es,options-profit,spotPrice,MISMATCH,"輸入框用$,es語言預期應為€"
es,options-profit,strikePrice,MISMATCH,"輸入框用$,es語言預期應為€"
es,options-profit,premium,MISMATCH,"輸入框用$,es語言預期應為€"
es,overtime-calculator,hourlyRate,MISMATCH,"輸入框用$,es語言預期應為€"
es,parking-cost,hourlyRate,UNCLASSIFIED,prefix=€
es,parking-cost,dailyRate,UNCLASSIFIED,prefix=€
es,patent-cost,filingFee,MISMATCH,"輸入框用$,es語言預期應為€"
es,patent-cost,examinationFee,MISMATCH,"輸入框用$,es語言預期應為€"
es,patent-cost,maintenanceFeeThreeYear,MISMATCH,"輸入框用$,es語言預期應為€"
es,patent-cost,maintenanceFeeSevenYear,MISMATCH,"輸入框用$,es語言預期應為€"
es,patent-cost,maintenanceFeeSixteenYear,MISMATCH,"輸入框用$,es語言預期應為€"
es,patent-cost,attorneyFees,MISMATCH,"輸入框用$,es語言預期應為€"
es,payback-period,initialInvestment,UNCLASSIFIED,prefix=€
es,payback-period,annualCashflow,UNCLASSIFIED,prefix=€
es,payday-loan-cost,loanPrincipal,LOCALIZE,"使用美制單位(見同頁其他欄位),需換算當地貨幣+單位"
es,payday-loan-cost,loanFee,LOCALIZE,"使用美制單位(見同頁其他欄位),需換算當地貨幣+單位"
es,payroll-tax,(全頁),EXCEPTION,"已知美國制度專屬工具,維持USD"
es,pb-ratio,stockPrice,MISMATCH,"輸入框用$,es語言預期應為€"
es,pb-ratio,bookValue,MISMATCH,"輸入框用$,es語言預期應為€"
es,pe-ratio,stockPrice,UNCLASSIFIED,prefix=€
es,pe-ratio,earningsPerShare,UNCLASSIFIED,prefix=€
es,penalty-interest,principal_amount,UNCLASSIFIED,prefix=€
es,pension-vs-lump-sum,pensionMonthly,UNCLASSIFIED,prefix=€
es,pension-vs-lump-sum,lumpSumAmount,UNCLASSIFIED,prefix=€
es,personal-loan-calc,loanAmount,MISMATCH,"輸入框用$,es語言預期應為€"
es,pet-insurance-calc,deductible,LOCALIZE,"使用美制單位(見同頁其他欄位),需換算當地貨幣+單位"
es,pivot-point,(全頁),PLACEHOLDER,"技術分析/報價類工具,$為佔位符"
es,position-size,accountBalance,MISMATCH,"輸入框用$,內文卻出現€"
es,position-size,entryPrice,MISMATCH,"輸入框用$,內文卻出現€"
es,position-size,stopLossPrice,MISMATCH,"輸入框用$,內文卻出現€"
es,premium-vs-hdhp,lowPremiumMonthly,MISMATCH,"輸入框用$,es語言預期應為€"
es,premium-vs-hdhp,lowPremiumDeductible,MISMATCH,"輸入框用$,es語言預期應為€"
es,premium-vs-hdhp,lowPremiumOopMax,MISMATCH,"輸入框用$,es語言預期應為€"
es,premium-vs-hdhp,lowPremiumExpectedOop,MISMATCH,"輸入框用$,es語言預期應為€"
es,premium-vs-hdhp,hdhpMonthly,MISMATCH,"輸入框用$,es語言預期應為€"
es,premium-vs-hdhp,hdhpDeductible,MISMATCH,"輸入框用$,es語言預期應為€"
es,premium-vs-hdhp,hdhpOopMax,MISMATCH,"輸入框用$,es語言預期應為€"
es,premium-vs-hdhp,hdhpExpectedOop,MISMATCH,"輸入框用$,es語言預期應為€"
es,premium-vs-hdhp,hdhpContribution,MISMATCH,"輸入框用$,es語言預期應為€"
es,present-value,futureValue,MISMATCH,"輸入框用$,es語言預期應為€"
es,pricing-calculator,productCost,MISMATCH,"輸入框用$,es語言預期應為€"
es,pricing-calculator,additionalFees,MISMATCH,"輸入框用$,es語言預期應為€"
es,property-tax,propertyValue,MISMATCH,"輸入框用$,es語言預期應為€"
es,property-tax,exemptions,MISMATCH,"輸入框用$,es語言預期應為€"
es,property-tax,creditAmount,MISMATCH,"輸入框用$,es語言預期應為€"
es,refinance-break-even,closingCosts,MISMATCH,"輸入框用$,es語言預期應為€"
es,refinance-break-even,monthlySavings,MISMATCH,"輸入框用$,es語言預期應為€"
es,rehab-cost-estimator,dailyRate,MISMATCH,"輸入框用$,es語言預期應為€"
es,renovation-cost,localRate,MISMATCH,"輸入框用$,es語言預期應為€"
es,rent-vs-buy,propertyPrice,UNCLASSIFIED,prefix=€
es,rent-vs-buy,monthlyRent,UNCLASSIFIED,prefix=€
es,rent-vs-buy,propertyTaxRate,TYPO,"百分比欄位卻標記€,應為%"
es,rental-income-tax,annualRentalIncome,MISMATCH,"輸入框用$,內文卻出現€"
es,rental-income-tax,mortgageInterest,MISMATCH,"輸入框用$,內文卻出現€"
es,rental-income-tax,propertyTaxes,MISMATCH,"輸入框用$,內文卻出現€"
es,rental-income-tax,utilities,MISMATCH,"輸入框用$,內文卻出現€"
es,rental-income-tax,maintenance,MISMATCH,"輸入框用$,內文卻出現€"
es,rental-income-tax,insurance,MISMATCH,"輸入框用$,內文卻出現€"
es,rental-income-tax,managementFees,MISMATCH,"輸入框用$,內文卻出現€"
es,rental-income-tax,advertising,MISMATCH,"輸入框用$,內文卻出現€"
es,rental-income-tax,otherExpenses,MISMATCH,"輸入框用$,內文卻出現€"
es,rental-income-tax,propertyValue,MISMATCH,"輸入框用$,內文卻出現€"
es,rental-yield,annualRent,UNCLASSIFIED,prefix=€
es,rental-yield,propertyPrice,UNCLASSIFIED,prefix=€
es,renters-insurance,belongingsValue,MISMATCH,"輸入框用$,內文卻出現€"
es,renters-insurance,deductible,MISMATCH,"輸入框用$,內文卻出現€"
es,renters-insurance,liabilityLimit,MISMATCH,"輸入框用$,內文卻出現€"
es,required-minimum-dist,accountBalance,MISMATCH,"輸入框用$,es語言預期應為€"
es,retirement-income-need,currentAnnualExpenses,MISMATCH,"輸入框用$,內文卻出現€"
es,retirement-savings-gap,currentSavings,UNCLASSIFIED,prefix=€
es,retirement-savings-gap,annualContribution,UNCLASSIFIED,prefix=€
es,retirement-savings-gap,retirementGoal,UNCLASSIFIED,prefix=€
es,retirement,monthlyContribution,UNCLASSIFIED,prefix=€
es,retirement,currentSavings,UNCLASSIFIED,prefix=€
es,risk-reward,entryPrice,UNCLASSIFIED,prefix=€
es,risk-reward,stopPrice,UNCLASSIFIED,prefix=€
es,risk-reward,targetPrice,UNCLASSIFIED,prefix=€
es,roas-calculator,revenue,MISMATCH,"輸入框用$,es語言預期應為€"
es,roas-calculator,adSpend,MISMATCH,"輸入框用$,es語言預期應為€"
es,roi-calculator,gainAmount,UNCLASSIFIED,prefix=€
es,roi-calculator,costAmount,UNCLASSIFIED,prefix=€
es,roi-of-insurance,benefitAmount,UNCLASSIFIED,prefix=€
es,roi-of-insurance,premiumCost,UNCLASSIFIED,prefix=€
es,roth-vs-traditional,(全頁),EXCEPTION,"已知美國制度專屬工具,維持USD"
es,rsi-calculator,(全頁),PLACEHOLDER,"技術分析/報價類工具,$為佔位符"
es,runway-calculator,cashAmount,MISMATCH,"輸入框用$,內文卻出現€"
es,runway-calculator,monthlyBurnRate,MISMATCH,"輸入框用$,內文卻出現€"
es,saas-ltv-cac,monthlyARR,MISMATCH,"輸入框用$,內文卻出現€"
es,saas-ltv-cac,cacCost,MISMATCH,"輸入框用$,內文卻出現€"
es,salary-raise,currentSalary,UNCLASSIFIED,prefix=€
es,salary-to-hourly,annual_salary,UNCLASSIFIED,prefix=€
es,sales-commission,salesAmount,MISMATCH,"輸入框用$,內文卻出現€"
es,sales-commission,tier1Limit,MISMATCH,"輸入框用$,內文卻出現€"
es,sales-commission,tier2Limit,MISMATCH,"輸入框用$,內文卻出現€"
es,scholarship-calculator,annual_tuition,UNCLASSIFIED,prefix=€
es,scholarship-calculator,scholarship_amount,UNCLASSIFIED,prefix=€
es,scholarship-calculator,grants_amount,UNCLASSIFIED,prefix=€
es,severance-calculator,monthlyBaseSalary,MISMATCH,"輸入框用NT$,es語言預期應為€"
es,severance-calculator,bonusesAnnual,MISMATCH,"輸入框用NT$,es語言預期應為€"
es,shipping-cost,shipping_rate,UNCLASSIFIED,prefix=€
es,shopee-profit,productRevenue,MISMATCH,"輸入框用$,es語言預期應為€"
es,shopee-profit,shippingCost,MISMATCH,"輸入框用$,es語言預期應為€"
es,shopee-profit,productCOGS,MISMATCH,"輸入框用$,es語言預期應為€"
es,simple-interest,principal,UNCLASSIFIED,prefix=€
es,solar-roi,systemCost,MISMATCH,"輸入框用$,內文卻出現€"
es,solar-roi,annualSavings,MISMATCH,"輸入框用$,內文卻出現€"
es,solar-roi,maintenanceCost,MISMATCH,"輸入框用$,內文卻出現€"
es,stamp-duty,propertyPrice,MISMATCH,"輸入框用£,內文卻出現€"
es,startup-cost-estimator,oneTimeCosts,MISMATCH,"輸入框用$,es語言預期應為€"
es,startup-cost-estimator,monthlyOperatingCosts,MISMATCH,"輸入框用$,es語言預期應為€"
es,startup-valuation,annualRevenue,UNCLASSIFIED,prefix=€
es,stock-gain-loss,(全頁),PLACEHOLDER,"技術分析/報價類工具,$為佔位符"
es,stock-split,(全頁),PLACEHOLDER,"技術分析/報價類工具,$為佔位符"
es,stop-loss,entryPrice,MISMATCH,"輸入框用$,es語言預期應為€"
es,stop-loss,stopLossPrice,MISMATCH,"輸入框用$,es語言預期應為€"
es,student-loan-refi,currentLoanBalance,MISMATCH,"輸入框用$,es語言預期應為€"
es,student-loan-refi,refinanceFees,MISMATCH,"輸入框用$,es語言預期應為€"
es,student-loan,loanAmount,LOCALIZE,"使用美制單位(見同頁其他欄位),需換算當地貨幣+單位"
es,support-resistance,(全頁),PLACEHOLDER,"技術分析/報價類工具,$為佔位符"
es,surgery-cost-estimator,procedureBaseCost,MISMATCH,"輸入框用$,es語言預期應為€"
es,take-home-pay,(全頁),EXCEPTION,"已知美國制度專屬工具,維持USD"
es,term-vs-whole-life,termPremium,UNCLASSIFIED,prefix=€
es,term-vs-whole-life,wholePremium,UNCLASSIFIED,prefix=€
es,term-vs-whole-life,deathBenefit,UNCLASSIFIED,prefix=€
es,term-vs-whole-life,wholeLifeCashValue,UNCLASSIFIED,prefix=€
es,therapy-cost-calc,sessionRate,MISMATCH,"輸入框用$,內文卻出現€"
es,therapy-cost-calc,insuranceCoverage,MISMATCH,"輸入框用$,內文卻出現€"
es,therapy-cost-calc,copayPerSession,MISMATCH,"輸入框用$,內文卻出現€"
es,tip-calculator,billAmount,MISMATCH,"輸入框用$,es語言預期應為€"
es,trademark-fee,feePerClass,MISMATCH,"輸入框用$,es語言預期應為€"
es,trademark-fee,additionalClassFee,MISMATCH,"輸入框用$,es語言預期應為€"
es,trading-fee,tradeAmount,MISMATCH,"輸入框用$,es語言預期應為€"
es,travel-insurance-calc,tripCost,UNCLASSIFIED,prefix=€
es,trip-fuel,fuelPrice,LOCALIZE,"使用美制單位(por galón),需換算當地貨幣+單位"
es,tuition-cost,annualTuition,MISMATCH,"輸入框用$,es語言預期應為€"
es,tuition-cost,annualHousing,MISMATCH,"輸入框用$,es語言預期應為€"
es,tuition-cost,annualBooks,MISMATCH,"輸入框用$,es語言預期應為€"
es,umbrella-insurance,netWorth,UNCLASSIFIED,prefix=€
es,umbrella-insurance,existingCoverage,UNCLASSIFIED,prefix=€
es,umbrella-insurance,annualIncome,UNCLASSIFIED,prefix=€
es,valuation-calculator,annualRevenue,MISMATCH,"輸入框用$,es語言預期應為€"
es,valuation-calculator,netIncome,MISMATCH,"輸入框用$,es語言預期應為€"
es,vat-calculator,netPrice,UNCLASSIFIED,prefix=€
es,water-bill,tier1Rate,UNCLASSIFIED,prefix=€
es,water-bill,tier2Rate,UNCLASSIFIED,prefix=€
es,water-bill,tier3Rate,UNCLASSIFIED,prefix=€
es,water-bill,fixedCharge,UNCLASSIFIED,prefix=€
es,withdrawal-rate,portfolioValue,MISMATCH,"輸入框用$,es語言預期應為€"
es,working-capital,currentAssets,UNCLASSIFIED,prefix=€
es,working-capital,currentLiabilities,UNCLASSIFIED,prefix=€
es,youtube-revenue,youtubeRPM,MISMATCH,"輸入框用$,es語言預期應為€"
pt,0-percent-financing,purchasePrice,MISMATCH,"輸入框用R$,內文卻出現$"
pt,0-percent-financing,downPayment,MISMATCH,"輸入框用R$,內文卻出現$"
pt,401k-contribution,(全頁),EXCEPTION,"已知美國制度專屬工具,維持USD"
pt,alimony-calculator,payerIncome,MISMATCH,"輸入框用R$,內文卻出現$"
pt,alimony-calculator,recipientIncome,MISMATCH,"輸入框用R$,內文卻出現$"
pt,amazon-profit,selling_price,MISMATCH,"輸入框用R$,內文卻出現$"
pt,amazon-profit,cogs,MISMATCH,"輸入框用R$,內文卻出現$"
pt,amazon-profit,fba_fee,MISMATCH,"輸入框用R$,內文卻出現$"
pt,annual-leave,dailyWage,MISMATCH,"輸入框用R$,pt語言預期應為€"
pt,annuity-calculator,presentValue,MISMATCH,"輸入框用R$,內文卻出現$"
pt,annuity-income,lumpSum,MISMATCH,"輸入框用R$,內文卻出現$"
pt,appliance-energy,electricityRate,MISMATCH,"輸入框用R$,內文卻出現€"
pt,apr-calculator,loanAmount,MISMATCH,"輸入框用R$,pt語言預期應為€"
pt,apr-calculator,totalFees,MISMATCH,"輸入框用R$,pt語言預期應為€"
pt,apr-calculator,processingFee,MISMATCH,"輸入框用R$,pt語言預期應為€"
pt,asset-allocation,totalPortfolio,MISMATCH,"輸入框用R$,pt語言預期應為€"
pt,atr-calculator,highPrice,MISMATCH,"輸入框用R$,內文卻出現$"
pt,atr-calculator,lowPrice,MISMATCH,"輸入框用R$,內文卻出現$"
pt,atr-calculator,closePrice,MISMATCH,"輸入框用R$,內文卻出現$"
pt,average-down,(全頁),PLACEHOLDER,"技術分析/報價類工具,$為佔位符"
pt,balloon-payment,loanAmount,MISMATCH,"輸入框用R$,pt語言預期應為€"
pt,balloon-payment,balloonAmount,MISMATCH,"輸入框用R$,pt語言預期應為€"
pt,bollinger-bands,(全頁),PLACEHOLDER,"技術分析/報價類工具,$為佔位符"
pt,bond-yield,faceValue,MISMATCH,"輸入框用R$,pt語言預期應為€"
pt,bond-yield,currentPrice,MISMATCH,"輸入框用R$,pt語言預期應為€"
pt,bonus-tax,(全頁),EXCEPTION,"已知美國制度專屬工具,維持USD"
pt,break-even-units,fixedCosts,MISMATCH,"輸入框用R$,pt語言預期應為€"
pt,break-even-units,pricePerUnit,MISMATCH,"輸入框用R$,pt語言預期應為€"
pt,break-even-units,variableCostPerUnit,MISMATCH,"輸入框用R$,pt語言預期應為€"
pt,break-even,fixed_costs,MISMATCH,"輸入框用R$,pt語言預期應為€"
pt,break-even,price_per_unit,MISMATCH,"輸入框用R$,pt語言預期應為€"
pt,break-even,variable_cost,MISMATCH,"輸入框用R$,pt語言預期應為€"
pt,burn-rate-calculator,monthlyExpenses,MISMATCH,"輸入框用R$,內文卻出現$"
pt,burn-rate-calculator,monthlyRevenue,MISMATCH,"輸入框用R$,內文卻出現$"
pt,burn-rate-calculator,cashReserve,MISMATCH,"輸入框用R$,內文卻出現$"
pt,business-exit-value,ebitda,MISMATCH,"輸入框用R$,內文卻出現$"
pt,business-insurance,annualRevenue,MISMATCH,"輸入框用R$,內文卻出現$"
pt,business-loan-calc,loanAmount,MISMATCH,"輸入框用R$,內文卻出現$"
pt,cagr,beginning_value,MISMATCH,"輸入框用R$,內文卻出現$"
pt,cagr,ending_value,MISMATCH,"輸入框用R$,內文卻出現$"
pt,candlestick-identifier,(全頁),PLACEHOLDER,"技術分析/報價類工具,$為佔位符"
pt,cap-rate,netOperatingIncome,MISMATCH,"輸入框用R$,內文卻出現$"
pt,cap-rate,propertyValue,MISMATCH,"輸入框用R$,內文卻出現$"
pt,capital-gains-tax,(全頁),EXCEPTION,"已知美國制度專屬工具,維持USD"
pt,car-depreciation,purchasePrice,LOCALIZE,"使用美制單位(見同頁其他欄位),需換算當地貨幣+單位"
pt,car-depreciation,residualValue,LOCALIZE,"使用美制單位(見同頁其他欄位),需換算當地貨幣+單位"
pt,car-insurance-calc,vehicleValue,LOCALIZE,"使用美制單位(見同頁其他欄位),需換算當地貨幣+單位"
pt,car-insurance-estimate,vehicleValue,LOCALIZE,"使用美制單位(見同頁其他欄位),需換算當地貨幣+單位"
pt,car-lease-vs-buy,carPrice,MISMATCH,"輸入框用R$,內文卻出現$"
pt,car-lease-vs-buy,downPayment,MISMATCH,"輸入框用R$,內文卻出現$"
pt,car-lease-vs-buy,leaseMonthly,MISMATCH,"輸入框用R$,內文卻出現$"
pt,car-lease-vs-buy,annualMaintenance,MISMATCH,"輸入框用R$,內文卻出現$"
pt,car-lease-vs-buy,annualInsurance,MISMATCH,"輸入框用R$,內文卻出現$"
pt,car-lease-vs-buy,annualRegistration,MISMATCH,"輸入框用R$,內文卻出現$"
pt,car-lease-vs-buy,gasPrice,MISMATCH,"輸入框用R$,內文卻出現$"
pt,car-loan,loanAmount,MISMATCH,"輸入框用R$,內文卻出現$"
pt,car-loan,downPayment,MISMATCH,"輸入框用R$,內文卻出現$"
pt,cash-on-cash,annualCashflow,MISMATCH,"輸入框用R$,內文卻出現$"
pt,cash-on-cash,cashInvested,MISMATCH,"輸入框用R$,內文卻出現$"
pt,catch-up-contribution,(全頁),EXCEPTION,"已知美國制度專屬工具,維持USD"
pt,child-support,payor_gross_income,MISMATCH,"輸入框用R$,pt語言預期應為€"
pt,child-support,payee_gross_income,MISMATCH,"輸入框用R$,pt語言預期應為€"
pt,child-support,annual_childcare_costs,MISMATCH,"輸入框用R$,pt語言預期應為€"
pt,child-support,health_insurance_costs,MISMATCH,"輸入框用R$,pt語言預期應為€"
pt,coast-fire-calc,fireNumber,MISMATCH,"輸入框用R$,pt語言預期應為€"
pt,coffee-ratio,customRatio,UNCLASSIFIED,prefix=1:
pt,college-savings,monthlyPayment,MISMATCH,"輸入框用R$,內文卻出現$"
pt,college-savings,initialAmount,MISMATCH,"輸入框用R$,內文卻出現$"
pt,commute-cost,fuelPrice,MISMATCH,"輸入框用R$,內文卻出現$"
pt,commute-cost,dailyTolls,MISMATCH,"輸入框用R$,內文卻出現$"
pt,commute-cost,dailyParking,MISMATCH,"輸入框用R$,內文卻出現$"
pt,commute-cost,vehiclePrice,MISMATCH,"輸入框用R$,內文卻出現$"
pt,commute-cost,maintenanceAnnual,MISMATCH,"輸入框用R$,內文卻出現$"
pt,commute-cost,insuranceAnnual,MISMATCH,"輸入框用R$,內文卻出現$"
pt,company-registration,registration_fee,MISMATCH,"輸入框用R$,pt語言預期應為€"
pt,company-registration,capital_duty,MISMATCH,"輸入框用R$,pt語言預期應為€"
pt,company-registration,agent_fee,MISMATCH,"輸入框用R$,pt語言預期應為€"
pt,compound-interest-debt,principal_amount,MISMATCH,"輸入框用R$,內文卻出現$"
pt,compound-interest,principal,MISMATCH,"輸入框用R$,內文卻出現$"
pt,cost-of-living,salaryCity1,MISMATCH,"輸入框用R$,內文卻出現$"
pt,court-fee,claimAmount,MISMATCH,"輸入框用R$,內文卻出現$"
pt,coverage-gap-finder,neededCoverage,MISMATCH,"輸入框用R$,pt語言預期應為€"
pt,coverage-gap-finder,existingCoverage,MISMATCH,"輸入框用R$,pt語言預期應為€"
pt,credit-card-payoff,creditCardBalance,MISMATCH,"輸入框用R$,內文卻出現$"
pt,credit-card-payoff,monthlyPayment,MISMATCH,"輸入框用R$,內文卻出現$"
pt,critical-illness-calc,annualMedicalCost,MISMATCH,"輸入框用R$,pt語言預期應為€"
pt,critical-illness-calc,annualIncome,MISMATCH,"輸入框用R$,pt語言預期應為€"
pt,critical-illness-calc,existingSavings,MISMATCH,"輸入框用R$,pt語言預期應為€"
pt,customer-acquisition,marketing_spend,MISMATCH,"輸入框用R$,內文卻出現$"
pt,customs-duty,cifValue,MISMATCH,"輸入框用$,內文卻出現R$"
pt,dca-calculator,totalInvested,MISMATCH,"輸入框用R$,內文卻出現$"
pt,dcf-calculator,yearOne,UNCLASSIFIED,prefix=€
pt,dcf-calculator,yearTwo,UNCLASSIFIED,prefix=€
pt,dcf-calculator,yearThree,UNCLASSIFIED,prefix=€
pt,dcf-calculator,yearFour,UNCLASSIFIED,prefix=€
pt,dcf-calculator,yearFive,UNCLASSIFIED,prefix=€
pt,dcf-calculator,terminalValue,UNCLASSIFIED,prefix=€
pt,dcf-calculator,netDebt,UNCLASSIFIED,prefix=€
pt,debt-consolidation,debt1Amount,MISMATCH,"輸入框用R$,pt語言預期應為€"
pt,debt-consolidation,debt2Amount,MISMATCH,"輸入框用R$,pt語言預期應為€"
pt,debt-consolidation,debt3Amount,MISMATCH,"輸入框用R$,pt語言預期應為€"
pt,debt-consolidation,consolidationFee,MISMATCH,"輸入框用R$,pt語言預期應為€"
pt,debt-to-equity,totalDebt,MISMATCH,"輸入框用R$,內文卻出現$"
pt,debt-to-equity,equity,MISMATCH,"輸入框用R$,內文卻出現$"
pt,debt-to-income,monthlyDebt,MISMATCH,"輸入框用R$,內文卻出現$"
pt,debt-to-income,grossIncome,MISMATCH,"輸入框用R$,內文卻出現$"
pt,dental-cost-calculator,treatmentCost,MISMATCH,"輸入框用R$,內文卻出現$"
pt,dental-cost-calculator,deductible,MISMATCH,"輸入框用R$,內文卻出現$"
pt,dental-cost-calculator,deductibleMet,MISMATCH,"輸入框用R$,內文卻出現$"
pt,dental-cost-calculator,annualMax,MISMATCH,"輸入框用R$,內文卻出現$"
pt,dental-cost-calculator,benefitsUsed,MISMATCH,"輸入框用R$,內文卻出現$"
pt,disability-insurance,annualIncome,MISMATCH,"輸入框用R$,內文卻出現$"
pt,dividend-yield,(全頁),PLACEHOLDER,"技術分析/報價類工具,$為佔位符"
pt,down-payment,propertyPrice,MISMATCH,"輸入框用R$,內文卻出現$"
pt,dropship-margin,sellPrice,MISMATCH,"輸入框用R$,內文卻出現$"
pt,dropship-margin,supplierCost,MISMATCH,"輸入框用R$,內文卻出現$"
pt,dropship-margin,shippingCost,MISMATCH,"輸入框用R$,內文卻出現$"
pt,dropship-margin,adCost,MISMATCH,"輸入框用R$,內文卻出現$"
pt,ebitda-valuation,ebitda_value,MISMATCH,"輸入框用R$,內文卻出現$"
pt,effective-tax-rate,totalIncome,MISMATCH,"輸入框用R$,內文卻出現$"
pt,effective-tax-rate,totalTax,MISMATCH,"輸入框用R$,內文卻出現$"
pt,electricity-cost,rate_per_kwh,MISMATCH,"輸入框用R$,內文卻出現$"
pt,email-roi,revenue_generated,MISMATCH,"輸入框用R$,內文卻出現$"
pt,email-roi,email_cost,MISMATCH,"輸入框用R$,內文卻出現$"
pt,employee-cost,annualSalary,UNCLASSIFIED,prefix=€
pt,employee-cost,healthInsurance,UNCLASSIFIED,prefix=€
pt,employee-cost,nationalInsurance,UNCLASSIFIED,prefix=€
pt,employee-cost,pensionContribution,UNCLASSIFIED,prefix=€
pt,employee-cost,otherBenefits,UNCLASSIFIED,prefix=€
pt,eps-calculator,netIncome,MISMATCH,"輸入框用R$,pt語言預期應為€"
pt,ev-charging-cost,electricity_rate,LOCALIZE,"使用美制單位(/kWh),需換算當地貨幣+單位"
pt,ev-vs-gas,evPrice,MISMATCH,"輸入框用R$,內文卻出現$"
pt,ev-vs-gas,gasPrice,MISMATCH,"輸入框用R$,內文卻出現$"
pt,ev-vs-gas,evTaxCredit,MISMATCH,"輸入框用R$,內文卻出現$"
pt,ev-vs-gas,electricityRate,MISMATCH,"輸入框用R$,內文卻出現$"
pt,ev-vs-gas,gasPrice_input,MISMATCH,"輸入框用R$,內文卻出現$"
pt,ev-vs-gas,evMaintenance,MISMATCH,"輸入框用R$,內文卻出現$"
pt,ev-vs-gas,gasMaintenance,MISMATCH,"輸入框用R$,內文卻出現$"
pt,ev-vs-gas,evInsurance,MISMATCH,"輸入框用R$,內文卻出現$"
pt,ev-vs-gas,gasInsurance,MISMATCH,"輸入框用R$,內文卻出現$"
pt,ev-vs-gas,evRegistration,MISMATCH,"輸入框用R$,內文卻出現$"
pt,ev-vs-gas,gasRegistration,MISMATCH,"輸入框用$,內文卻出現R$"
pt,extra-payment,loanAmount,MISMATCH,"輸入框用R$,內文卻出現$"
pt,extra-payment,extraPayment,MISMATCH,"輸入框用R$,內文卻出現$"
pt,fba-fee-calculator,product_price,MISMATCH,"輸入框用R$,內文卻出現$"
pt,fba-fee-calculator,monthly_storage,MISMATCH,"輸入框用R$,內文卻出現$"
pt,fibonacci-retracement,(全頁),PLACEHOLDER,"技術分析/報價類工具,$為佔位符"
pt,fire-number-calc,annualExpenses,MISMATCH,"輸入框用R$,內文卻出現€"
pt,food-cost,foodCost,UNCLASSIFIED,prefix=€
pt,food-cost,sellingPrice,UNCLASSIFIED,prefix=€
pt,forex-profit,pipValue,MISMATCH,"輸入框用$,pt語言預期應為€"
pt,franchise-roi,franchiseRevenue,MISMATCH,"輸入框用R$,內文卻出現$"
pt,franchise-roi,operatingCosts,MISMATCH,"輸入框用R$,內文卻出現$"
pt,franchise-roi,staffCosts,MISMATCH,"輸入框用R$,內文卻出現$"
pt,franchise-roi,royaltyFees,MISMATCH,"輸入框用R$,內文卻出現$"
pt,franchise-roi,initialInvestment,MISMATCH,"輸入框用R$,內文卻出現$"
pt,freelance-rate,annual_expenses,MISMATCH,"輸入框用R$,內文卻出現$"
pt,freelance-rate,desired_profit,MISMATCH,"輸入框用R$,內文卻出現$"
pt,freelancer-tax,annual_income,MISMATCH,"輸入框用R$,pt語言預期應為€"
pt,freelancer-tax,business_expenses,MISMATCH,"輸入框用R$,pt語言預期應為€"
pt,fsa-savings-calc,(全頁),EXCEPTION,"已知美國制度專屬工具,維持USD"
pt,fuel-cost,fuelPrice,LOCALIZE,"使用美制單位(見同頁其他欄位),需換算當地貨幣+單位"
pt,future-value,presentValue,MISMATCH,"輸入框用R$,內文卻出現€"
pt,gas-bill,ratePerUnit,UNCLASSIFIED,prefix=€
pt,gas-bill,standingCharge,UNCLASSIFIED,prefix=€
pt,gdpr-fine,annual_revenue,UNCLASSIFIED,prefix=€
pt,gross-profit-margin,revenue,MISMATCH,"輸入框用R$,內文卻出現$"
pt,gross-profit-margin,cogs,MISMATCH,"輸入框用R$,內文卻出現$"
pt,health-deductible-calc,deductibleAmount,MISMATCH,"輸入框用R$,內文卻出現$"
pt,health-deductible-calc,amountSpent,MISMATCH,"輸入框用R$,內文卻出現$"
pt,health-insurance-estimate,annualDeductible,MISMATCH,"輸入框用R$,pt語言預期應為€"
pt,health-insurance-estimate,estimatedAnnualMedicalCosts,MISMATCH,"輸入框用R$,pt語言預期應為€"
pt,heloc-vs-personal-loan,loanAmount,MISMATCH,"輸入框用R$,pt語言預期應為€"
pt,home-affordability,annualIncome,MISMATCH,"輸入框用R$,pt語言預期應為€"
pt,home-affordability,monthlyDebts,MISMATCH,"輸入框用R$,pt語言預期應為€"
pt,home-energy-audit,electricity_rate,UNCLASSIFIED,prefix=€
pt,home-energy-audit,gas_rate,UNCLASSIFIED,prefix=€
pt,home-equity,marketValue,MISMATCH,"輸入框用R$,pt語言預期應為€"
pt,home-equity,mortgageBalance,MISMATCH,"輸入框用R$,pt語言預期應為€"
pt,home-insurance-calc,homeValue,MISMATCH,"輸入框用R$,內文卻出現$"
pt,home-mortgage,loanAmount,MISMATCH,"輸入框用R$,內文卻出現$"
pt,home-mortgage,downPayment,MISMATCH,"輸入框用R$,內文卻出現$"
pt,home-mortgage,propertyTax,MISMATCH,"輸入框用R$,內文卻出現$"
pt,home-mortgage,homeInsurance,MISMATCH,"輸入框用R$,內文卻出現$"
pt,home-mortgage,pmi,MISMATCH,"輸入框用R$,內文卻出現$"
pt,hsa-contribution-calc,(全頁),EXCEPTION,"已知美國制度專屬工具,維持USD"
pt,income-replacement,monthlyIncome,UNCLASSIFIED,prefix=€
pt,income-tax,(全頁),EXCEPTION,"已知美國制度專屬工具,維持USD"
pt,inflation,presentValue,MISMATCH,"輸入框用R$,內文卻出現$"
pt,insulation-calculator,insulationCost,MISMATCH,"輸入框用R$,pt語言預期應為€"
pt,insurance-premium-compare,annualPremium,MISMATCH,"輸入框用R$,內文卻出現$"
pt,insurance-premium-compare,monthlyPremium,MISMATCH,"輸入框用R$,內文卻出現$"
pt,insurance-premium-compare,singlePremium,MISMATCH,"輸入框用R$,內文卻出現$"
pt,intrinsic-value,epsInput,MISMATCH,"輸入框用R$,pt語言預期應為€"
pt,inventory-turnover,costOfGoodsSold,MISMATCH,"輸入框用R$,內文卻出現$"
pt,inventory-turnover,beginningInventory,MISMATCH,"輸入框用R$,內文卻出現$"
pt,inventory-turnover,endingInventory,MISMATCH,"輸入框用R$,內文卻出現$"
pt,irr-calculator,initialInvestment,MISMATCH,"輸入框用R$,內文卻出現$"
pt,irr-calculator,year1CashFlow,MISMATCH,"輸入框用R$,內文卻出現$"
pt,irr-calculator,year2CashFlow,MISMATCH,"輸入框用R$,內文卻出現$"
pt,irr-calculator,year3CashFlow,MISMATCH,"輸入框用R$,內文卻出現$"
pt,irr-calculator,year4CashFlow,MISMATCH,"輸入框用R$,內文卻出現$"
pt,irr-calculator,year5CashFlow,MISMATCH,"輸入框用R$,內文卻出現$"
pt,ivf-cost-calculator,costPerCycle,MISMATCH,"輸入框用R$,pt語言預期應為€"
pt,ivf-cost-calculator,additionalCosts,MISMATCH,"輸入框用R$,pt語言預期應為€"
pt,kelly-criterion,bankroll,MISMATCH,"輸入框用R$,內文卻出現$"
pt,landed-cost,productPrice,MISMATCH,"輸入框用$,pt語言預期應為€"
pt,landed-cost,shippingCost,MISMATCH,"輸入框用$,pt語言預期應為€"
pt,landed-cost,importDuty,MISMATCH,"輸入框用$,pt語言預期應為€"
pt,landed-cost,insuranceCost,MISMATCH,"輸入框用$,pt語言預期應為€"
pt,landed-cost,additionalCosts,MISMATCH,"輸入框用$,pt語言預期應為€"
pt,lasik-cost-calculator,cost_per_eye,MISMATCH,"輸入框用R$,內文卻出現$"
pt,late-payment-interest,principalAmount,MISMATCH,"輸入框用R$,內文卻出現$"
pt,lawyer-fee,hourly_rate,MISMATCH,"輸入框用R$,內文卻出現$"
pt,led-savings,electricity_rate,MISMATCH,"輸入框用R$,內文卻出現$"
pt,legal-interest,principal_amount,MISMATCH,"輸入框用R$,內文卻出現$"
pt,liability-insurance,netWorth,UNCLASSIFIED,prefix=€
pt,life-insurance-calc,annual_income,MISMATCH,"輸入框用R$,內文卻出現$"
pt,life-insurance-calc,outstanding_debt,MISMATCH,"輸入框用R$,內文卻出現$"
pt,life-insurance-needs,totalDebt,MISMATCH,"輸入框用R$,pt語言預期應為€"
pt,life-insurance-needs,annualIncome,MISMATCH,"輸入框用R$,pt語言預期應為€"
pt,life-insurance-needs,mortgageBalance,MISMATCH,"輸入框用R$,pt語言預期應為€"
pt,life-insurance-needs,educationCosts,MISMATCH,"輸入框用R$,pt語言預期應為€"
pt,life-insurance-needs,currentSavings,MISMATCH,"輸入框用R$,pt語言預期應為€"
pt,loan-affordability,annualIncome,MISMATCH,"輸入框用R$,pt語言預期應為€"
pt,loan-comparison,loanAmount1,MISMATCH,"輸入框用R$,內文卻出現$"
pt,loan-comparison,loanAmount2,MISMATCH,"輸入框用R$,內文卻出現$"
pt,loan-vs-lease,vehiclePrice,LOCALIZE,"使用美制單位(見同頁其他欄位),需換算當地貨幣+單位"
pt,loan-vs-lease,downPayment,LOCALIZE,"使用美制單位(見同頁其他欄位),需換算當地貨幣+單位"
pt,loan-vs-lease,residualValue,LOCALIZE,"使用美制單位(見同頁其他欄位),需換算當地貨幣+單位"
pt,loan-vs-lease,annualMaintenance,LOCALIZE,"使用美制單位(見同頁其他欄位),需換算當地貨幣+單位"
pt,loan-vs-lease,annualInsurance,TYPO,"金額欄位卻標記%,應為貨幣符號"
pt,loan-vs-lease,annualRegistration,LOCALIZE,"使用美制單位(見同頁其他欄位),需換算當地貨幣+單位"
pt,loan-vs-lease,leaseMonthlyPayment,LOCALIZE,"使用美制單位(見同頁其他欄位),需換算當地貨幣+單位"
pt,loan-vs-lease,leaseInsurance,LOCALIZE,"使用美制單位(見同頁其他欄位),需換算當地貨幣+單位"
pt,loan-vs-lease,leaseAcquisitionFee,LOCALIZE,"使用美制單位(見同頁其他欄位),需換算當地貨幣+單位"
pt,loan-vs-lease,leaseDispositionFee,LOCALIZE,"使用美制單位(見同頁其他欄位),需換算當地貨幣+單位"
pt,loan-vs-lease,mileageOverageCharge,LOCALIZE,"使用美制單位(/km),需換算當地貨幣+單位"
pt,long-term-care,dailyCost,MISMATCH,"輸入框用R$,內文卻出現$"
pt,ltv-calculator,arpu,MISMATCH,"輸入框用R$,內文卻出現$"
pt,macd-calculator,(全頁),PLACEHOLDER,"技術分析/報價類工具,$為佔位符"
pt,margin-calculator,assetPrice,MISMATCH,"輸入框用$,pt語言預期應為€"
pt,medical-cost-estimator,procedureCost,MISMATCH,"輸入框用R$,內文卻出現$"
pt,medical-cost-estimator,deductible,MISMATCH,"輸入框用R$,內文卻出現$"
pt,medical-cost-estimator,copay,MISMATCH,"輸入框用R$,內文卻出現$"
pt,medical-tourism-saving,localCost,MISMATCH,"輸入框用R$,pt語言預期應為€"
pt,medical-tourism-saving,destinationCost,MISMATCH,"輸入框用R$,pt語言預期應為€"
pt,medical-tourism-saving,travelCost,MISMATCH,"輸入框用R$,pt語言預期應為€"
pt,medication-cost-compare,brandPrice,MISMATCH,"輸入框用R$,內文卻出現$"
pt,medication-cost-compare,genericPrice,MISMATCH,"輸入框用R$,內文卻出現$"
pt,meeting-cost,avg_hourly_rate,MISMATCH,"輸入框用R$,內文卻出現$"
pt,mortgage-refinance,currentLoanAmount,MISMATCH,"輸入框用R$,內文卻出現$"
pt,mortgage-refinance,refinancingCosts,MISMATCH,"輸入框用R$,內文卻出現$"
pt,mortgage,loanAmount,MISMATCH,"輸入框用R$,內文卻出現$"
pt,mrr-calculator,arpu,MISMATCH,"輸入框用R$,內文卻出現$"
pt,net-profit-margin,netIncome,MISMATCH,"輸入框用R$,內文卻出現$"
pt,net-profit-margin,revenue,MISMATCH,"輸入框用R$,內文卻出現$"
pt,nursing-home-cost,monthlyNursingCost,MISMATCH,"輸入框用R$,內文卻出現$"
pt,nursing-home-cost,additionalMonthlyExpenses,MISMATCH,"輸入框用R$,內文卻出現$"
pt,nursing-home-cost,initialAdmissionFee,MISMATCH,"輸入框用R$,內文卻出現$"
pt,oop-maximum-calc,maximumAmount,MISMATCH,"輸入框用R$,內文卻出現$"
pt,oop-maximum-calc,amountPaid,MISMATCH,"輸入框用R$,內文卻出現$"
pt,options-profit,spotPrice,MISMATCH,"輸入框用$,pt語言預期應為€"
pt,options-profit,strikePrice,MISMATCH,"輸入框用$,pt語言預期應為€"
pt,options-profit,premium,MISMATCH,"輸入框用$,pt語言預期應為€"
pt,overtime-calculator,hourlyRate,MISMATCH,"輸入框用R$,pt語言預期應為€"
pt,parking-cost,hourlyRate,MISMATCH,"輸入框用R$,pt語言預期應為€"
pt,parking-cost,dailyRate,MISMATCH,"輸入框用R$,pt語言預期應為€"
pt,patent-cost,filingFee,MISMATCH,"輸入框用R$,內文卻出現$"
pt,patent-cost,examinationFee,MISMATCH,"輸入框用R$,內文卻出現$"
pt,patent-cost,maintenanceFeeThreeYear,MISMATCH,"輸入框用R$,內文卻出現$"
pt,patent-cost,maintenanceFeeSevenYear,MISMATCH,"輸入框用R$,內文卻出現$"
pt,patent-cost,maintenanceFeeSixteenYear,MISMATCH,"輸入框用R$,內文卻出現$"
pt,patent-cost,attorneyFees,MISMATCH,"輸入框用R$,內文卻出現$"
pt,payback-period,initialInvestment,MISMATCH,"輸入框用R$,內文卻出現$"
pt,payback-period,annualCashflow,MISMATCH,"輸入框用R$,內文卻出現$"
pt,payday-loan-cost,loanPrincipal,MISMATCH,"輸入框用R$,內文卻出現$"
pt,payday-loan-cost,loanFee,MISMATCH,"輸入框用R$,內文卻出現$"
pt,payroll-tax,(全頁),EXCEPTION,"已知美國制度專屬工具,維持USD"
pt,pb-ratio,stockPrice,MISMATCH,"輸入框用R$,內文卻出現$"
pt,pb-ratio,bookValue,MISMATCH,"輸入框用R$,內文卻出現$"
pt,pe-ratio,stockPrice,MISMATCH,"輸入框用R$,內文卻出現$"
pt,pe-ratio,earningsPerShare,MISMATCH,"輸入框用R$,內文卻出現$"
pt,penalty-interest,principal_amount,MISMATCH,"輸入框用R$,pt語言預期應為€"
pt,pension-vs-lump-sum,pensionMonthly,MISMATCH,"輸入框用R$,內文卻出現$"
pt,pension-vs-lump-sum,lumpSumAmount,MISMATCH,"輸入框用R$,內文卻出現$"
pt,personal-loan-calc,loanAmount,MISMATCH,"輸入框用R$,pt語言預期應為€"
pt,pet-insurance-calc,deductible,MISMATCH,"輸入框用R$,pt語言預期應為€"
pt,pivot-point,(全頁),PLACEHOLDER,"技術分析/報價類工具,$為佔位符"
pt,position-size,accountBalance,MISMATCH,"輸入框用R$,內文卻出現$"
pt,position-size,entryPrice,MISMATCH,"輸入框用R$,內文卻出現$"
pt,position-size,stopLossPrice,MISMATCH,"輸入框用R$,內文卻出現$"
pt,premium-vs-hdhp,lowPremiumMonthly,MISMATCH,"輸入框用$,內文卻出現R$"
pt,premium-vs-hdhp,lowPremiumDeductible,MISMATCH,"輸入框用$,內文卻出現R$"
pt,premium-vs-hdhp,lowPremiumOopMax,MISMATCH,"輸入框用$,內文卻出現R$"
pt,premium-vs-hdhp,lowPremiumExpectedOop,MISMATCH,"輸入框用$,內文卻出現R$"
pt,premium-vs-hdhp,hdhpMonthly,MISMATCH,"輸入框用$,內文卻出現R$"
pt,premium-vs-hdhp,hdhpDeductible,MISMATCH,"輸入框用$,內文卻出現R$"
pt,premium-vs-hdhp,hdhpOopMax,MISMATCH,"輸入框用$,內文卻出現R$"
pt,premium-vs-hdhp,hdhpExpectedOop,MISMATCH,"輸入框用$,內文卻出現R$"
pt,premium-vs-hdhp,hdhpContribution,MISMATCH,"輸入框用$,內文卻出現R$"
pt,present-value,futureValue,MISMATCH,"輸入框用R$,內文卻出現$"
pt,pricing-calculator,productCost,MISMATCH,"輸入框用R$,內文卻出現$"
pt,pricing-calculator,additionalFees,MISMATCH,"輸入框用R$,內文卻出現$"
pt,property-tax,propertyValue,MISMATCH,"輸入框用R$,內文卻出現$"
pt,property-tax,exemptions,MISMATCH,"輸入框用R$,內文卻出現$"
pt,property-tax,creditAmount,MISMATCH,"輸入框用R$,內文卻出現$"
pt,refinance-break-even,closingCosts,MISMATCH,"輸入框用R$,內文卻出現$"
pt,refinance-break-even,monthlySavings,MISMATCH,"輸入框用R$,內文卻出現$"
pt,rehab-cost-estimator,dailyRate,MISMATCH,"輸入框用R$,pt語言預期應為€"
pt,renovation-cost,localRate,MISMATCH,"輸入框用R$,pt語言預期應為€"
pt,rent-vs-buy,propertyPrice,MISMATCH,"輸入框用R$,內文卻出現€"
pt,rent-vs-buy,monthlyRent,MISMATCH,"輸入框用R$,內文卻出現€"
pt,rent-vs-buy,propertyTaxRate,TYPO,"百分比欄位卻標記R$,應為%"
pt,rental-income-tax,annualRentalIncome,MISMATCH,"輸入框用R$,內文卻出現$"
pt,rental-income-tax,mortgageInterest,MISMATCH,"輸入框用R$,內文卻出現$"
pt,rental-income-tax,propertyTaxes,MISMATCH,"輸入框用R$,內文卻出現$"
pt,rental-income-tax,utilities,MISMATCH,"輸入框用R$,內文卻出現$"
pt,rental-income-tax,maintenance,MISMATCH,"輸入框用R$,內文卻出現$"
pt,rental-income-tax,insurance,MISMATCH,"輸入框用R$,內文卻出現$"
pt,rental-income-tax,managementFees,MISMATCH,"輸入框用R$,內文卻出現$"
pt,rental-income-tax,advertising,MISMATCH,"輸入框用R$,內文卻出現$"
pt,rental-income-tax,otherExpenses,MISMATCH,"輸入框用R$,內文卻出現$"
pt,rental-income-tax,propertyValue,MISMATCH,"輸入框用R$,內文卻出現$"
pt,rental-yield,annualRent,MISMATCH,"輸入框用R$,內文卻出現$"
pt,rental-yield,propertyPrice,MISMATCH,"輸入框用R$,內文卻出現$"
pt,renters-insurance,belongingsValue,MISMATCH,"輸入框用R$,內文卻出現$"
pt,renters-insurance,deductible,MISMATCH,"輸入框用R$,內文卻出現$"
pt,renters-insurance,liabilityLimit,MISMATCH,"輸入框用R$,內文卻出現$"
pt,required-minimum-dist,accountBalance,MISMATCH,"輸入框用R$,pt語言預期應為€"
pt,retirement-income-need,currentAnnualExpenses,MISMATCH,"輸入框用R$,內文卻出現$"
pt,retirement-savings-gap,currentSavings,MISMATCH,"輸入框用R$,pt語言預期應為€"
pt,retirement-savings-gap,annualContribution,MISMATCH,"輸入框用R$,pt語言預期應為€"
pt,retirement-savings-gap,retirementGoal,MISMATCH,"輸入框用R$,pt語言預期應為€"
pt,retirement,monthlyContribution,MISMATCH,"輸入框用R$,pt語言預期應為€"
pt,retirement,currentSavings,MISMATCH,"輸入框用R$,pt語言預期應為€"
pt,risk-reward,entryPrice,MISMATCH,"輸入框用R$,內文卻出現$"
pt,risk-reward,stopPrice,MISMATCH,"輸入框用R$,內文卻出現$"
pt,risk-reward,targetPrice,MISMATCH,"輸入框用R$,內文卻出現$"
pt,roas-calculator,revenue,MISMATCH,"輸入框用R$,內文卻出現$"
pt,roas-calculator,adSpend,MISMATCH,"輸入框用R$,內文卻出現$"
pt,roi-calculator,gainAmount,MISMATCH,"輸入框用R$,內文卻出現$"
pt,roi-calculator,costAmount,MISMATCH,"輸入框用R$,內文卻出現$"
pt,roi-of-insurance,benefitAmount,MISMATCH,"輸入框用R$,內文卻出現$"
pt,roi-of-insurance,premiumCost,MISMATCH,"輸入框用R$,內文卻出現$"
pt,roth-vs-traditional,(全頁),EXCEPTION,"已知美國制度專屬工具,維持USD"
pt,rsi-calculator,(全頁),PLACEHOLDER,"技術分析/報價類工具,$為佔位符"
pt,runway-calculator,cashAmount,MISMATCH,"輸入框用R$,pt語言預期應為€"
pt,runway-calculator,monthlyBurnRate,MISMATCH,"輸入框用R$,pt語言預期應為€"
pt,saas-ltv-cac,monthlyARR,MISMATCH,"輸入框用R$,內文卻出現$"
pt,saas-ltv-cac,cacCost,MISMATCH,"輸入框用R$,內文卻出現$"
pt,salary-raise,currentSalary,UNCLASSIFIED,prefix=€
pt,salary-to-hourly,annual_salary,MISMATCH,"輸入框用R$,pt語言預期應為€"
pt,sales-commission,salesAmount,MISMATCH,"輸入框用R$,內文卻出現$"
pt,sales-commission,tier1Limit,MISMATCH,"輸入框用R$,內文卻出現$"
pt,sales-commission,tier2Limit,MISMATCH,"輸入框用R$,內文卻出現$"
pt,scholarship-calculator,annual_tuition,MISMATCH,"輸入框用R$,pt語言預期應為€"
pt,scholarship-calculator,scholarship_amount,MISMATCH,"輸入框用R$,pt語言預期應為€"
pt,scholarship-calculator,grants_amount,MISMATCH,"輸入框用R$,pt語言預期應為€"
pt,severance-calculator,monthlyBaseSalary,MISMATCH,"輸入框用NT$,pt語言預期應為€"
pt,severance-calculator,bonusesAnnual,MISMATCH,"輸入框用NT$,pt語言預期應為€"
pt,shipping-cost,shipping_rate,MISMATCH,"輸入框用R$,pt語言預期應為€"
pt,shopee-profit,productRevenue,MISMATCH,"輸入框用R$,內文卻出現$"
pt,shopee-profit,shippingCost,MISMATCH,"輸入框用R$,內文卻出現$"
pt,shopee-profit,productCOGS,MISMATCH,"輸入框用R$,內文卻出現$"
pt,simple-interest,principal,MISMATCH,"輸入框用R$,內文卻出現$"
pt,solar-roi,systemCost,MISMATCH,"輸入框用R$,內文卻出現$"
pt,solar-roi,annualSavings,MISMATCH,"輸入框用R$,內文卻出現$"
pt,solar-roi,maintenanceCost,MISMATCH,"輸入框用R$,內文卻出現$"
pt,stamp-duty,propertyPrice,MISMATCH,"輸入框用£,內文卻出現R$,$"
pt,startup-cost-estimator,oneTimeCosts,MISMATCH,"輸入框用R$,內文卻出現$"
pt,startup-cost-estimator,monthlyOperatingCosts,MISMATCH,"輸入框用R$,內文卻出現$"
pt,startup-valuation,annualRevenue,UNCLASSIFIED,prefix=€
pt,stock-gain-loss,(全頁),PLACEHOLDER,"技術分析/報價類工具,$為佔位符"
pt,stock-split,(全頁),PLACEHOLDER,"技術分析/報價類工具,$為佔位符"
pt,stop-loss,entryPrice,MISMATCH,"輸入框用R$,內文卻出現$"
pt,stop-loss,stopLossPrice,MISMATCH,"輸入框用R$,內文卻出現$"
pt,student-loan-refi,currentLoanBalance,MISMATCH,"輸入框用R$,pt語言預期應為€"
pt,student-loan-refi,refinanceFees,MISMATCH,"輸入框用R$,pt語言預期應為€"
pt,student-loan,loanAmount,MISMATCH,"輸入框用R$,內文卻出現$"
pt,support-resistance,(全頁),PLACEHOLDER,"技術分析/報價類工具,$為佔位符"
pt,surgery-cost-estimator,procedureBaseCost,MISMATCH,"輸入框用$,pt語言預期應為€"
pt,take-home-pay,(全頁),EXCEPTION,"已知美國制度專屬工具,維持USD"
pt,term-vs-whole-life,termPremium,UNCLASSIFIED,prefix=€
pt,term-vs-whole-life,wholePremium,UNCLASSIFIED,prefix=€
pt,term-vs-whole-life,deathBenefit,UNCLASSIFIED,prefix=€
pt,term-vs-whole-life,wholeLifeCashValue,UNCLASSIFIED,prefix=€
pt,therapy-cost-calc,sessionRate,MISMATCH,"輸入框用R$,內文卻出現$"
pt,therapy-cost-calc,insuranceCoverage,MISMATCH,"輸入框用R$,內文卻出現$"
pt,therapy-cost-calc,copayPerSession,MISMATCH,"輸入框用R$,內文卻出現$"
pt,tip-calculator,billAmount,MISMATCH,"輸入框用R$,pt語言預期應為€"
pt,trademark-fee,feePerClass,MISMATCH,"輸入框用$,pt語言預期應為€"
pt,trademark-fee,additionalClassFee,MISMATCH,"輸入框用$,pt語言預期應為€"
pt,trading-fee,tradeAmount,MISMATCH,"輸入框用R$,內文卻出現$"
pt,travel-insurance-calc,tripCost,MISMATCH,"輸入框用R$,pt語言預期應為€"
pt,trip-fuel,fuelPrice,LOCALIZE,"使用美制單位(por galão),需換算當地貨幣+單位"
pt,tuition-cost,annualTuition,MISMATCH,"輸入框用R$,pt語言預期應為€"
pt,tuition-cost,annualHousing,MISMATCH,"輸入框用R$,pt語言預期應為€"
pt,tuition-cost,annualBooks,MISMATCH,"輸入框用R$,pt語言預期應為€"
pt,umbrella-insurance,netWorth,MISMATCH,"輸入框用R$,內文卻出現$"
pt,umbrella-insurance,existingCoverage,MISMATCH,"輸入框用R$,內文卻出現$"
pt,umbrella-insurance,annualIncome,MISMATCH,"輸入框用R$,內文卻出現$"
pt,valuation-calculator,annualRevenue,MISMATCH,"輸入框用R$,pt語言預期應為€"
pt,valuation-calculator,netIncome,MISMATCH,"輸入框用R$,pt語言預期應為€"
pt,vat-calculator,netPrice,MISMATCH,"輸入框用R$,內文卻出現$"
pt,water-bill,tier1Rate,MISMATCH,"輸入框用R$,pt語言預期應為€"
pt,water-bill,tier2Rate,MISMATCH,"輸入框用R$,pt語言預期應為€"
pt,water-bill,tier3Rate,MISMATCH,"輸入框用R$,pt語言預期應為€"
pt,water-bill,fixedCharge,MISMATCH,"輸入框用R$,pt語言預期應為€"
pt,withdrawal-rate,portfolioValue,MISMATCH,"輸入框用R$,內文卻出現$"
pt,working-capital,currentAssets,MISMATCH,"輸入框用R$,pt語言預期應為€"
pt,working-capital,currentLiabilities,MISMATCH,"輸入框用R$,pt語言預期應為€"
pt,youtube-revenue,youtubeRPM,MISMATCH,"輸入框用R$,內文卻出現$"
id,0-percent-financing,purchasePrice,UNCLASSIFIED,prefix=Rp
id,0-percent-financing,downPayment,UNCLASSIFIED,prefix=Rp
id,401k-contribution,(全頁),EXCEPTION,"已知美國制度專屬工具,維持USD"
id,alimony-calculator,payerIncome,MISMATCH,"輸入框用$,id語言預期應為Rp"
id,alimony-calculator,recipientIncome,MISMATCH,"輸入框用$,id語言預期應為Rp"
id,amazon-profit,selling_price,UNCLASSIFIED,prefix=Rp
id,amazon-profit,cogs,UNCLASSIFIED,prefix=Rp
id,amazon-profit,fba_fee,UNCLASSIFIED,prefix=Rp
id,annual-leave,dailyWage,MISMATCH,"輸入框用$,id語言預期應為Rp"
id,annuity-calculator,presentValue,UNCLASSIFIED,prefix=Rp
id,annuity-income,lumpSum,UNCLASSIFIED,prefix=Rp
id,appliance-energy,electricityRate,UNCLASSIFIED,prefix=Rp
id,apr-calculator,loanAmount,UNCLASSIFIED,prefix=Rp
id,apr-calculator,totalFees,UNCLASSIFIED,prefix=Rp
id,apr-calculator,processingFee,UNCLASSIFIED,prefix=Rp
id,asset-allocation,totalPortfolio,UNCLASSIFIED,prefix=Rp
id,atr-calculator,highPrice,MISMATCH,"輸入框用$,id語言預期應為Rp"
id,atr-calculator,lowPrice,MISMATCH,"輸入框用$,id語言預期應為Rp"
id,atr-calculator,closePrice,MISMATCH,"輸入框用$,id語言預期應為Rp"
id,average-down,(全頁),PLACEHOLDER,"技術分析/報價類工具,$為佔位符"
id,balloon-payment,loanAmount,UNCLASSIFIED,prefix=Rp
id,balloon-payment,balloonAmount,UNCLASSIFIED,prefix=Rp
id,bollinger-bands,(全頁),PLACEHOLDER,"技術分析/報價類工具,$為佔位符"
id,bond-yield,faceValue,UNCLASSIFIED,prefix=Rp
id,bond-yield,currentPrice,UNCLASSIFIED,prefix=Rp
id,bonus-tax,(全頁),EXCEPTION,"已知美國制度專屬工具,維持USD"
id,break-even-units,fixedCosts,UNCLASSIFIED,prefix=Rp
id,break-even-units,pricePerUnit,UNCLASSIFIED,prefix=Rp
id,break-even-units,variableCostPerUnit,UNCLASSIFIED,prefix=Rp
id,break-even,fixed_costs,UNCLASSIFIED,prefix=Rp
id,break-even,price_per_unit,UNCLASSIFIED,prefix=Rp
id,break-even,variable_cost,UNCLASSIFIED,prefix=Rp
id,burn-rate-calculator,monthlyExpenses,LOCALIZE,"使用美制單位(見同頁其他欄位),需換算當地貨幣+單位"
id,burn-rate-calculator,monthlyRevenue,LOCALIZE,"使用美制單位(見同頁其他欄位),需換算當地貨幣+單位"
id,burn-rate-calculator,cashReserve,LOCALIZE,"使用美制單位(見同頁其他欄位),需換算當地貨幣+單位"
id,business-exit-value,ebitda,UNCLASSIFIED,prefix=Rp
id,business-insurance,annualRevenue,UNCLASSIFIED,prefix=Rp
id,business-loan-calc,loanAmount,UNCLASSIFIED,prefix=Rp
id,cagr,beginning_value,UNCLASSIFIED,prefix=Rp
id,cagr,ending_value,UNCLASSIFIED,prefix=Rp
id,candlestick-identifier,(全頁),PLACEHOLDER,"技術分析/報價類工具,$為佔位符"
id,cap-rate,netOperatingIncome,MISMATCH,"輸入框用$,內文卻出現Rp"
id,cap-rate,propertyValue,MISMATCH,"輸入框用$,內文卻出現Rp"
id,capital-gains-tax,(全頁),EXCEPTION,"已知美國制度專屬工具,維持USD"
id,car-depreciation,purchasePrice,LOCALIZE,"使用美制單位(見同頁其他欄位),需換算當地貨幣+單位"
id,car-depreciation,residualValue,LOCALIZE,"使用美制單位(見同頁其他欄位),需換算當地貨幣+單位"
id,car-insurance-calc,vehicleValue,LOCALIZE,"使用美制單位(見同頁其他欄位),需換算當地貨幣+單位"
id,car-insurance-estimate,vehicleValue,LOCALIZE,"使用美制單位(見同頁其他欄位),需換算當地貨幣+單位"
id,car-lease-vs-buy,carPrice,LOCALIZE,"使用美制單位(見同頁其他欄位),需換算當地貨幣+單位"
id,car-lease-vs-buy,downPayment,LOCALIZE,"使用美制單位(見同頁其他欄位),需換算當地貨幣+單位"
id,car-lease-vs-buy,leaseMonthly,LOCALIZE,"使用美制單位(見同頁其他欄位),需換算當地貨幣+單位"
id,car-lease-vs-buy,annualMaintenance,LOCALIZE,"使用美制單位(見同頁其他欄位),需換算當地貨幣+單位"
id,car-lease-vs-buy,annualInsurance,LOCALIZE,"使用美制單位(見同頁其他欄位),需換算當地貨幣+單位"
id,car-lease-vs-buy,annualRegistration,LOCALIZE,"使用美制單位(見同頁其他欄位),需換算當地貨幣+單位"
id,car-lease-vs-buy,gasPrice,LOCALIZE,"使用美制單位(見同頁其他欄位),需換算當地貨幣+單位"
id,car-loan,loanAmount,UNCLASSIFIED,prefix=Rp
id,car-loan,downPayment,UNCLASSIFIED,prefix=Rp
id,cash-on-cash,annualCashflow,UNCLASSIFIED,prefix=Rp
id,cash-on-cash,cashInvested,UNCLASSIFIED,prefix=Rp
id,catch-up-contribution,(全頁),EXCEPTION,"已知美國制度專屬工具,維持USD"
id,child-support,payor_gross_income,MISMATCH,"輸入框用$,id語言預期應為Rp"
id,child-support,payee_gross_income,MISMATCH,"輸入框用$,id語言預期應為Rp"
id,child-support,annual_childcare_costs,MISMATCH,"輸入框用$,id語言預期應為Rp"
id,child-support,health_insurance_costs,MISMATCH,"輸入框用$,id語言預期應為Rp"
id,coast-fire-calc,fireNumber,UNCLASSIFIED,prefix=Rp
id,coffee-ratio,customRatio,UNCLASSIFIED,prefix=1:
id,college-savings,monthlyPayment,UNCLASSIFIED,prefix=Rp
id,college-savings,initialAmount,UNCLASSIFIED,prefix=Rp
id,commute-cost,fuelPrice,LOCALIZE,"使用美制單位(per liter),需換算當地貨幣+單位"
id,commute-cost,dailyTolls,LOCALIZE,"使用美制單位(見同頁其他欄位),需換算當地貨幣+單位"
id,commute-cost,dailyParking,LOCALIZE,"使用美制單位(見同頁其他欄位),需換算當地貨幣+單位"
id,commute-cost,vehiclePrice,LOCALIZE,"使用美制單位(見同頁其他欄位),需換算當地貨幣+單位"
id,commute-cost,maintenanceAnnual,LOCALIZE,"使用美制單位(見同頁其他欄位),需換算當地貨幣+單位"
id,commute-cost,insuranceAnnual,LOCALIZE,"使用美制單位(見同頁其他欄位),需換算當地貨幣+單位"
id,company-registration,registration_fee,UNCLASSIFIED,prefix=Rp
id,company-registration,capital_duty,UNCLASSIFIED,prefix=Rp
id,company-registration,agent_fee,UNCLASSIFIED,prefix=Rp
id,compound-interest-debt,principal_amount,UNCLASSIFIED,prefix=Rp
id,compound-interest,principal,UNCLASSIFIED,prefix=Rp
id,cost-of-living,salaryCity1,UNCLASSIFIED,prefix=Rp
id,coverage-gap-finder,neededCoverage,UNCLASSIFIED,prefix=Rp
id,coverage-gap-finder,existingCoverage,UNCLASSIFIED,prefix=Rp
id,credit-card-payoff,creditCardBalance,UNCLASSIFIED,prefix=Rp
id,credit-card-payoff,monthlyPayment,UNCLASSIFIED,prefix=Rp
id,critical-illness-calc,annualMedicalCost,UNCLASSIFIED,prefix=Rp
id,critical-illness-calc,annualIncome,UNCLASSIFIED,prefix=Rp
id,critical-illness-calc,existingSavings,UNCLASSIFIED,prefix=Rp
id,customer-acquisition,marketing_spend,UNCLASSIFIED,prefix=Rp
id,customs-duty,cifValue,MISMATCH,"輸入框用$,id語言預期應為Rp"
id,dca-calculator,totalInvested,MISMATCH,"輸入框用$,id語言預期應為Rp"
id,dcf-calculator,yearOne,UNCLASSIFIED,prefix=Rp
id,dcf-calculator,yearTwo,UNCLASSIFIED,prefix=Rp
id,dcf-calculator,yearThree,UNCLASSIFIED,prefix=Rp
id,dcf-calculator,yearFour,UNCLASSIFIED,prefix=Rp
id,dcf-calculator,yearFive,UNCLASSIFIED,prefix=Rp
id,dcf-calculator,terminalValue,UNCLASSIFIED,prefix=Rp
id,dcf-calculator,netDebt,UNCLASSIFIED,prefix=Rp
id,debt-consolidation,debt1Amount,UNCLASSIFIED,prefix=Rp
id,debt-consolidation,debt2Amount,UNCLASSIFIED,prefix=Rp
id,debt-consolidation,debt3Amount,UNCLASSIFIED,prefix=Rp
id,debt-consolidation,consolidationFee,UNCLASSIFIED,prefix=Rp
id,debt-to-equity,totalDebt,UNCLASSIFIED,prefix=Rp
id,debt-to-equity,equity,UNCLASSIFIED,prefix=Rp
id,debt-to-income,monthlyDebt,UNCLASSIFIED,prefix=Rp
id,debt-to-income,grossIncome,UNCLASSIFIED,prefix=Rp
id,dental-cost-calculator,treatmentCost,UNCLASSIFIED,prefix=Rp
id,dental-cost-calculator,deductible,UNCLASSIFIED,prefix=Rp
id,dental-cost-calculator,deductibleMet,UNCLASSIFIED,prefix=Rp
id,dental-cost-calculator,annualMax,UNCLASSIFIED,prefix=Rp
id,dental-cost-calculator,benefitsUsed,UNCLASSIFIED,prefix=Rp
id,disability-insurance,annualIncome,UNCLASSIFIED,prefix=Rp
id,dividend-yield,(全頁),PLACEHOLDER,"技術分析/報價類工具,$為佔位符"
id,down-payment,propertyPrice,UNCLASSIFIED,prefix=Rp
id,dropship-margin,sellPrice,UNCLASSIFIED,prefix=Rp
id,dropship-margin,supplierCost,UNCLASSIFIED,prefix=Rp
id,dropship-margin,shippingCost,UNCLASSIFIED,prefix=Rp
id,dropship-margin,adCost,UNCLASSIFIED,prefix=Rp
id,ebitda-valuation,ebitda_value,UNCLASSIFIED,prefix=Rp
id,effective-tax-rate,totalIncome,UNCLASSIFIED,prefix=Rp
id,effective-tax-rate,totalTax,UNCLASSIFIED,prefix=Rp
id,electricity-cost,rate_per_kwh,UNCLASSIFIED,prefix=Rp
id,email-roi,revenue_generated,MISMATCH,"輸入框用$,內文卻出現Rp"
id,email-roi,email_cost,MISMATCH,"輸入框用$,內文卻出現Rp"
id,employee-cost,annualSalary,UNCLASSIFIED,prefix=Rp
id,employee-cost,healthInsurance,UNCLASSIFIED,prefix=Rp
id,employee-cost,nationalInsurance,UNCLASSIFIED,prefix=Rp
id,employee-cost,pensionContribution,UNCLASSIFIED,prefix=Rp
id,employee-cost,otherBenefits,UNCLASSIFIED,prefix=Rp
id,eps-calculator,netIncome,UNCLASSIFIED,prefix=Rp
id,ev-charging-cost,electricity_rate,LOCALIZE,"使用美制單位(/kWh),需換算當地貨幣+單位"
id,ev-vs-gas,evPrice,LOCALIZE,"使用美制單位(見同頁其他欄位),需換算當地貨幣+單位"
id,ev-vs-gas,gasPrice,LOCALIZE,"使用美制單位(見同頁其他欄位),需換算當地貨幣+單位"
id,ev-vs-gas,evTaxCredit,LOCALIZE,"使用美制單位(見同頁其他欄位),需換算當地貨幣+單位"
id,ev-vs-gas,electricityRate,LOCALIZE,"使用美制單位(/kWh),需換算當地貨幣+單位"
id,ev-vs-gas,gasPrice_input,LOCALIZE,"使用美制單位(/gal),需換算當地貨幣+單位"
id,ev-vs-gas,evMaintenance,LOCALIZE,"使用美制單位(見同頁其他欄位),需換算當地貨幣+單位"
id,ev-vs-gas,gasMaintenance,LOCALIZE,"使用美制單位(見同頁其他欄位),需換算當地貨幣+單位"
id,ev-vs-gas,evInsurance,LOCALIZE,"使用美制單位(見同頁其他欄位),需換算當地貨幣+單位"
id,ev-vs-gas,gasInsurance,LOCALIZE,"使用美制單位(見同頁其他欄位),需換算當地貨幣+單位"
id,ev-vs-gas,evRegistration,MISMATCH,"輸入框用$,內文卻出現Rp"
id,ev-vs-gas,gasRegistration,MISMATCH,"輸入框用$,內文卻出現Rp"
id,extra-payment,loanAmount,UNCLASSIFIED,prefix=Rp
id,extra-payment,extraPayment,UNCLASSIFIED,prefix=Rp
id,fba-fee-calculator,product_price,UNCLASSIFIED,prefix=Rp
id,fba-fee-calculator,monthly_storage,UNCLASSIFIED,prefix=Rp
id,fibonacci-retracement,(全頁),PLACEHOLDER,"技術分析/報價類工具,$為佔位符"
id,fire-number-calc,annualExpenses,UNCLASSIFIED,prefix=Rp
id,food-cost,foodCost,UNCLASSIFIED,prefix=Rp
id,food-cost,sellingPrice,UNCLASSIFIED,prefix=Rp
id,forex-profit,pipValue,MISMATCH,"輸入框用$,內文卻出現Rp"
id,franchise-roi,franchiseRevenue,MISMATCH,"輸入框用$,id語言預期應為Rp"
id,franchise-roi,operatingCosts,MISMATCH,"輸入框用$,id語言預期應為Rp"
id,franchise-roi,staffCosts,MISMATCH,"輸入框用$,id語言預期應為Rp"
id,franchise-roi,royaltyFees,MISMATCH,"輸入框用$,id語言預期應為Rp"
id,franchise-roi,initialInvestment,MISMATCH,"輸入框用$,id語言預期應為Rp"
id,freelance-rate,annual_expenses,UNCLASSIFIED,prefix=Rp
id,freelance-rate,desired_profit,UNCLASSIFIED,prefix=Rp
id,freelancer-tax,annual_income,UNCLASSIFIED,prefix=Rp
id,freelancer-tax,business_expenses,UNCLASSIFIED,prefix=Rp
id,fsa-savings-calc,(全頁),EXCEPTION,"已知美國制度專屬工具,維持USD"
id,fuel-cost,fuelPrice,LOCALIZE,"使用美制單位(見同頁其他欄位),需換算當地貨幣+單位"
id,future-value,presentValue,UNCLASSIFIED,prefix=Rp
id,gas-bill,ratePerUnit,UNCLASSIFIED,prefix=Rp
id,gas-bill,standingCharge,UNCLASSIFIED,prefix=Rp
id,gdpr-fine,annual_revenue,MISMATCH,"輸入框用€,id語言預期應為Rp"
id,gross-profit-margin,revenue,UNCLASSIFIED,prefix=Rp
id,gross-profit-margin,cogs,UNCLASSIFIED,prefix=Rp
id,health-deductible-calc,deductibleAmount,UNCLASSIFIED,prefix=Rp
id,health-deductible-calc,amountSpent,UNCLASSIFIED,prefix=Rp
id,health-insurance-estimate,annualDeductible,UNCLASSIFIED,prefix=Rp
id,health-insurance-estimate,estimatedAnnualMedicalCosts,UNCLASSIFIED,prefix=Rp
id,heloc-vs-personal-loan,loanAmount,UNCLASSIFIED,prefix=Rp
id,home-affordability,annualIncome,UNCLASSIFIED,prefix=Rp
id,home-affordability,monthlyDebts,UNCLASSIFIED,prefix=Rp
id,home-energy-audit,electricity_rate,UNCLASSIFIED,prefix=Rp
id,home-energy-audit,gas_rate,UNCLASSIFIED,prefix=Rp
id,home-equity,marketValue,UNCLASSIFIED,prefix=Rp
id,home-equity,mortgageBalance,UNCLASSIFIED,prefix=Rp
id,home-insurance-calc,homeValue,UNCLASSIFIED,prefix=Rp
id,home-mortgage,loanAmount,UNCLASSIFIED,prefix=Rp
id,home-mortgage,downPayment,UNCLASSIFIED,prefix=Rp
id,home-mortgage,propertyTax,UNCLASSIFIED,prefix=Rp
id,home-mortgage,homeInsurance,UNCLASSIFIED,prefix=Rp
id,home-mortgage,pmi,UNCLASSIFIED,prefix=Rp
id,hsa-contribution-calc,(全頁),EXCEPTION,"已知美國制度專屬工具,維持USD"
id,income-replacement,monthlyIncome,UNCLASSIFIED,prefix=Rp
id,income-tax,(全頁),EXCEPTION,"已知美國制度專屬工具,維持USD"
id,inflation,presentValue,UNCLASSIFIED,prefix=Rp
id,insulation-calculator,insulationCost,UNCLASSIFIED,prefix=Rp
id,insurance-premium-compare,annualPremium,UNCLASSIFIED,prefix=Rp
id,insurance-premium-compare,monthlyPremium,UNCLASSIFIED,prefix=Rp
id,insurance-premium-compare,singlePremium,UNCLASSIFIED,prefix=Rp
id,intrinsic-value,epsInput,UNCLASSIFIED,prefix=Rp
id,inventory-turnover,costOfGoodsSold,MISMATCH,"輸入框用$,id語言預期應為Rp"
id,inventory-turnover,beginningInventory,MISMATCH,"輸入框用$,id語言預期應為Rp"
id,inventory-turnover,endingInventory,MISMATCH,"輸入框用$,id語言預期應為Rp"
id,irr-calculator,initialInvestment,UNCLASSIFIED,prefix=Rp
id,irr-calculator,year1CashFlow,UNCLASSIFIED,prefix=Rp
id,irr-calculator,year2CashFlow,UNCLASSIFIED,prefix=Rp
id,irr-calculator,year3CashFlow,UNCLASSIFIED,prefix=Rp
id,irr-calculator,year4CashFlow,UNCLASSIFIED,prefix=Rp
id,irr-calculator,year5CashFlow,UNCLASSIFIED,prefix=Rp
id,ivf-cost-calculator,costPerCycle,MISMATCH,"輸入框用$,id語言預期應為Rp"
id,ivf-cost-calculator,additionalCosts,MISMATCH,"輸入框用$,id語言預期應為Rp"
id,kelly-criterion,bankroll,UNCLASSIFIED,prefix=Rp
id,landed-cost,productPrice,MISMATCH,"輸入框用$,id語言預期應為Rp"
id,landed-cost,shippingCost,MISMATCH,"輸入框用$,id語言預期應為Rp"
id,landed-cost,importDuty,MISMATCH,"輸入框用$,id語言預期應為Rp"
id,landed-cost,insuranceCost,MISMATCH,"輸入框用$,id語言預期應為Rp"
id,landed-cost,additionalCosts,MISMATCH,"輸入框用$,id語言預期應為Rp"
id,lasik-cost-calculator,cost_per_eye,LOCALIZE,"使用美制單位(見同頁其他欄位),需換算當地貨幣+單位"
id,late-payment-interest,principalAmount,UNCLASSIFIED,prefix=Rp
id,lawyer-fee,hourly_rate,MISMATCH,"輸入框用$,id語言預期應為Rp"
id,led-savings,electricity_rate,UNCLASSIFIED,prefix=Rp
id,legal-interest,principal_amount,UNCLASSIFIED,prefix=Rp
id,liability-insurance,netWorth,UNCLASSIFIED,prefix=Rp
id,life-insurance-calc,annual_income,UNCLASSIFIED,prefix=Rp
id,life-insurance-calc,outstanding_debt,UNCLASSIFIED,prefix=Rp
id,life-insurance-needs,totalDebt,UNCLASSIFIED,prefix=Rp
id,life-insurance-needs,annualIncome,UNCLASSIFIED,prefix=Rp
id,life-insurance-needs,mortgageBalance,UNCLASSIFIED,prefix=Rp
id,life-insurance-needs,educationCosts,UNCLASSIFIED,prefix=Rp
id,life-insurance-needs,currentSavings,UNCLASSIFIED,prefix=Rp
id,loan-affordability,annualIncome,UNCLASSIFIED,prefix=Rp
id,loan-comparison,loanAmount1,UNCLASSIFIED,prefix=Rp
id,loan-comparison,loanAmount2,UNCLASSIFIED,prefix=Rp
id,loan-vs-lease,vehiclePrice,MISMATCH,"輸入框用$,內文卻出現Rp"
id,loan-vs-lease,downPayment,MISMATCH,"輸入框用$,內文卻出現Rp"
id,loan-vs-lease,residualValue,MISMATCH,"輸入框用$,內文卻出現Rp"
id,loan-vs-lease,annualMaintenance,MISMATCH,"輸入框用$,內文卻出現Rp"
id,loan-vs-lease,annualInsurance,MISMATCH,"輸入框用$,內文卻出現Rp"
id,loan-vs-lease,annualRegistration,MISMATCH,"輸入框用$,內文卻出現Rp"
id,loan-vs-lease,leaseMonthlyPayment,MISMATCH,"輸入框用$,內文卻出現Rp"
id,loan-vs-lease,leaseInsurance,MISMATCH,"輸入框用$,內文卻出現Rp"
id,loan-vs-lease,leaseAcquisitionFee,MISMATCH,"輸入框用$,內文卻出現Rp"
id,loan-vs-lease,leaseDispositionFee,MISMATCH,"輸入框用$,內文卻出現Rp"
id,loan-vs-lease,mileageOverageCharge,MISMATCH,"輸入框用$,內文卻出現Rp"
id,long-term-care,dailyCost,UNCLASSIFIED,prefix=Rp
id,ltv-calculator,arpu,MISMATCH,"輸入框用$,id語言預期應為Rp"
id,macd-calculator,(全頁),PLACEHOLDER,"技術分析/報價類工具,$為佔位符"
id,margin-calculator,assetPrice,MISMATCH,"輸入框用$,id語言預期應為Rp"
id,medical-cost-estimator,procedureCost,UNCLASSIFIED,prefix=Rp
id,medical-cost-estimator,deductible,UNCLASSIFIED,prefix=Rp
id,medical-cost-estimator,copay,UNCLASSIFIED,prefix=Rp
id,medical-tourism-saving,localCost,MISMATCH,"輸入框用$,id語言預期應為Rp"
id,medical-tourism-saving,destinationCost,MISMATCH,"輸入框用$,id語言預期應為Rp"
id,medical-tourism-saving,travelCost,MISMATCH,"輸入框用$,id語言預期應為Rp"
id,medication-cost-compare,brandPrice,UNCLASSIFIED,prefix=Rp
id,medication-cost-compare,genericPrice,UNCLASSIFIED,prefix=Rp
id,meeting-cost,avg_hourly_rate,UNCLASSIFIED,prefix=Rp
id,mortgage-refinance,currentLoanAmount,UNCLASSIFIED,prefix=Rp
id,mortgage-refinance,refinancingCosts,UNCLASSIFIED,prefix=Rp
id,mortgage,loanAmount,UNCLASSIFIED,prefix=Rp
id,mrr-calculator,arpu,UNCLASSIFIED,prefix=Rp
id,net-profit-margin,netIncome,MISMATCH,"輸入框用$,內文卻出現Rp"
id,net-profit-margin,revenue,MISMATCH,"輸入框用$,內文卻出現Rp"
id,nursing-home-cost,monthlyNursingCost,UNCLASSIFIED,prefix=Rp
id,nursing-home-cost,additionalMonthlyExpenses,UNCLASSIFIED,prefix=Rp
id,nursing-home-cost,initialAdmissionFee,UNCLASSIFIED,prefix=Rp
id,oop-maximum-calc,maximumAmount,UNCLASSIFIED,prefix=Rp
id,oop-maximum-calc,amountPaid,UNCLASSIFIED,prefix=Rp
id,options-profit,spotPrice,MISMATCH,"輸入框用$,id語言預期應為Rp"
id,options-profit,strikePrice,MISMATCH,"輸入框用$,id語言預期應為Rp"
id,options-profit,premium,MISMATCH,"輸入框用$,id語言預期應為Rp"
id,overtime-calculator,hourlyRate,MISMATCH,"輸入框用$,id語言預期應為Rp"
id,parking-cost,hourlyRate,UNCLASSIFIED,prefix=Rp
id,parking-cost,dailyRate,UNCLASSIFIED,prefix=Rp
id,patent-cost,filingFee,MISMATCH,"輸入框用$,id語言預期應為Rp"
id,patent-cost,examinationFee,MISMATCH,"輸入框用$,id語言預期應為Rp"
id,patent-cost,maintenanceFeeThreeYear,MISMATCH,"輸入框用$,id語言預期應為Rp"
id,patent-cost,maintenanceFeeSevenYear,MISMATCH,"輸入框用$,id語言預期應為Rp"
id,patent-cost,maintenanceFeeSixteenYear,MISMATCH,"輸入框用$,id語言預期應為Rp"
id,patent-cost,attorneyFees,MISMATCH,"輸入框用$,id語言預期應為Rp"
id,payback-period,initialInvestment,UNCLASSIFIED,prefix=Rp
id,payback-period,annualCashflow,UNCLASSIFIED,prefix=Rp
id,payday-loan-cost,loanPrincipal,UNCLASSIFIED,prefix=Rp
id,payday-loan-cost,loanFee,UNCLASSIFIED,prefix=Rp
id,payroll-tax,(全頁),EXCEPTION,"已知美國制度專屬工具,維持USD"
id,pb-ratio,stockPrice,MISMATCH,"輸入框用$,id語言預期應為Rp"
id,pb-ratio,bookValue,MISMATCH,"輸入框用$,id語言預期應為Rp"
id,pe-ratio,stockPrice,UNCLASSIFIED,prefix=Rp
id,pe-ratio,earningsPerShare,UNCLASSIFIED,prefix=Rp
id,penalty-interest,principal_amount,UNCLASSIFIED,prefix=Rp
id,pension-vs-lump-sum,pensionMonthly,UNCLASSIFIED,prefix=Rp
id,pension-vs-lump-sum,lumpSumAmount,UNCLASSIFIED,prefix=Rp
id,personal-loan-calc,loanAmount,UNCLASSIFIED,prefix=Rp
id,pet-insurance-calc,deductible,UNCLASSIFIED,prefix=Rp
id,pivot-point,(全頁),PLACEHOLDER,"技術分析/報價類工具,$為佔位符"
id,position-size,accountBalance,MISMATCH,"輸入框用$,id語言預期應為Rp"
id,position-size,entryPrice,MISMATCH,"輸入框用$,id語言預期應為Rp"
id,position-size,stopLossPrice,MISMATCH,"輸入框用$,id語言預期應為Rp"
id,premium-vs-hdhp,lowPremiumMonthly,UNCLASSIFIED,prefix=Rp
id,premium-vs-hdhp,lowPremiumDeductible,UNCLASSIFIED,prefix=Rp
id,premium-vs-hdhp,lowPremiumOopMax,UNCLASSIFIED,prefix=Rp
id,premium-vs-hdhp,lowPremiumExpectedOop,UNCLASSIFIED,prefix=Rp
id,premium-vs-hdhp,hdhpMonthly,UNCLASSIFIED,prefix=Rp
id,premium-vs-hdhp,hdhpDeductible,UNCLASSIFIED,prefix=Rp
id,premium-vs-hdhp,hdhpOopMax,UNCLASSIFIED,prefix=Rp
id,premium-vs-hdhp,hdhpExpectedOop,UNCLASSIFIED,prefix=Rp
id,premium-vs-hdhp,hdhpContribution,UNCLASSIFIED,prefix=Rp
id,present-value,futureValue,UNCLASSIFIED,prefix=Rp
id,pricing-calculator,productCost,UNCLASSIFIED,prefix=Rp
id,pricing-calculator,additionalFees,UNCLASSIFIED,prefix=Rp
id,property-tax,propertyValue,UNCLASSIFIED,prefix=Rp
id,property-tax,exemptions,UNCLASSIFIED,prefix=Rp
id,property-tax,creditAmount,UNCLASSIFIED,prefix=Rp
id,refinance-break-even,closingCosts,UNCLASSIFIED,prefix=Rp
id,refinance-break-even,monthlySavings,UNCLASSIFIED,prefix=Rp
id,rehab-cost-estimator,dailyRate,UNCLASSIFIED,prefix=Rp
id,renovation-cost,localRate,UNCLASSIFIED,prefix=Rp
id,rent-vs-buy,propertyPrice,UNCLASSIFIED,prefix=Rp
id,rent-vs-buy,monthlyRent,UNCLASSIFIED,prefix=Rp
id,rent-vs-buy,propertyTaxRate,TYPO,"百分比欄位卻標記Rp,應為%"
id,rental-income-tax,annualRentalIncome,UNCLASSIFIED,prefix=Rp
id,rental-income-tax,mortgageInterest,UNCLASSIFIED,prefix=Rp
id,rental-income-tax,propertyTaxes,UNCLASSIFIED,prefix=Rp
id,rental-income-tax,utilities,UNCLASSIFIED,prefix=Rp
id,rental-income-tax,maintenance,UNCLASSIFIED,prefix=Rp
id,rental-income-tax,insurance,UNCLASSIFIED,prefix=Rp
id,rental-income-tax,managementFees,UNCLASSIFIED,prefix=Rp
id,rental-income-tax,advertising,UNCLASSIFIED,prefix=Rp
id,rental-income-tax,otherExpenses,UNCLASSIFIED,prefix=Rp
id,rental-income-tax,propertyValue,UNCLASSIFIED,prefix=Rp
id,rental-yield,annualRent,UNCLASSIFIED,prefix=Rp
id,rental-yield,propertyPrice,UNCLASSIFIED,prefix=Rp
id,renters-insurance,belongingsValue,UNCLASSIFIED,prefix=Rp
id,renters-insurance,deductible,UNCLASSIFIED,prefix=Rp
id,renters-insurance,liabilityLimit,UNCLASSIFIED,prefix=Rp
id,required-minimum-dist,accountBalance,MISMATCH,"輸入框用$,內文卻出現Rp"
id,retirement-income-need,currentAnnualExpenses,UNCLASSIFIED,prefix=Rp
id,retirement-savings-gap,currentSavings,UNCLASSIFIED,prefix=Rp
id,retirement-savings-gap,annualContribution,UNCLASSIFIED,prefix=Rp
id,retirement-savings-gap,retirementGoal,UNCLASSIFIED,prefix=Rp
id,retirement,monthlyContribution,UNCLASSIFIED,prefix=Rp
id,retirement,currentSavings,UNCLASSIFIED,prefix=Rp
id,risk-reward,entryPrice,UNCLASSIFIED,prefix=Rp
id,risk-reward,stopPrice,UNCLASSIFIED,prefix=Rp
id,risk-reward,targetPrice,UNCLASSIFIED,prefix=Rp
id,roas-calculator,revenue,MISMATCH,"輸入框用$,內文卻出現Rp"
id,roas-calculator,adSpend,MISMATCH,"輸入框用$,內文卻出現Rp"
id,roi-calculator,gainAmount,UNCLASSIFIED,prefix=Rp
id,roi-calculator,costAmount,UNCLASSIFIED,prefix=Rp
id,roi-of-insurance,benefitAmount,UNCLASSIFIED,prefix=Rp
id,roi-of-insurance,premiumCost,UNCLASSIFIED,prefix=Rp
id,roth-vs-traditional,(全頁),EXCEPTION,"已知美國制度專屬工具,維持USD"
id,rsi-calculator,(全頁),PLACEHOLDER,"技術分析/報價類工具,$為佔位符"
id,runway-calculator,cashAmount,LOCALIZE,"使用美制單位(見同頁其他欄位),需換算當地貨幣+單位"
id,runway-calculator,monthlyBurnRate,LOCALIZE,"使用美制單位(見同頁其他欄位),需換算當地貨幣+單位"
id,saas-ltv-cac,monthlyARR,MISMATCH,"輸入框用$,內文卻出現Rp"
id,saas-ltv-cac,cacCost,MISMATCH,"輸入框用$,內文卻出現Rp"
id,salary-raise,currentSalary,UNCLASSIFIED,prefix=Rp
id,salary-to-hourly,annual_salary,UNCLASSIFIED,prefix=Rp
id,sales-commission,salesAmount,UNCLASSIFIED,prefix=Rp
id,sales-commission,tier1Limit,UNCLASSIFIED,prefix=Rp
id,sales-commission,tier2Limit,UNCLASSIFIED,prefix=Rp
id,scholarship-calculator,annual_tuition,UNCLASSIFIED,prefix=Rp
id,scholarship-calculator,scholarship_amount,UNCLASSIFIED,prefix=Rp
id,scholarship-calculator,grants_amount,UNCLASSIFIED,prefix=Rp
id,severance-calculator,monthlyBaseSalary,MISMATCH,"輸入框用NT$,內文卻出現$"
id,severance-calculator,bonusesAnnual,MISMATCH,"輸入框用NT$,內文卻出現$"
id,shipping-cost,shipping_rate,UNCLASSIFIED,prefix=Rp
id,shopee-profit,productRevenue,UNCLASSIFIED,prefix=Rp
id,shopee-profit,shippingCost,UNCLASSIFIED,prefix=Rp
id,shopee-profit,productCOGS,UNCLASSIFIED,prefix=Rp
id,simple-interest,principal,UNCLASSIFIED,prefix=Rp
id,solar-roi,systemCost,MISMATCH,"輸入框用$,id語言預期應為Rp"
id,solar-roi,annualSavings,MISMATCH,"輸入框用$,id語言預期應為Rp"
id,solar-roi,maintenanceCost,MISMATCH,"輸入框用$,id語言預期應為Rp"
id,stamp-duty,propertyPrice,MISMATCH,"輸入框用£,id語言預期應為Rp"
id,startup-cost-estimator,oneTimeCosts,UNCLASSIFIED,prefix=Rp
id,startup-cost-estimator,monthlyOperatingCosts,UNCLASSIFIED,prefix=Rp
id,startup-valuation,annualRevenue,UNCLASSIFIED,prefix=Rp
id,stock-gain-loss,(全頁),PLACEHOLDER,"技術分析/報價類工具,$為佔位符"
id,stock-split,(全頁),PLACEHOLDER,"技術分析/報價類工具,$為佔位符"
id,stop-loss,entryPrice,UNCLASSIFIED,prefix=Rp
id,stop-loss,stopLossPrice,UNCLASSIFIED,prefix=Rp
id,student-loan-refi,currentLoanBalance,UNCLASSIFIED,prefix=Rp
id,student-loan-refi,refinanceFees,UNCLASSIFIED,prefix=Rp
id,student-loan,loanAmount,UNCLASSIFIED,prefix=Rp
id,support-resistance,(全頁),PLACEHOLDER,"技術分析/報價類工具,$為佔位符"
id,surgery-cost-estimator,procedureBaseCost,MISMATCH,"輸入框用$,id語言預期應為Rp"
id,take-home-pay,(全頁),EXCEPTION,"已知美國制度專屬工具,維持USD"
id,term-vs-whole-life,termPremium,UNCLASSIFIED,prefix=Rp
id,term-vs-whole-life,wholePremium,UNCLASSIFIED,prefix=Rp
id,term-vs-whole-life,deathBenefit,UNCLASSIFIED,prefix=Rp
id,term-vs-whole-life,wholeLifeCashValue,UNCLASSIFIED,prefix=Rp
id,therapy-cost-calc,sessionRate,UNCLASSIFIED,prefix=Rp
id,therapy-cost-calc,insuranceCoverage,UNCLASSIFIED,prefix=Rp
id,therapy-cost-calc,copayPerSession,UNCLASSIFIED,prefix=Rp
id,tip-calculator,billAmount,UNCLASSIFIED,prefix=Rp
id,trademark-fee,feePerClass,MISMATCH,"輸入框用$,內文卻出現Rp"
id,trademark-fee,additionalClassFee,MISMATCH,"輸入框用$,內文卻出現Rp"
id,trading-fee,tradeAmount,MISMATCH,"輸入框用$,id語言預期應為Rp"
id,travel-insurance-calc,tripCost,UNCLASSIFIED,prefix=Rp
id,trip-fuel,fuelPrice,LOCALIZE,"使用美制單位(per liter),需換算當地貨幣+單位"
id,tuition-cost,annualTuition,UNCLASSIFIED,prefix=Rp
id,tuition-cost,annualHousing,UNCLASSIFIED,prefix=Rp
id,tuition-cost,annualBooks,UNCLASSIFIED,prefix=Rp
id,umbrella-insurance,netWorth,UNCLASSIFIED,prefix=Rp
id,umbrella-insurance,existingCoverage,UNCLASSIFIED,prefix=Rp
id,umbrella-insurance,annualIncome,UNCLASSIFIED,prefix=Rp
id,valuation-calculator,annualRevenue,UNCLASSIFIED,prefix=Rp
id,valuation-calculator,netIncome,UNCLASSIFIED,prefix=Rp
id,vat-calculator,netPrice,UNCLASSIFIED,prefix=Rp
id,water-bill,tier1Rate,UNCLASSIFIED,prefix=Rp
id,water-bill,tier2Rate,UNCLASSIFIED,prefix=Rp
id,water-bill,tier3Rate,UNCLASSIFIED,prefix=Rp
id,water-bill,fixedCharge,UNCLASSIFIED,prefix=Rp
id,withdrawal-rate,portfolioValue,UNCLASSIFIED,prefix=Rp
id,working-capital,currentAssets,UNCLASSIFIED,prefix=Rp
id,working-capital,currentLiabilities,UNCLASSIFIED,prefix=Rp
id,youtube-revenue,youtubeRPM,MISMATCH,"輸入框用$,id語言預期應為Rp"
zh-CN,0-percent-financing,purchasePrice,UNCLASSIFIED,prefix=¥
zh-CN,0-percent-financing,downPayment,UNCLASSIFIED,prefix=¥
zh-CN,401k-contribution,(全頁),EXCEPTION,"已知美國制度專屬工具,維持USD"
zh-CN,alimony-calculator,payerIncome,MISMATCH,"輸入框用$,zh-CN語言預期應為¥"
zh-CN,alimony-calculator,recipientIncome,MISMATCH,"輸入框用$,zh-CN語言預期應為¥"
zh-CN,amazon-profit,selling_price,UNCLASSIFIED,prefix=¥
zh-CN,amazon-profit,cogs,UNCLASSIFIED,prefix=¥
zh-CN,amazon-profit,fba_fee,UNCLASSIFIED,prefix=¥
zh-CN,annual-leave,dailyWage,UNCLASSIFIED,prefix=￥
zh-CN,annuity-calculator,presentValue,UNCLASSIFIED,prefix=¥
zh-CN,annuity-income,lumpSum,UNCLASSIFIED,prefix=¥
zh-CN,appliance-energy,electricityRate,UNCLASSIFIED,prefix=¥
zh-CN,apr-calculator,loanAmount,UNCLASSIFIED,prefix=¥
zh-CN,apr-calculator,totalFees,UNCLASSIFIED,prefix=¥
zh-CN,apr-calculator,processingFee,UNCLASSIFIED,prefix=¥
zh-CN,asset-allocation,totalPortfolio,UNCLASSIFIED,prefix=¥
zh-CN,atr-calculator,highPrice,UNCLASSIFIED,prefix=¥
zh-CN,atr-calculator,lowPrice,UNCLASSIFIED,prefix=¥
zh-CN,atr-calculator,closePrice,UNCLASSIFIED,prefix=¥
zh-CN,average-down,(全頁),PLACEHOLDER,"技術分析/報價類工具,$為佔位符"
zh-CN,balloon-payment,loanAmount,UNCLASSIFIED,prefix=¥
zh-CN,balloon-payment,balloonAmount,UNCLASSIFIED,prefix=¥
zh-CN,bollinger-bands,(全頁),PLACEHOLDER,"技術分析/報價類工具,$為佔位符"
zh-CN,bond-yield,faceValue,UNCLASSIFIED,prefix=¥
zh-CN,bond-yield,currentPrice,UNCLASSIFIED,prefix=¥
zh-CN,bonus-tax,(全頁),EXCEPTION,"已知美國制度專屬工具,維持USD"
zh-CN,break-even-units,fixedCosts,UNCLASSIFIED,prefix=¥
zh-CN,break-even-units,pricePerUnit,UNCLASSIFIED,prefix=¥
zh-CN,break-even-units,variableCostPerUnit,UNCLASSIFIED,prefix=¥
zh-CN,break-even,fixed_costs,UNCLASSIFIED,prefix=¥
zh-CN,break-even,price_per_unit,UNCLASSIFIED,prefix=¥
zh-CN,break-even,variable_cost,UNCLASSIFIED,prefix=¥
zh-CN,burn-rate-calculator,monthlyExpenses,UNCLASSIFIED,prefix=¥
zh-CN,burn-rate-calculator,monthlyRevenue,UNCLASSIFIED,prefix=¥
zh-CN,burn-rate-calculator,cashReserve,UNCLASSIFIED,prefix=¥
zh-CN,business-exit-value,ebitda,UNCLASSIFIED,prefix=¥
zh-CN,business-insurance,annualRevenue,UNCLASSIFIED,prefix=¥
zh-CN,business-loan-calc,loanAmount,UNCLASSIFIED,prefix=¥
zh-CN,cagr,beginning_value,UNCLASSIFIED,prefix=¥
zh-CN,cagr,ending_value,UNCLASSIFIED,prefix=¥
zh-CN,candlestick-identifier,(全頁),PLACEHOLDER,"技術分析/報價類工具,$為佔位符"
zh-CN,cap-rate,netOperatingIncome,UNCLASSIFIED,prefix=¥
zh-CN,cap-rate,propertyValue,UNCLASSIFIED,prefix=¥
zh-CN,capital-gains-tax,(全頁),EXCEPTION,"已知美國制度專屬工具,維持USD"
zh-CN,car-depreciation,purchasePrice,LOCALIZE,"使用美制單位(見同頁其他欄位),需換算當地貨幣+單位"
zh-CN,car-depreciation,residualValue,LOCALIZE,"使用美制單位(見同頁其他欄位),需換算當地貨幣+單位"
zh-CN,car-insurance-calc,vehicleValue,LOCALIZE,"使用美制單位(見同頁其他欄位),需換算當地貨幣+單位"
zh-CN,car-insurance-estimate,vehicleValue,LOCALIZE,"使用美制單位(見同頁其他欄位),需換算當地貨幣+單位"
zh-CN,car-lease-vs-buy,carPrice,LOCALIZE,"使用美制單位(見同頁其他欄位),需換算當地貨幣+單位"
zh-CN,car-lease-vs-buy,downPayment,LOCALIZE,"使用美制單位(見同頁其他欄位),需換算當地貨幣+單位"
zh-CN,car-lease-vs-buy,leaseMonthly,LOCALIZE,"使用美制單位(見同頁其他欄位),需換算當地貨幣+單位"
zh-CN,car-lease-vs-buy,annualMaintenance,LOCALIZE,"使用美制單位(見同頁其他欄位),需換算當地貨幣+單位"
zh-CN,car-lease-vs-buy,annualInsurance,LOCALIZE,"使用美制單位(見同頁其他欄位),需換算當地貨幣+單位"
zh-CN,car-lease-vs-buy,annualRegistration,LOCALIZE,"使用美制單位(見同頁其他欄位),需換算當地貨幣+單位"
zh-CN,car-lease-vs-buy,gasPrice,LOCALIZE,"使用美制單位(見同頁其他欄位),需換算當地貨幣+單位"
zh-CN,car-loan,loanAmount,UNCLASSIFIED,prefix=¥
zh-CN,car-loan,downPayment,UNCLASSIFIED,prefix=¥
zh-CN,cash-on-cash,annualCashflow,MISMATCH,"輸入框用$,zh-CN語言預期應為¥"
zh-CN,cash-on-cash,cashInvested,MISMATCH,"輸入框用$,zh-CN語言預期應為¥"
zh-CN,catch-up-contribution,(全頁),EXCEPTION,"已知美國制度專屬工具,維持USD"
zh-CN,child-support,payor_gross_income,UNCLASSIFIED,prefix=¥
zh-CN,child-support,payee_gross_income,UNCLASSIFIED,prefix=¥
zh-CN,child-support,annual_childcare_costs,UNCLASSIFIED,prefix=¥
zh-CN,child-support,health_insurance_costs,UNCLASSIFIED,prefix=¥
zh-CN,coast-fire-calc,fireNumber,MISMATCH,"輸入框用$,zh-CN語言預期應為¥"
zh-CN,coffee-ratio,customRatio,UNCLASSIFIED,prefix=1:
zh-CN,college-savings,monthlyPayment,UNCLASSIFIED,prefix=¥
zh-CN,college-savings,initialAmount,UNCLASSIFIED,prefix=¥
zh-CN,commute-cost,fuelPrice,LOCALIZE,"使用美制單位(每加仑),需換算當地貨幣+單位"
zh-CN,commute-cost,dailyTolls,LOCALIZE,"使用美制單位(見同頁其他欄位),需換算當地貨幣+單位"
zh-CN,commute-cost,dailyParking,LOCALIZE,"使用美制單位(見同頁其他欄位),需換算當地貨幣+單位"
zh-CN,commute-cost,vehiclePrice,LOCALIZE,"使用美制單位(見同頁其他欄位),需換算當地貨幣+單位"
zh-CN,commute-cost,maintenanceAnnual,LOCALIZE,"使用美制單位(見同頁其他欄位),需換算當地貨幣+單位"
zh-CN,commute-cost,insuranceAnnual,LOCALIZE,"使用美制單位(見同頁其他欄位),需換算當地貨幣+單位"
zh-CN,company-registration,registration_fee,UNCLASSIFIED,prefix=¥
zh-CN,company-registration,capital_duty,UNCLASSIFIED,prefix=¥
zh-CN,company-registration,agent_fee,UNCLASSIFIED,prefix=¥
zh-CN,compound-interest-debt,principal_amount,UNCLASSIFIED,prefix=¥
zh-CN,compound-interest,principal,UNCLASSIFIED,prefix=¥
zh-CN,cost-of-living,salaryCity1,UNCLASSIFIED,prefix=¥
zh-CN,court-fee,claimAmount,UNCLASSIFIED,prefix=¥
zh-CN,coverage-gap-finder,neededCoverage,UNCLASSIFIED,prefix=¥
zh-CN,coverage-gap-finder,existingCoverage,UNCLASSIFIED,prefix=¥
zh-CN,credit-card-payoff,creditCardBalance,UNCLASSIFIED,prefix=¥
zh-CN,credit-card-payoff,monthlyPayment,UNCLASSIFIED,prefix=¥
zh-CN,critical-illness-calc,annualMedicalCost,UNCLASSIFIED,prefix=¥
zh-CN,critical-illness-calc,annualIncome,UNCLASSIFIED,prefix=¥
zh-CN,critical-illness-calc,existingSavings,UNCLASSIFIED,prefix=¥
zh-CN,customer-acquisition,marketing_spend,UNCLASSIFIED,prefix=¥
zh-CN,customs-duty,cifValue,UNCLASSIFIED,prefix=¥
zh-CN,dca-calculator,totalInvested,MISMATCH,"輸入框用$,zh-CN語言預期應為¥"
zh-CN,dcf-calculator,yearOne,UNCLASSIFIED,prefix=¥
zh-CN,dcf-calculator,yearTwo,UNCLASSIFIED,prefix=¥
zh-CN,dcf-calculator,yearThree,UNCLASSIFIED,prefix=¥
zh-CN,dcf-calculator,yearFour,UNCLASSIFIED,prefix=¥
zh-CN,dcf-calculator,yearFive,UNCLASSIFIED,prefix=¥
zh-CN,dcf-calculator,terminalValue,UNCLASSIFIED,prefix=¥
zh-CN,dcf-calculator,netDebt,UNCLASSIFIED,prefix=¥
zh-CN,debt-consolidation,debt1Amount,UNCLASSIFIED,prefix=¥
zh-CN,debt-consolidation,debt2Amount,UNCLASSIFIED,prefix=¥
zh-CN,debt-consolidation,debt3Amount,UNCLASSIFIED,prefix=¥
zh-CN,debt-consolidation,consolidationFee,UNCLASSIFIED,prefix=¥
zh-CN,debt-to-equity,totalDebt,UNCLASSIFIED,prefix=¥
zh-CN,debt-to-equity,equity,UNCLASSIFIED,prefix=¥
zh-CN,debt-to-income,monthlyDebt,UNCLASSIFIED,prefix=¥
zh-CN,debt-to-income,grossIncome,UNCLASSIFIED,prefix=¥
zh-CN,dental-cost-calculator,treatmentCost,UNCLASSIFIED,prefix=¥
zh-CN,dental-cost-calculator,deductible,UNCLASSIFIED,prefix=¥
zh-CN,dental-cost-calculator,deductibleMet,UNCLASSIFIED,prefix=¥
zh-CN,dental-cost-calculator,annualMax,UNCLASSIFIED,prefix=¥
zh-CN,dental-cost-calculator,benefitsUsed,UNCLASSIFIED,prefix=¥
zh-CN,disability-insurance,annualIncome,UNCLASSIFIED,prefix=¥
zh-CN,dividend-yield,(全頁),PLACEHOLDER,"技術分析/報價類工具,$為佔位符"
zh-CN,down-payment,propertyPrice,UNCLASSIFIED,prefix=¥
zh-CN,dropship-margin,sellPrice,UNCLASSIFIED,prefix=¥
zh-CN,dropship-margin,supplierCost,UNCLASSIFIED,prefix=¥
zh-CN,dropship-margin,shippingCost,UNCLASSIFIED,prefix=¥
zh-CN,dropship-margin,adCost,UNCLASSIFIED,prefix=¥
zh-CN,ebitda-valuation,ebitda_value,UNCLASSIFIED,prefix=¥
zh-CN,effective-tax-rate,totalIncome,UNCLASSIFIED,prefix=¥
zh-CN,effective-tax-rate,totalTax,UNCLASSIFIED,prefix=¥
zh-CN,electricity-cost,rate_per_kwh,UNCLASSIFIED,prefix=¥
zh-CN,email-roi,revenue_generated,UNCLASSIFIED,prefix=¥
zh-CN,email-roi,email_cost,UNCLASSIFIED,prefix=¥
zh-CN,employee-cost,annualSalary,UNCLASSIFIED,prefix=¥
zh-CN,employee-cost,healthInsurance,UNCLASSIFIED,prefix=¥
zh-CN,employee-cost,nationalInsurance,UNCLASSIFIED,prefix=¥
zh-CN,employee-cost,pensionContribution,UNCLASSIFIED,prefix=¥
zh-CN,employee-cost,otherBenefits,UNCLASSIFIED,prefix=¥
zh-CN,eps-calculator,netIncome,UNCLASSIFIED,prefix=¥
zh-CN,ev-charging-cost,electricity_rate,LOCALIZE,"使用美制單位(/千瓦时),需換算當地貨幣+單位"
zh-CN,ev-vs-gas,evPrice,UNCLASSIFIED,prefix=¥
zh-CN,ev-vs-gas,gasPrice,UNCLASSIFIED,prefix=¥
zh-CN,ev-vs-gas,evTaxCredit,UNCLASSIFIED,prefix=¥
zh-CN,ev-vs-gas,electricityRate,UNCLASSIFIED,prefix=¥
zh-CN,ev-vs-gas,gasPrice_input,UNCLASSIFIED,prefix=¥
zh-CN,ev-vs-gas,evMaintenance,UNCLASSIFIED,prefix=¥
zh-CN,ev-vs-gas,gasMaintenance,UNCLASSIFIED,prefix=¥
zh-CN,ev-vs-gas,evInsurance,UNCLASSIFIED,prefix=¥
zh-CN,ev-vs-gas,gasInsurance,UNCLASSIFIED,prefix=¥
zh-CN,ev-vs-gas,evRegistration,UNCLASSIFIED,prefix=¥
zh-CN,ev-vs-gas,gasRegistration,MISMATCH,"輸入框用$,zh-CN語言預期應為¥"
zh-CN,extra-payment,loanAmount,UNCLASSIFIED,prefix=¥
zh-CN,extra-payment,extraPayment,UNCLASSIFIED,prefix=¥
zh-CN,fba-fee-calculator,product_price,UNCLASSIFIED,prefix=¥
zh-CN,fba-fee-calculator,monthly_storage,UNCLASSIFIED,prefix=¥
zh-CN,fibonacci-retracement,(全頁),PLACEHOLDER,"技術分析/報價類工具,$為佔位符"
zh-CN,fire-number-calc,annualExpenses,UNCLASSIFIED,prefix=¥
zh-CN,food-cost,foodCost,UNCLASSIFIED,prefix=¥
zh-CN,food-cost,sellingPrice,UNCLASSIFIED,prefix=¥
zh-CN,forex-profit,pipValue,MISMATCH,"輸入框用$,zh-CN語言預期應為¥"
zh-CN,franchise-roi,franchiseRevenue,UNCLASSIFIED,prefix=¥
zh-CN,franchise-roi,operatingCosts,UNCLASSIFIED,prefix=¥
zh-CN,franchise-roi,staffCosts,UNCLASSIFIED,prefix=¥
zh-CN,franchise-roi,royaltyFees,UNCLASSIFIED,prefix=¥
zh-CN,franchise-roi,initialInvestment,UNCLASSIFIED,prefix=¥
zh-CN,freelance-rate,annual_expenses,UNCLASSIFIED,prefix=¥
zh-CN,freelance-rate,desired_profit,UNCLASSIFIED,prefix=¥
zh-CN,freelancer-tax,annual_income,UNCLASSIFIED,prefix=¥
zh-CN,freelancer-tax,business_expenses,UNCLASSIFIED,prefix=¥
zh-CN,fsa-savings-calc,(全頁),EXCEPTION,"已知美國制度專屬工具,維持USD"
zh-CN,fuel-cost,fuelPrice,LOCALIZE,"使用美制單位(見同頁其他欄位),需換算當地貨幣+單位"
zh-CN,future-value,presentValue,UNCLASSIFIED,prefix=¥
zh-CN,gas-bill,ratePerUnit,UNCLASSIFIED,prefix=¥
zh-CN,gas-bill,standingCharge,UNCLASSIFIED,prefix=¥
zh-CN,gdpr-fine,annual_revenue,MISMATCH,"輸入框用€,zh-CN語言預期應為¥"
zh-CN,gross-profit-margin,revenue,UNCLASSIFIED,prefix=¥
zh-CN,gross-profit-margin,cogs,UNCLASSIFIED,prefix=¥
zh-CN,health-deductible-calc,deductibleAmount,UNCLASSIFIED,prefix=¥
zh-CN,health-deductible-calc,amountSpent,UNCLASSIFIED,prefix=¥
zh-CN,health-insurance-estimate,annualDeductible,UNCLASSIFIED,prefix=¥
zh-CN,health-insurance-estimate,estimatedAnnualMedicalCosts,UNCLASSIFIED,prefix=¥
zh-CN,heloc-vs-personal-loan,loanAmount,UNCLASSIFIED,prefix=¥
zh-CN,home-affordability,annualIncome,UNCLASSIFIED,prefix=¥
zh-CN,home-affordability,monthlyDebts,UNCLASSIFIED,prefix=¥
zh-CN,home-energy-audit,electricity_rate,UNCLASSIFIED,prefix=¥
zh-CN,home-energy-audit,gas_rate,UNCLASSIFIED,prefix=¥
zh-CN,home-equity,marketValue,UNCLASSIFIED,prefix=¥
zh-CN,home-equity,mortgageBalance,UNCLASSIFIED,prefix=¥
zh-CN,home-insurance-calc,homeValue,UNCLASSIFIED,prefix=¥
zh-CN,home-mortgage,loanAmount,UNCLASSIFIED,prefix=¥
zh-CN,home-mortgage,downPayment,UNCLASSIFIED,prefix=¥
zh-CN,home-mortgage,propertyTax,UNCLASSIFIED,prefix=¥
zh-CN,home-mortgage,homeInsurance,UNCLASSIFIED,prefix=¥
zh-CN,home-mortgage,pmi,UNCLASSIFIED,prefix=¥
zh-CN,hsa-contribution-calc,(全頁),EXCEPTION,"已知美國制度專屬工具,維持USD"
zh-CN,income-replacement,monthlyIncome,UNCLASSIFIED,prefix=¥
zh-CN,income-tax,(全頁),EXCEPTION,"已知美國制度專屬工具,維持USD"
zh-CN,inflation,presentValue,UNCLASSIFIED,prefix=¥
zh-CN,insulation-calculator,insulationCost,MISMATCH,"輸入框用$,zh-CN語言預期應為¥"
zh-CN,insurance-premium-compare,annualPremium,UNCLASSIFIED,prefix=¥
zh-CN,insurance-premium-compare,monthlyPremium,UNCLASSIFIED,prefix=¥
zh-CN,insurance-premium-compare,singlePremium,UNCLASSIFIED,prefix=¥
zh-CN,intrinsic-value,epsInput,MISMATCH,"輸入框用$,zh-CN語言預期應為¥"
zh-CN,inventory-turnover,costOfGoodsSold,UNCLASSIFIED,prefix=¥
zh-CN,inventory-turnover,beginningInventory,MISMATCH,"輸入框用$,zh-CN語言預期應為¥"
zh-CN,inventory-turnover,endingInventory,MISMATCH,"輸入框用$,zh-CN語言預期應為¥"
zh-CN,irr-calculator,initialInvestment,UNCLASSIFIED,prefix=¥
zh-CN,irr-calculator,year1CashFlow,UNCLASSIFIED,prefix=¥
zh-CN,irr-calculator,year2CashFlow,UNCLASSIFIED,prefix=¥
zh-CN,irr-calculator,year3CashFlow,UNCLASSIFIED,prefix=¥
zh-CN,irr-calculator,year4CashFlow,UNCLASSIFIED,prefix=¥
zh-CN,irr-calculator,year5CashFlow,UNCLASSIFIED,prefix=¥
zh-CN,ivf-cost-calculator,costPerCycle,UNCLASSIFIED,prefix=¥
zh-CN,ivf-cost-calculator,additionalCosts,UNCLASSIFIED,prefix=¥
zh-CN,kelly-criterion,bankroll,MISMATCH,"輸入框用$,zh-CN語言預期應為¥"
zh-CN,landed-cost,productPrice,UNCLASSIFIED,prefix=¥
zh-CN,landed-cost,shippingCost,UNCLASSIFIED,prefix=¥
zh-CN,landed-cost,importDuty,UNCLASSIFIED,prefix=¥
zh-CN,landed-cost,insuranceCost,UNCLASSIFIED,prefix=¥
zh-CN,landed-cost,additionalCosts,UNCLASSIFIED,prefix=¥
zh-CN,lasik-cost-calculator,cost_per_eye,UNCLASSIFIED,prefix=¥
zh-CN,late-payment-interest,principalAmount,UNCLASSIFIED,prefix=¥
zh-CN,lawyer-fee,hourly_rate,UNCLASSIFIED,prefix=¥
zh-CN,led-savings,electricity_rate,UNCLASSIFIED,prefix=¥
zh-CN,legal-interest,principal_amount,UNCLASSIFIED,prefix=¥
zh-CN,liability-insurance,netWorth,UNCLASSIFIED,prefix=¥
zh-CN,life-insurance-calc,annual_income,UNCLASSIFIED,prefix=¥
zh-CN,life-insurance-calc,outstanding_debt,UNCLASSIFIED,prefix=¥
zh-CN,life-insurance-needs,totalDebt,UNCLASSIFIED,prefix=¥
zh-CN,life-insurance-needs,annualIncome,UNCLASSIFIED,prefix=¥
zh-CN,life-insurance-needs,mortgageBalance,UNCLASSIFIED,prefix=¥
zh-CN,life-insurance-needs,educationCosts,UNCLASSIFIED,prefix=¥
zh-CN,life-insurance-needs,currentSavings,UNCLASSIFIED,prefix=¥
zh-CN,loan-affordability,annualIncome,UNCLASSIFIED,prefix=¥
zh-CN,loan-comparison,loanAmount1,UNCLASSIFIED,prefix=¥
zh-CN,loan-comparison,loanAmount2,UNCLASSIFIED,prefix=¥
zh-CN,loan-vs-lease,vehiclePrice,LOCALIZE,"使用美制單位(見同頁其他欄位),需換算當地貨幣+單位"
zh-CN,loan-vs-lease,downPayment,LOCALIZE,"使用美制單位(見同頁其他欄位),需換算當地貨幣+單位"
zh-CN,loan-vs-lease,residualValue,LOCALIZE,"使用美制單位(見同頁其他欄位),需換算當地貨幣+單位"
zh-CN,loan-vs-lease,annualMaintenance,LOCALIZE,"使用美制單位(見同頁其他欄位),需換算當地貨幣+單位"
zh-CN,loan-vs-lease,annualInsurance,LOCALIZE,"使用美制單位(見同頁其他欄位),需換算當地貨幣+單位"
zh-CN,loan-vs-lease,annualRegistration,LOCALIZE,"使用美制單位(見同頁其他欄位),需換算當地貨幣+單位"
zh-CN,loan-vs-lease,leaseMonthlyPayment,LOCALIZE,"使用美制單位(見同頁其他欄位),需換算當地貨幣+單位"
zh-CN,loan-vs-lease,leaseInsurance,LOCALIZE,"使用美制單位(見同頁其他欄位),需換算當地貨幣+單位"
zh-CN,loan-vs-lease,leaseAcquisitionFee,LOCALIZE,"使用美制單位(見同頁其他欄位),需換算當地貨幣+單位"
zh-CN,loan-vs-lease,leaseDispositionFee,LOCALIZE,"使用美制單位(見同頁其他欄位),需換算當地貨幣+單位"
zh-CN,loan-vs-lease,mileageOverageCharge,LOCALIZE,"使用美制單位(/英里),需換算當地貨幣+單位"
zh-CN,long-term-care,dailyCost,UNCLASSIFIED,prefix=¥
zh-CN,ltv-calculator,arpu,UNCLASSIFIED,prefix=¥
zh-CN,macd-calculator,(全頁),PLACEHOLDER,"技術分析/報價類工具,$為佔位符"
zh-CN,margin-calculator,assetPrice,UNCLASSIFIED,prefix=¥
zh-CN,medical-cost-estimator,procedureCost,UNCLASSIFIED,prefix=¥
zh-CN,medical-cost-estimator,deductible,UNCLASSIFIED,prefix=¥
zh-CN,medical-cost-estimator,copay,UNCLASSIFIED,prefix=¥
zh-CN,medical-tourism-saving,localCost,MISMATCH,"輸入框用$,zh-CN語言預期應為¥"
zh-CN,medical-tourism-saving,destinationCost,MISMATCH,"輸入框用$,zh-CN語言預期應為¥"
zh-CN,medical-tourism-saving,travelCost,MISMATCH,"輸入框用$,zh-CN語言預期應為¥"
zh-CN,medication-cost-compare,brandPrice,UNCLASSIFIED,prefix=¥
zh-CN,medication-cost-compare,genericPrice,UNCLASSIFIED,prefix=¥
zh-CN,meeting-cost,avg_hourly_rate,UNCLASSIFIED,prefix=¥
zh-CN,mortgage-refinance,currentLoanAmount,UNCLASSIFIED,prefix=¥
zh-CN,mortgage-refinance,refinancingCosts,UNCLASSIFIED,prefix=¥
zh-CN,mortgage,loanAmount,UNCLASSIFIED,prefix=¥
zh-CN,mrr-calculator,arpu,UNCLASSIFIED,prefix=¥
zh-CN,net-profit-margin,netIncome,UNCLASSIFIED,prefix=¥
zh-CN,net-profit-margin,revenue,UNCLASSIFIED,prefix=¥
zh-CN,nursing-home-cost,monthlyNursingCost,UNCLASSIFIED,prefix=¥
zh-CN,nursing-home-cost,additionalMonthlyExpenses,UNCLASSIFIED,prefix=¥
zh-CN,nursing-home-cost,initialAdmissionFee,UNCLASSIFIED,prefix=¥
zh-CN,oop-maximum-calc,maximumAmount,UNCLASSIFIED,prefix=¥
zh-CN,oop-maximum-calc,amountPaid,UNCLASSIFIED,prefix=¥
zh-CN,options-profit,spotPrice,MISMATCH,"輸入框用$,zh-CN語言預期應為¥"
zh-CN,options-profit,strikePrice,MISMATCH,"輸入框用$,zh-CN語言預期應為¥"
zh-CN,options-profit,premium,MISMATCH,"輸入框用$,zh-CN語言預期應為¥"
zh-CN,overtime-calculator,hourlyRate,UNCLASSIFIED,prefix=¥
zh-CN,parking-cost,hourlyRate,UNCLASSIFIED,prefix=¥
zh-CN,parking-cost,dailyRate,UNCLASSIFIED,prefix=¥
zh-CN,patent-cost,filingFee,UNCLASSIFIED,prefix=¥
zh-CN,patent-cost,examinationFee,UNCLASSIFIED,prefix=¥
zh-CN,patent-cost,maintenanceFeeThreeYear,UNCLASSIFIED,prefix=¥
zh-CN,patent-cost,maintenanceFeeSevenYear,UNCLASSIFIED,prefix=¥
zh-CN,patent-cost,maintenanceFeeSixteenYear,UNCLASSIFIED,prefix=¥
zh-CN,patent-cost,attorneyFees,UNCLASSIFIED,prefix=¥
zh-CN,payback-period,initialInvestment,UNCLASSIFIED,prefix=¥
zh-CN,payback-period,annualCashflow,UNCLASSIFIED,prefix=¥
zh-CN,payday-loan-cost,loanPrincipal,MISMATCH,"輸入框用$,zh-CN語言預期應為¥"
zh-CN,payday-loan-cost,loanFee,MISMATCH,"輸入框用$,zh-CN語言預期應為¥"
zh-CN,payroll-tax,(全頁),EXCEPTION,"已知美國制度專屬工具,維持USD"
zh-CN,pb-ratio,stockPrice,UNCLASSIFIED,prefix=¥
zh-CN,pb-ratio,bookValue,UNCLASSIFIED,prefix=¥
zh-CN,pe-ratio,stockPrice,UNCLASSIFIED,prefix=¥
zh-CN,pe-ratio,earningsPerShare,UNCLASSIFIED,prefix=¥
zh-CN,penalty-interest,principal_amount,UNCLASSIFIED,prefix=¥
zh-CN,pension-vs-lump-sum,pensionMonthly,UNCLASSIFIED,prefix=￥
zh-CN,pension-vs-lump-sum,lumpSumAmount,UNCLASSIFIED,prefix=￥
zh-CN,personal-loan-calc,loanAmount,UNCLASSIFIED,prefix=￥
zh-CN,pet-insurance-calc,deductible,UNCLASSIFIED,prefix=¥
zh-CN,pivot-point,(全頁),PLACEHOLDER,"技術分析/報價類工具,$為佔位符"
zh-CN,position-size,accountBalance,UNCLASSIFIED,prefix=¥
zh-CN,position-size,entryPrice,UNCLASSIFIED,prefix=¥
zh-CN,position-size,stopLossPrice,UNCLASSIFIED,prefix=¥
zh-CN,premium-vs-hdhp,lowPremiumMonthly,UNCLASSIFIED,prefix=¥
zh-CN,premium-vs-hdhp,lowPremiumDeductible,UNCLASSIFIED,prefix=¥
zh-CN,premium-vs-hdhp,lowPremiumOopMax,UNCLASSIFIED,prefix=¥
zh-CN,premium-vs-hdhp,lowPremiumExpectedOop,UNCLASSIFIED,prefix=¥
zh-CN,premium-vs-hdhp,hdhpMonthly,UNCLASSIFIED,prefix=¥
zh-CN,premium-vs-hdhp,hdhpDeductible,UNCLASSIFIED,prefix=¥
zh-CN,premium-vs-hdhp,hdhpOopMax,UNCLASSIFIED,prefix=¥
zh-CN,premium-vs-hdhp,hdhpExpectedOop,UNCLASSIFIED,prefix=¥
zh-CN,premium-vs-hdhp,hdhpContribution,UNCLASSIFIED,prefix=¥
zh-CN,present-value,futureValue,UNCLASSIFIED,prefix=¥
zh-CN,pricing-calculator,productCost,UNCLASSIFIED,prefix=¥
zh-CN,pricing-calculator,additionalFees,UNCLASSIFIED,prefix=¥
zh-CN,property-tax,propertyValue,UNCLASSIFIED,prefix=¥
zh-CN,property-tax,exemptions,UNCLASSIFIED,prefix=¥
zh-CN,property-tax,creditAmount,UNCLASSIFIED,prefix=¥
zh-CN,refinance-break-even,closingCosts,UNCLASSIFIED,prefix=¥
zh-CN,refinance-break-even,monthlySavings,UNCLASSIFIED,prefix=¥
zh-CN,rehab-cost-estimator,dailyRate,UNCLASSIFIED,prefix=¥
zh-CN,renovation-cost,localRate,UNCLASSIFIED,prefix=¥
zh-CN,rent-vs-buy,propertyPrice,UNCLASSIFIED,prefix=¥
zh-CN,rent-vs-buy,monthlyRent,UNCLASSIFIED,prefix=¥
zh-CN,rent-vs-buy,propertyTaxRate,TYPO,"百分比欄位卻標記¥,應為%"
zh-CN,rental-income-tax,annualRentalIncome,UNCLASSIFIED,prefix=¥
zh-CN,rental-income-tax,mortgageInterest,UNCLASSIFIED,prefix=¥
zh-CN,rental-income-tax,propertyTaxes,UNCLASSIFIED,prefix=¥
zh-CN,rental-income-tax,utilities,UNCLASSIFIED,prefix=¥
zh-CN,rental-income-tax,maintenance,UNCLASSIFIED,prefix=¥
zh-CN,rental-income-tax,insurance,UNCLASSIFIED,prefix=¥
zh-CN,rental-income-tax,managementFees,UNCLASSIFIED,prefix=¥
zh-CN,rental-income-tax,advertising,UNCLASSIFIED,prefix=¥
zh-CN,rental-income-tax,otherExpenses,UNCLASSIFIED,prefix=¥
zh-CN,rental-income-tax,propertyValue,UNCLASSIFIED,prefix=¥
zh-CN,rental-yield,annualRent,UNCLASSIFIED,prefix=¥
zh-CN,rental-yield,propertyPrice,UNCLASSIFIED,prefix=¥
zh-CN,renters-insurance,belongingsValue,UNCLASSIFIED,prefix=¥
zh-CN,renters-insurance,deductible,UNCLASSIFIED,prefix=¥
zh-CN,renters-insurance,liabilityLimit,UNCLASSIFIED,prefix=¥
zh-CN,required-minimum-dist,accountBalance,MISMATCH,"輸入框用$,zh-CN語言預期應為¥"
zh-CN,retirement-income-need,currentAnnualExpenses,UNCLASSIFIED,prefix=¥
zh-CN,retirement-savings-gap,currentSavings,UNCLASSIFIED,prefix=¥
zh-CN,retirement-savings-gap,annualContribution,UNCLASSIFIED,prefix=¥
zh-CN,retirement-savings-gap,retirementGoal,UNCLASSIFIED,prefix=¥
zh-CN,retirement,monthlyContribution,UNCLASSIFIED,prefix=¥
zh-CN,retirement,currentSavings,UNCLASSIFIED,prefix=¥
zh-CN,risk-reward,entryPrice,UNCLASSIFIED,prefix=¥
zh-CN,risk-reward,stopPrice,UNCLASSIFIED,prefix=¥
zh-CN,risk-reward,targetPrice,UNCLASSIFIED,prefix=¥
zh-CN,roas-calculator,revenue,UNCLASSIFIED,prefix=¥
zh-CN,roas-calculator,adSpend,UNCLASSIFIED,prefix=¥
zh-CN,roi-calculator,gainAmount,UNCLASSIFIED,prefix=¥
zh-CN,roi-calculator,costAmount,UNCLASSIFIED,prefix=¥
zh-CN,roi-of-insurance,benefitAmount,UNCLASSIFIED,prefix=¥
zh-CN,roi-of-insurance,premiumCost,UNCLASSIFIED,prefix=¥
zh-CN,roth-vs-traditional,(全頁),EXCEPTION,"已知美國制度專屬工具,維持USD"
zh-CN,rsi-calculator,(全頁),PLACEHOLDER,"技術分析/報價類工具,$為佔位符"
zh-CN,runway-calculator,cashAmount,UNCLASSIFIED,prefix=¥
zh-CN,runway-calculator,monthlyBurnRate,UNCLASSIFIED,prefix=¥
zh-CN,saas-ltv-cac,monthlyARR,UNCLASSIFIED,prefix=¥
zh-CN,saas-ltv-cac,cacCost,UNCLASSIFIED,prefix=¥
zh-CN,salary-raise,currentSalary,UNCLASSIFIED,prefix=¥
zh-CN,salary-to-hourly,annual_salary,UNCLASSIFIED,prefix=¥
zh-CN,sales-commission,salesAmount,MISMATCH,"輸入框用$,zh-CN語言預期應為¥"
zh-CN,sales-commission,tier1Limit,MISMATCH,"輸入框用$,zh-CN語言預期應為¥"
zh-CN,sales-commission,tier2Limit,MISMATCH,"輸入框用$,zh-CN語言預期應為¥"
zh-CN,scholarship-calculator,annual_tuition,UNCLASSIFIED,prefix=¥
zh-CN,scholarship-calculator,scholarship_amount,UNCLASSIFIED,prefix=¥
zh-CN,scholarship-calculator,grants_amount,UNCLASSIFIED,prefix=¥
zh-CN,severance-calculator,monthlyBaseSalary,MISMATCH,"輸入框用NT$,zh-CN語言預期應為¥"
zh-CN,severance-calculator,bonusesAnnual,MISMATCH,"輸入框用NT$,zh-CN語言預期應為¥"
zh-CN,shipping-cost,shipping_rate,UNCLASSIFIED,prefix=¥
zh-CN,shopee-profit,productRevenue,UNCLASSIFIED,prefix=¥
zh-CN,shopee-profit,shippingCost,UNCLASSIFIED,prefix=¥
zh-CN,shopee-profit,productCOGS,UNCLASSIFIED,prefix=¥
zh-CN,simple-interest,principal,UNCLASSIFIED,prefix=¥
zh-CN,solar-roi,systemCost,UNCLASSIFIED,prefix=¥
zh-CN,solar-roi,annualSavings,UNCLASSIFIED,prefix=¥
zh-CN,solar-roi,maintenanceCost,UNCLASSIFIED,prefix=¥
zh-CN,stamp-duty,propertyPrice,MISMATCH,"輸入框用£,內文卻出現¥"
zh-CN,startup-cost-estimator,oneTimeCosts,UNCLASSIFIED,prefix=￥
zh-CN,startup-cost-estimator,monthlyOperatingCosts,UNCLASSIFIED,prefix=￥
zh-CN,startup-valuation,annualRevenue,UNCLASSIFIED,prefix=¥
zh-CN,stock-gain-loss,(全頁),PLACEHOLDER,"技術分析/報價類工具,$為佔位符"
zh-CN,stock-split,(全頁),PLACEHOLDER,"技術分析/報價類工具,$為佔位符"
zh-CN,stop-loss,entryPrice,UNCLASSIFIED,prefix=¥
zh-CN,stop-loss,stopLossPrice,UNCLASSIFIED,prefix=¥
zh-CN,student-loan-refi,currentLoanBalance,UNCLASSIFIED,prefix=￥
zh-CN,student-loan-refi,refinanceFees,UNCLASSIFIED,prefix=￥
zh-CN,student-loan,loanAmount,UNCLASSIFIED,prefix=¥
zh-CN,support-resistance,(全頁),PLACEHOLDER,"技術分析/報價類工具,$為佔位符"
zh-CN,surgery-cost-estimator,procedureBaseCost,UNCLASSIFIED,prefix=¥
zh-CN,take-home-pay,(全頁),EXCEPTION,"已知美國制度專屬工具,維持USD"
zh-CN,term-vs-whole-life,termPremium,UNCLASSIFIED,prefix=¥
zh-CN,term-vs-whole-life,wholePremium,UNCLASSIFIED,prefix=¥
zh-CN,term-vs-whole-life,deathBenefit,UNCLASSIFIED,prefix=¥
zh-CN,term-vs-whole-life,wholeLifeCashValue,UNCLASSIFIED,prefix=¥
zh-CN,therapy-cost-calc,sessionRate,UNCLASSIFIED,prefix=¥
zh-CN,therapy-cost-calc,insuranceCoverage,UNCLASSIFIED,prefix=¥
zh-CN,therapy-cost-calc,copayPerSession,UNCLASSIFIED,prefix=¥
zh-CN,tip-calculator,billAmount,UNCLASSIFIED,prefix=¥
zh-CN,trademark-fee,feePerClass,UNCLASSIFIED,prefix=¥
zh-CN,trademark-fee,additionalClassFee,UNCLASSIFIED,prefix=¥
zh-CN,trading-fee,tradeAmount,UNCLASSIFIED,prefix=¥
zh-CN,travel-insurance-calc,tripCost,UNCLASSIFIED,prefix=¥
zh-CN,trip-fuel,fuelPrice,LOCALIZE,"使用美制單位(每加仑),需換算當地貨幣+單位"
zh-CN,tuition-cost,annualTuition,UNCLASSIFIED,prefix=¥
zh-CN,tuition-cost,annualHousing,UNCLASSIFIED,prefix=¥
zh-CN,tuition-cost,annualBooks,UNCLASSIFIED,prefix=¥
zh-CN,umbrella-insurance,netWorth,UNCLASSIFIED,prefix=¥
zh-CN,umbrella-insurance,existingCoverage,UNCLASSIFIED,prefix=¥
zh-CN,umbrella-insurance,annualIncome,UNCLASSIFIED,prefix=¥
zh-CN,valuation-calculator,annualRevenue,UNCLASSIFIED,prefix=¥
zh-CN,valuation-calculator,netIncome,UNCLASSIFIED,prefix=¥
zh-CN,vat-calculator,netPrice,UNCLASSIFIED,prefix=¥
zh-CN,water-bill,tier1Rate,UNCLASSIFIED,prefix=¥
zh-CN,water-bill,tier2Rate,UNCLASSIFIED,prefix=¥
zh-CN,water-bill,tier3Rate,UNCLASSIFIED,prefix=¥
zh-CN,water-bill,fixedCharge,UNCLASSIFIED,prefix=¥
zh-CN,withdrawal-rate,portfolioValue,UNCLASSIFIED,prefix=¥
zh-CN,working-capital,currentAssets,UNCLASSIFIED,prefix=¥
zh-CN,working-capital,currentLiabilities,UNCLASSIFIED,prefix=¥
zh-CN,youtube-revenue,youtubeRPM,MISMATCH,"輸入框用$,內文卻出現¥"
zh-TW,0-percent-financing,purchasePrice,MISMATCH,"輸入框用NT$,內文卻出現$"
zh-TW,0-percent-financing,downPayment,MISMATCH,"輸入框用NT$,內文卻出現$"
zh-TW,401k-contribution,(全頁),EXCEPTION,"已知美國制度專屬工具,維持USD"
zh-TW,alimony-calculator,payerIncome,MISMATCH,"輸入框用$,zh-TW語言預期應為NT$"
zh-TW,alimony-calculator,recipientIncome,MISMATCH,"輸入框用$,zh-TW語言預期應為NT$"
zh-TW,amazon-profit,selling_price,MISMATCH,"輸入框用$,zh-TW語言預期應為NT$"
zh-TW,amazon-profit,cogs,MISMATCH,"輸入框用$,zh-TW語言預期應為NT$"
zh-TW,amazon-profit,fba_fee,MISMATCH,"輸入框用$,zh-TW語言預期應為NT$"
zh-TW,annual-leave,dailyWage,UNCLASSIFIED,prefix=NT$
zh-TW,annuity-calculator,presentValue,MISMATCH,"輸入框用NT$,內文卻出現$"
zh-TW,annuity-income,lumpSum,UNCLASSIFIED,prefix=NT$
zh-TW,appliance-energy,electricityRate,UNCLASSIFIED,prefix=NT$
zh-TW,apr-calculator,loanAmount,UNCLASSIFIED,prefix=NT$
zh-TW,apr-calculator,totalFees,UNCLASSIFIED,prefix=NT$
zh-TW,apr-calculator,processingFee,UNCLASSIFIED,prefix=NT$
zh-TW,asset-allocation,totalPortfolio,UNCLASSIFIED,prefix=NT$
zh-TW,atr-calculator,highPrice,MISMATCH,"輸入框用$,zh-TW語言預期應為NT$"
zh-TW,atr-calculator,lowPrice,MISMATCH,"輸入框用$,zh-TW語言預期應為NT$"
zh-TW,atr-calculator,closePrice,MISMATCH,"輸入框用$,zh-TW語言預期應為NT$"
zh-TW,average-down,(全頁),PLACEHOLDER,"技術分析/報價類工具,$為佔位符"
zh-TW,balloon-payment,loanAmount,UNCLASSIFIED,prefix=NT$
zh-TW,balloon-payment,balloonAmount,UNCLASSIFIED,prefix=NT$
zh-TW,bollinger-bands,(全頁),PLACEHOLDER,"技術分析/報價類工具,$為佔位符"
zh-TW,bond-yield,faceValue,MISMATCH,"輸入框用NT$,內文卻出現$"
zh-TW,bond-yield,currentPrice,MISMATCH,"輸入框用NT$,內文卻出現$"
zh-TW,bonus-tax,(全頁),EXCEPTION,"已知美國制度專屬工具,維持USD"
zh-TW,break-even-units,fixedCosts,MISMATCH,"輸入框用NT$,內文卻出現$"
zh-TW,break-even-units,pricePerUnit,MISMATCH,"輸入框用NT$,內文卻出現$"
zh-TW,break-even-units,variableCostPerUnit,MISMATCH,"輸入框用NT$,內文卻出現$"
zh-TW,break-even,fixed_costs,MISMATCH,"輸入框用NT$,內文卻出現$"
zh-TW,break-even,price_per_unit,MISMATCH,"輸入框用NT$,內文卻出現$"
zh-TW,break-even,variable_cost,MISMATCH,"輸入框用NT$,內文卻出現$"
zh-TW,burn-rate-calculator,monthlyExpenses,MISMATCH,"輸入框用$,zh-TW語言預期應為NT$"
zh-TW,burn-rate-calculator,monthlyRevenue,MISMATCH,"輸入框用$,zh-TW語言預期應為NT$"
zh-TW,burn-rate-calculator,cashReserve,MISMATCH,"輸入框用$,zh-TW語言預期應為NT$"
zh-TW,business-exit-value,ebitda,UNCLASSIFIED,prefix=NT$
zh-TW,business-insurance,annualRevenue,UNCLASSIFIED,prefix=NT$
zh-TW,business-loan-calc,loanAmount,MISMATCH,"輸入框用$,zh-TW語言預期應為NT$"
zh-TW,cagr,beginning_value,MISMATCH,"輸入框用$,zh-TW語言預期應為NT$"
zh-TW,cagr,ending_value,MISMATCH,"輸入框用$,zh-TW語言預期應為NT$"
zh-TW,candlestick-identifier,(全頁),PLACEHOLDER,"技術分析/報價類工具,$為佔位符"
zh-TW,cap-rate,netOperatingIncome,MISMATCH,"輸入框用$,zh-TW語言預期應為NT$"
zh-TW,cap-rate,propertyValue,MISMATCH,"輸入框用$,zh-TW語言預期應為NT$"
zh-TW,capital-gains-tax,(全頁),EXCEPTION,"已知美國制度專屬工具,維持USD"
zh-TW,car-depreciation,purchasePrice,MISMATCH,"輸入框用NT$,內文卻出現$"
zh-TW,car-depreciation,residualValue,MISMATCH,"輸入框用NT$,內文卻出現$"
zh-TW,car-insurance-calc,vehicleValue,LOCALIZE,"使用美制單位(見同頁其他欄位),需換算當地貨幣+單位"
zh-TW,car-insurance-estimate,vehicleValue,LOCALIZE,"使用美制單位(見同頁其他欄位),需換算當地貨幣+單位"
zh-TW,car-lease-vs-buy,carPrice,LOCALIZE,"使用美制單位(見同頁其他欄位),需換算當地貨幣+單位"
zh-TW,car-lease-vs-buy,downPayment,LOCALIZE,"使用美制單位(見同頁其他欄位),需換算當地貨幣+單位"
zh-TW,car-lease-vs-buy,leaseMonthly,LOCALIZE,"使用美制單位(見同頁其他欄位),需換算當地貨幣+單位"
zh-TW,car-lease-vs-buy,annualMaintenance,LOCALIZE,"使用美制單位(見同頁其他欄位),需換算當地貨幣+單位"
zh-TW,car-lease-vs-buy,annualInsurance,LOCALIZE,"使用美制單位(見同頁其他欄位),需換算當地貨幣+單位"
zh-TW,car-lease-vs-buy,annualRegistration,LOCALIZE,"使用美制單位(見同頁其他欄位),需換算當地貨幣+單位"
zh-TW,car-lease-vs-buy,gasPrice,LOCALIZE,"使用美制單位(見同頁其他欄位),需換算當地貨幣+單位"
zh-TW,car-loan,loanAmount,MISMATCH,"輸入框用$,zh-TW語言預期應為NT$"
zh-TW,car-loan,downPayment,MISMATCH,"輸入框用$,zh-TW語言預期應為NT$"
zh-TW,cash-on-cash,annualCashflow,MISMATCH,"輸入框用$,zh-TW語言預期應為NT$"
zh-TW,cash-on-cash,cashInvested,MISMATCH,"輸入框用$,zh-TW語言預期應為NT$"
zh-TW,catch-up-contribution,(全頁),EXCEPTION,"已知美國制度專屬工具,維持USD"
zh-TW,child-support,payor_gross_income,MISMATCH,"輸入框用$,zh-TW語言預期應為NT$"
zh-TW,child-support,payee_gross_income,MISMATCH,"輸入框用$,zh-TW語言預期應為NT$"
zh-TW,child-support,annual_childcare_costs,MISMATCH,"輸入框用$,zh-TW語言預期應為NT$"
zh-TW,child-support,health_insurance_costs,MISMATCH,"輸入框用$,zh-TW語言預期應為NT$"
zh-TW,coast-fire-calc,fireNumber,MISMATCH,"輸入框用$,zh-TW語言預期應為NT$"
zh-TW,coffee-ratio,customRatio,UNCLASSIFIED,prefix=1:
zh-TW,college-savings,monthlyPayment,MISMATCH,"輸入框用$,zh-TW語言預期應為NT$"
zh-TW,college-savings,initialAmount,MISMATCH,"輸入框用$,zh-TW語言預期應為NT$"
zh-TW,commute-cost,fuelPrice,LOCALIZE,"使用美制單位(每加侖),需換算當地貨幣+單位"
zh-TW,commute-cost,dailyTolls,LOCALIZE,"使用美制單位(見同頁其他欄位),需換算當地貨幣+單位"
zh-TW,commute-cost,dailyParking,LOCALIZE,"使用美制單位(見同頁其他欄位),需換算當地貨幣+單位"
zh-TW,commute-cost,vehiclePrice,LOCALIZE,"使用美制單位(見同頁其他欄位),需換算當地貨幣+單位"
zh-TW,commute-cost,maintenanceAnnual,LOCALIZE,"使用美制單位(見同頁其他欄位),需換算當地貨幣+單位"
zh-TW,commute-cost,insuranceAnnual,LOCALIZE,"使用美制單位(見同頁其他欄位),需換算當地貨幣+單位"
zh-TW,company-registration,registration_fee,MISMATCH,"輸入框用NT$,內文卻出現$"
zh-TW,company-registration,capital_duty,MISMATCH,"輸入框用NT$,內文卻出現$"
zh-TW,company-registration,agent_fee,MISMATCH,"輸入框用NT$,內文卻出現$"
zh-TW,compound-interest-debt,principal_amount,MISMATCH,"輸入框用NT$,內文卻出現$"
zh-TW,compound-interest,principal,MISMATCH,"輸入框用NT$,內文卻出現$"
zh-TW,cost-of-living,salaryCity1,UNCLASSIFIED,prefix=NT$
zh-TW,court-fee,claimAmount,UNCLASSIFIED,prefix=NT$
zh-TW,coverage-gap-finder,neededCoverage,MISMATCH,"輸入框用NT$,內文卻出現$"
zh-TW,coverage-gap-finder,existingCoverage,MISMATCH,"輸入框用NT$,內文卻出現$"
zh-TW,credit-card-payoff,creditCardBalance,MISMATCH,"輸入框用$,內文卻出現NT$"
zh-TW,credit-card-payoff,monthlyPayment,MISMATCH,"輸入框用$,內文卻出現NT$"
zh-TW,critical-illness-calc,annualMedicalCost,UNCLASSIFIED,prefix=NT$
zh-TW,critical-illness-calc,annualIncome,UNCLASSIFIED,prefix=NT$
zh-TW,critical-illness-calc,existingSavings,UNCLASSIFIED,prefix=NT$
zh-TW,customer-acquisition,marketing_spend,MISMATCH,"輸入框用$,zh-TW語言預期應為NT$"
zh-TW,customs-duty,cifValue,MISMATCH,"輸入框用$,zh-TW語言預期應為NT$"
zh-TW,dca-calculator,totalInvested,MISMATCH,"輸入框用$,zh-TW語言預期應為NT$"
zh-TW,dcf-calculator,yearOne,UNCLASSIFIED,prefix=NT$
zh-TW,dcf-calculator,yearTwo,UNCLASSIFIED,prefix=NT$
zh-TW,dcf-calculator,yearThree,UNCLASSIFIED,prefix=NT$
zh-TW,dcf-calculator,yearFour,UNCLASSIFIED,prefix=NT$
zh-TW,dcf-calculator,yearFive,UNCLASSIFIED,prefix=NT$
zh-TW,dcf-calculator,terminalValue,UNCLASSIFIED,prefix=NT$
zh-TW,dcf-calculator,netDebt,UNCLASSIFIED,prefix=NT$
zh-TW,debt-consolidation,debt1Amount,UNCLASSIFIED,prefix=NT$
zh-TW,debt-consolidation,debt2Amount,UNCLASSIFIED,prefix=NT$
zh-TW,debt-consolidation,debt3Amount,UNCLASSIFIED,prefix=NT$
zh-TW,debt-consolidation,consolidationFee,UNCLASSIFIED,prefix=NT$
zh-TW,debt-to-equity,totalDebt,MISMATCH,"輸入框用NT$,內文卻出現$"
zh-TW,debt-to-equity,equity,MISMATCH,"輸入框用NT$,內文卻出現$"
zh-TW,debt-to-income,monthlyDebt,UNCLASSIFIED,prefix=NT$
zh-TW,debt-to-income,grossIncome,UNCLASSIFIED,prefix=NT$
zh-TW,dental-cost-calculator,treatmentCost,MISMATCH,"輸入框用NT$,內文卻出現$"
zh-TW,dental-cost-calculator,deductible,MISMATCH,"輸入框用NT$,內文卻出現$"
zh-TW,dental-cost-calculator,deductibleMet,MISMATCH,"輸入框用NT$,內文卻出現$"
zh-TW,dental-cost-calculator,annualMax,MISMATCH,"輸入框用NT$,內文卻出現$"
zh-TW,dental-cost-calculator,benefitsUsed,MISMATCH,"輸入框用NT$,內文卻出現$"
zh-TW,disability-insurance,annualIncome,MISMATCH,"輸入框用$,內文卻出現NT$"
zh-TW,dividend-yield,(全頁),PLACEHOLDER,"技術分析/報價類工具,$為佔位符"
zh-TW,down-payment,propertyPrice,MISMATCH,"輸入框用$,zh-TW語言預期應為NT$"
zh-TW,dropship-margin,sellPrice,MISMATCH,"輸入框用$,zh-TW語言預期應為NT$"
zh-TW,dropship-margin,supplierCost,MISMATCH,"輸入框用$,zh-TW語言預期應為NT$"
zh-TW,dropship-margin,shippingCost,MISMATCH,"輸入框用$,zh-TW語言預期應為NT$"
zh-TW,dropship-margin,adCost,MISMATCH,"輸入框用$,zh-TW語言預期應為NT$"
zh-TW,ebitda-valuation,ebitda_value,MISMATCH,"輸入框用$,zh-TW語言預期應為NT$"
zh-TW,effective-tax-rate,totalIncome,MISMATCH,"輸入框用NT$,內文卻出現$"
zh-TW,effective-tax-rate,totalTax,MISMATCH,"輸入框用NT$,內文卻出現$"
zh-TW,electricity-cost,rate_per_kwh,MISMATCH,"輸入框用$,zh-TW語言預期應為NT$"
zh-TW,email-roi,revenue_generated,MISMATCH,"輸入框用$,zh-TW語言預期應為NT$"
zh-TW,email-roi,email_cost,MISMATCH,"輸入框用$,zh-TW語言預期應為NT$"
zh-TW,employee-cost,annualSalary,UNCLASSIFIED,prefix=NT$
zh-TW,employee-cost,healthInsurance,UNCLASSIFIED,prefix=NT$
zh-TW,employee-cost,nationalInsurance,UNCLASSIFIED,prefix=NT$
zh-TW,employee-cost,pensionContribution,UNCLASSIFIED,prefix=NT$
zh-TW,employee-cost,otherBenefits,UNCLASSIFIED,prefix=NT$
zh-TW,eps-calculator,netIncome,MISMATCH,"輸入框用NT$,內文卻出現$"
zh-TW,ev-charging-cost,electricity_rate,LOCALIZE,"使用美制單位(/kWh),需換算當地貨幣+單位"
zh-TW,ev-vs-gas,evPrice,MISMATCH,"輸入框用$,zh-TW語言預期應為NT$"
zh-TW,ev-vs-gas,gasPrice,MISMATCH,"輸入框用$,zh-TW語言預期應為NT$"
zh-TW,ev-vs-gas,evTaxCredit,MISMATCH,"輸入框用$,zh-TW語言預期應為NT$"
zh-TW,ev-vs-gas,electricityRate,MISMATCH,"輸入框用$,zh-TW語言預期應為NT$"
zh-TW,ev-vs-gas,gasPrice_input,MISMATCH,"輸入框用$,zh-TW語言預期應為NT$"
zh-TW,ev-vs-gas,evMaintenance,MISMATCH,"輸入框用$,zh-TW語言預期應為NT$"
zh-TW,ev-vs-gas,gasMaintenance,MISMATCH,"輸入框用$,zh-TW語言預期應為NT$"
zh-TW,ev-vs-gas,evInsurance,MISMATCH,"輸入框用$,zh-TW語言預期應為NT$"
zh-TW,ev-vs-gas,gasInsurance,MISMATCH,"輸入框用$,zh-TW語言預期應為NT$"
zh-TW,ev-vs-gas,evRegistration,MISMATCH,"輸入框用$,zh-TW語言預期應為NT$"
zh-TW,ev-vs-gas,gasRegistration,MISMATCH,"輸入框用$,zh-TW語言預期應為NT$"
zh-TW,extra-payment,loanAmount,MISMATCH,"輸入框用NT$,內文卻出現$"
zh-TW,extra-payment,extraPayment,MISMATCH,"輸入框用NT$,內文卻出現$"
zh-TW,fba-fee-calculator,product_price,MISMATCH,"輸入框用$,zh-TW語言預期應為NT$"
zh-TW,fba-fee-calculator,monthly_storage,MISMATCH,"輸入框用$,zh-TW語言預期應為NT$"
zh-TW,fibonacci-retracement,(全頁),PLACEHOLDER,"技術分析/報價類工具,$為佔位符"
zh-TW,fire-number-calc,annualExpenses,UNCLASSIFIED,prefix=NT$
zh-TW,food-cost,foodCost,MISMATCH,"輸入框用NT$,內文卻出現$"
zh-TW,food-cost,sellingPrice,MISMATCH,"輸入框用NT$,內文卻出現$"
zh-TW,forex-profit,pipValue,MISMATCH,"輸入框用$,zh-TW語言預期應為NT$"
zh-TW,franchise-roi,franchiseRevenue,MISMATCH,"輸入框用$,內文卻出現NT$"
zh-TW,franchise-roi,operatingCosts,MISMATCH,"輸入框用$,內文卻出現NT$"
zh-TW,franchise-roi,staffCosts,MISMATCH,"輸入框用$,內文卻出現NT$"
zh-TW,franchise-roi,royaltyFees,MISMATCH,"輸入框用$,內文卻出現NT$"
zh-TW,franchise-roi,initialInvestment,MISMATCH,"輸入框用$,內文卻出現NT$"
zh-TW,freelance-rate,annual_expenses,UNCLASSIFIED,prefix=NT$
zh-TW,freelance-rate,desired_profit,UNCLASSIFIED,prefix=NT$
zh-TW,freelancer-tax,annual_income,UNCLASSIFIED,prefix=NT$
zh-TW,freelancer-tax,business_expenses,UNCLASSIFIED,prefix=NT$
zh-TW,fsa-savings-calc,(全頁),EXCEPTION,"已知美國制度專屬工具,維持USD"
zh-TW,fuel-cost,fuelPrice,LOCALIZE,"使用美制單位(見同頁其他欄位),需換算當地貨幣+單位"
zh-TW,future-value,presentValue,MISMATCH,"輸入框用NT$,內文卻出現$"
zh-TW,gas-bill,ratePerUnit,UNCLASSIFIED,prefix=NT$
zh-TW,gas-bill,standingCharge,UNCLASSIFIED,prefix=NT$
zh-TW,gdpr-fine,annual_revenue,MISMATCH,"輸入框用€,zh-TW語言預期應為NT$"
zh-TW,gross-profit-margin,revenue,MISMATCH,"輸入框用NT$,內文卻出現$"
zh-TW,gross-profit-margin,cogs,MISMATCH,"輸入框用NT$,內文卻出現$"
zh-TW,health-deductible-calc,deductibleAmount,MISMATCH,"輸入框用$,zh-TW語言預期應為NT$"
zh-TW,health-deductible-calc,amountSpent,MISMATCH,"輸入框用$,zh-TW語言預期應為NT$"
zh-TW,health-insurance-estimate,annualDeductible,MISMATCH,"輸入框用$,zh-TW語言預期應為NT$"
zh-TW,health-insurance-estimate,estimatedAnnualMedicalCosts,MISMATCH,"輸入框用$,zh-TW語言預期應為NT$"
zh-TW,heloc-vs-personal-loan,loanAmount,MISMATCH,"輸入框用$,zh-TW語言預期應為NT$"
zh-TW,home-affordability,annualIncome,MISMATCH,"輸入框用$,zh-TW語言預期應為NT$"
zh-TW,home-affordability,monthlyDebts,MISMATCH,"輸入框用$,zh-TW語言預期應為NT$"
zh-TW,home-energy-audit,electricity_rate,MISMATCH,"輸入框用¥,zh-TW語言預期應為NT$"
zh-TW,home-energy-audit,gas_rate,MISMATCH,"輸入框用¥,zh-TW語言預期應為NT$"
zh-TW,home-equity,marketValue,MISMATCH,"輸入框用NT$,內文卻出現$"
zh-TW,home-equity,mortgageBalance,MISMATCH,"輸入框用NT$,內文卻出現$"
zh-TW,home-insurance-calc,homeValue,MISMATCH,"輸入框用$,zh-TW語言預期應為NT$"
zh-TW,home-mortgage,loanAmount,MISMATCH,"輸入框用$,zh-TW語言預期應為NT$"
zh-TW,home-mortgage,downPayment,MISMATCH,"輸入框用$,zh-TW語言預期應為NT$"
zh-TW,home-mortgage,propertyTax,MISMATCH,"輸入框用$,zh-TW語言預期應為NT$"
zh-TW,home-mortgage,homeInsurance,MISMATCH,"輸入框用$,zh-TW語言預期應為NT$"
zh-TW,home-mortgage,pmi,MISMATCH,"輸入框用$,zh-TW語言預期應為NT$"
zh-TW,hsa-contribution-calc,(全頁),EXCEPTION,"已知美國制度專屬工具,維持USD"
zh-TW,income-replacement,monthlyIncome,MISMATCH,"輸入框用NT$,內文卻出現$"
zh-TW,income-tax,(全頁),EXCEPTION,"已知美國制度專屬工具,維持USD"
zh-TW,inflation,presentValue,MISMATCH,"輸入框用NT$,內文卻出現$"
zh-TW,insulation-calculator,insulationCost,MISMATCH,"輸入框用$,zh-TW語言預期應為NT$"
zh-TW,insurance-premium-compare,annualPremium,MISMATCH,"輸入框用$,zh-TW語言預期應為NT$"
zh-TW,insurance-premium-compare,monthlyPremium,MISMATCH,"輸入框用$,zh-TW語言預期應為NT$"
zh-TW,insurance-premium-compare,singlePremium,MISMATCH,"輸入框用$,zh-TW語言預期應為NT$"
zh-TW,intrinsic-value,epsInput,MISMATCH,"輸入框用$,zh-TW語言預期應為NT$"
zh-TW,inventory-turnover,costOfGoodsSold,MISMATCH,"輸入框用$,zh-TW語言預期應為NT$"
zh-TW,inventory-turnover,beginningInventory,MISMATCH,"輸入框用$,zh-TW語言預期應為NT$"
zh-TW,inventory-turnover,endingInventory,MISMATCH,"輸入框用$,zh-TW語言預期應為NT$"
zh-TW,irr-calculator,initialInvestment,UNCLASSIFIED,prefix=NT$
zh-TW,irr-calculator,year1CashFlow,UNCLASSIFIED,prefix=NT$
zh-TW,irr-calculator,year2CashFlow,UNCLASSIFIED,prefix=NT$
zh-TW,irr-calculator,year3CashFlow,UNCLASSIFIED,prefix=NT$
zh-TW,irr-calculator,year4CashFlow,UNCLASSIFIED,prefix=NT$
zh-TW,irr-calculator,year5CashFlow,UNCLASSIFIED,prefix=NT$
zh-TW,ivf-cost-calculator,costPerCycle,MISMATCH,"輸入框用$,zh-TW語言預期應為NT$"
zh-TW,ivf-cost-calculator,additionalCosts,MISMATCH,"輸入框用$,zh-TW語言預期應為NT$"
zh-TW,kelly-criterion,bankroll,MISMATCH,"輸入框用$,zh-TW語言預期應為NT$"
zh-TW,landed-cost,productPrice,MISMATCH,"輸入框用$,zh-TW語言預期應為NT$"
zh-TW,landed-cost,shippingCost,MISMATCH,"輸入框用$,zh-TW語言預期應為NT$"
zh-TW,landed-cost,importDuty,MISMATCH,"輸入框用$,zh-TW語言預期應為NT$"
zh-TW,landed-cost,insuranceCost,MISMATCH,"輸入框用$,zh-TW語言預期應為NT$"
zh-TW,landed-cost,additionalCosts,MISMATCH,"輸入框用$,zh-TW語言預期應為NT$"
zh-TW,lasik-cost-calculator,cost_per_eye,MISMATCH,"輸入框用$,內文卻出現NT$"
zh-TW,late-payment-interest,principalAmount,MISMATCH,"輸入框用NT$,內文卻出現$"
zh-TW,lawyer-fee,hourly_rate,MISMATCH,"輸入框用$,zh-TW語言預期應為NT$"
zh-TW,led-savings,electricity_rate,UNCLASSIFIED,prefix=NT$
zh-TW,legal-interest,principal_amount,UNCLASSIFIED,prefix=NT$
zh-TW,liability-insurance,netWorth,UNCLASSIFIED,prefix=NT$
zh-TW,life-insurance-calc,annual_income,MISMATCH,"輸入框用NT$,內文卻出現$"
zh-TW,life-insurance-calc,outstanding_debt,MISMATCH,"輸入框用NT$,內文卻出現$"
zh-TW,life-insurance-needs,totalDebt,UNCLASSIFIED,prefix=NT$
zh-TW,life-insurance-needs,annualIncome,UNCLASSIFIED,prefix=NT$
zh-TW,life-insurance-needs,mortgageBalance,UNCLASSIFIED,prefix=NT$
zh-TW,life-insurance-needs,educationCosts,UNCLASSIFIED,prefix=NT$
zh-TW,life-insurance-needs,currentSavings,UNCLASSIFIED,prefix=NT$
zh-TW,loan-affordability,annualIncome,MISMATCH,"輸入框用$,zh-TW語言預期應為NT$"
zh-TW,loan-comparison,loanAmount1,MISMATCH,"輸入框用NT$,內文卻出現$"
zh-TW,loan-comparison,loanAmount2,MISMATCH,"輸入框用NT$,內文卻出現$"
zh-TW,loan-vs-lease,vehiclePrice,TYPO,"金額欄位卻標記%,應為貨幣符號"
zh-TW,loan-vs-lease,downPayment,LOCALIZE,"使用美制單位(見同頁其他欄位),需換算當地貨幣+單位"
zh-TW,loan-vs-lease,residualValue,LOCALIZE,"使用美制單位(見同頁其他欄位),需換算當地貨幣+單位"
zh-TW,loan-vs-lease,annualMaintenance,LOCALIZE,"使用美制單位(見同頁其他欄位),需換算當地貨幣+單位"
zh-TW,loan-vs-lease,annualInsurance,LOCALIZE,"使用美制單位(見同頁其他欄位),需換算當地貨幣+單位"
zh-TW,loan-vs-lease,annualRegistration,LOCALIZE,"使用美制單位(見同頁其他欄位),需換算當地貨幣+單位"
zh-TW,loan-vs-lease,leaseMonthlyPayment,LOCALIZE,"使用美制單位(見同頁其他欄位),需換算當地貨幣+單位"
zh-TW,loan-vs-lease,leaseInsurance,LOCALIZE,"使用美制單位(見同頁其他欄位),需換算當地貨幣+單位"
zh-TW,loan-vs-lease,leaseAcquisitionFee,LOCALIZE,"使用美制單位(見同頁其他欄位),需換算當地貨幣+單位"
zh-TW,loan-vs-lease,leaseDispositionFee,LOCALIZE,"使用美制單位(見同頁其他欄位),需換算當地貨幣+單位"
zh-TW,loan-vs-lease,mileageOverageCharge,LOCALIZE,"使用美制單位(元/英里),需換算當地貨幣+單位"
zh-TW,long-term-care,dailyCost,MISMATCH,"輸入框用$,zh-TW語言預期應為NT$"
zh-TW,ltv-calculator,arpu,MISMATCH,"輸入框用$,內文卻出現NT$"
zh-TW,macd-calculator,(全頁),PLACEHOLDER,"技術分析/報價類工具,$為佔位符"
zh-TW,margin-calculator,assetPrice,MISMATCH,"輸入框用$,zh-TW語言預期應為NT$"
zh-TW,medical-cost-estimator,procedureCost,MISMATCH,"輸入框用$,zh-TW語言預期應為NT$"
zh-TW,medical-cost-estimator,deductible,MISMATCH,"輸入框用$,zh-TW語言預期應為NT$"
zh-TW,medical-cost-estimator,copay,MISMATCH,"輸入框用$,zh-TW語言預期應為NT$"
zh-TW,medical-tourism-saving,localCost,MISMATCH,"輸入框用$,zh-TW語言預期應為NT$"
zh-TW,medical-tourism-saving,destinationCost,MISMATCH,"輸入框用$,zh-TW語言預期應為NT$"
zh-TW,medical-tourism-saving,travelCost,MISMATCH,"輸入框用$,zh-TW語言預期應為NT$"
zh-TW,medication-cost-compare,brandPrice,MISMATCH,"輸入框用$,zh-TW語言預期應為NT$"
zh-TW,medication-cost-compare,genericPrice,MISMATCH,"輸入框用$,zh-TW語言預期應為NT$"
zh-TW,meeting-cost,avg_hourly_rate,UNCLASSIFIED,prefix=NT$
zh-TW,mortgage-refinance,currentLoanAmount,MISMATCH,"輸入框用NT$,內文卻出現$"
zh-TW,mortgage-refinance,refinancingCosts,MISMATCH,"輸入框用NT$,內文卻出現$"
zh-TW,mortgage,loanAmount,UNCLASSIFIED,prefix=NT$
zh-TW,mrr-calculator,arpu,MISMATCH,"輸入框用$,zh-TW語言預期應為NT$"
zh-TW,net-profit-margin,netIncome,MISMATCH,"輸入框用$,zh-TW語言預期應為NT$"
zh-TW,net-profit-margin,revenue,MISMATCH,"輸入框用$,zh-TW語言預期應為NT$"
zh-TW,nursing-home-cost,monthlyNursingCost,MISMATCH,"輸入框用$,zh-TW語言預期應為NT$"
zh-TW,nursing-home-cost,additionalMonthlyExpenses,MISMATCH,"輸入框用$,zh-TW語言預期應為NT$"
zh-TW,nursing-home-cost,initialAdmissionFee,MISMATCH,"輸入框用$,zh-TW語言預期應為NT$"
zh-TW,oop-maximum-calc,maximumAmount,MISMATCH,"輸入框用$,zh-TW語言預期應為NT$"
zh-TW,oop-maximum-calc,amountPaid,MISMATCH,"輸入框用$,zh-TW語言預期應為NT$"
zh-TW,options-profit,spotPrice,MISMATCH,"輸入框用$,zh-TW語言預期應為NT$"
zh-TW,options-profit,strikePrice,MISMATCH,"輸入框用$,zh-TW語言預期應為NT$"
zh-TW,options-profit,premium,MISMATCH,"輸入框用$,zh-TW語言預期應為NT$"
zh-TW,overtime-calculator,hourlyRate,MISMATCH,"輸入框用NT$,內文卻出現$"
zh-TW,parking-cost,hourlyRate,UNCLASSIFIED,prefix=NT$
zh-TW,parking-cost,dailyRate,UNCLASSIFIED,prefix=NT$
zh-TW,patent-cost,filingFee,MISMATCH,"輸入框用$,zh-TW語言預期應為NT$"
zh-TW,patent-cost,examinationFee,MISMATCH,"輸入框用$,zh-TW語言預期應為NT$"
zh-TW,patent-cost,maintenanceFeeThreeYear,MISMATCH,"輸入框用$,zh-TW語言預期應為NT$"
zh-TW,patent-cost,maintenanceFeeSevenYear,MISMATCH,"輸入框用$,zh-TW語言預期應為NT$"
zh-TW,patent-cost,maintenanceFeeSixteenYear,MISMATCH,"輸入框用$,zh-TW語言預期應為NT$"
zh-TW,patent-cost,attorneyFees,MISMATCH,"輸入框用$,zh-TW語言預期應為NT$"
zh-TW,payback-period,initialInvestment,MISMATCH,"輸入框用NT$,內文卻出現$"
zh-TW,payback-period,annualCashflow,MISMATCH,"輸入框用NT$,內文卻出現$"
zh-TW,payday-loan-cost,loanPrincipal,MISMATCH,"輸入框用$,zh-TW語言預期應為NT$"
zh-TW,payday-loan-cost,loanFee,MISMATCH,"輸入框用$,zh-TW語言預期應為NT$"
zh-TW,payroll-tax,(全頁),EXCEPTION,"已知美國制度專屬工具,維持USD"
zh-TW,pb-ratio,stockPrice,MISMATCH,"輸入框用$,zh-TW語言預期應為NT$"
zh-TW,pb-ratio,bookValue,MISMATCH,"輸入框用$,zh-TW語言預期應為NT$"
zh-TW,pe-ratio,stockPrice,UNCLASSIFIED,prefix=NT$
zh-TW,pe-ratio,earningsPerShare,UNCLASSIFIED,prefix=NT$
zh-TW,penalty-interest,principal_amount,MISMATCH,"輸入框用NT$,內文卻出現$"
zh-TW,pension-vs-lump-sum,pensionMonthly,UNCLASSIFIED,prefix=NT$
zh-TW,pension-vs-lump-sum,lumpSumAmount,UNCLASSIFIED,prefix=NT$
zh-TW,personal-loan-calc,loanAmount,MISMATCH,"輸入框用NT$,內文卻出現$"
zh-TW,pet-insurance-calc,deductible,MISMATCH,"輸入框用NT$,內文卻出現$"
zh-TW,pivot-point,(全頁),PLACEHOLDER,"技術分析/報價類工具,$為佔位符"
zh-TW,position-size,accountBalance,MISMATCH,"輸入框用NT$,內文卻出現$"
zh-TW,position-size,entryPrice,MISMATCH,"輸入框用NT$,內文卻出現$"
zh-TW,position-size,stopLossPrice,MISMATCH,"輸入框用NT$,內文卻出現$"
zh-TW,premium-vs-hdhp,lowPremiumMonthly,MISMATCH,"輸入框用$,zh-TW語言預期應為NT$"
zh-TW,premium-vs-hdhp,lowPremiumDeductible,MISMATCH,"輸入框用$,zh-TW語言預期應為NT$"
zh-TW,premium-vs-hdhp,lowPremiumOopMax,MISMATCH,"輸入框用$,zh-TW語言預期應為NT$"
zh-TW,premium-vs-hdhp,lowPremiumExpectedOop,MISMATCH,"輸入框用$,zh-TW語言預期應為NT$"
zh-TW,premium-vs-hdhp,hdhpMonthly,MISMATCH,"輸入框用$,zh-TW語言預期應為NT$"
zh-TW,premium-vs-hdhp,hdhpDeductible,MISMATCH,"輸入框用$,zh-TW語言預期應為NT$"
zh-TW,premium-vs-hdhp,hdhpOopMax,MISMATCH,"輸入框用$,zh-TW語言預期應為NT$"
zh-TW,premium-vs-hdhp,hdhpExpectedOop,MISMATCH,"輸入框用$,zh-TW語言預期應為NT$"
zh-TW,premium-vs-hdhp,hdhpContribution,MISMATCH,"輸入框用$,zh-TW語言預期應為NT$"
zh-TW,present-value,futureValue,MISMATCH,"輸入框用$,zh-TW語言預期應為NT$"
zh-TW,pricing-calculator,productCost,MISMATCH,"輸入框用$,zh-TW語言預期應為NT$"
zh-TW,pricing-calculator,additionalFees,MISMATCH,"輸入框用$,zh-TW語言預期應為NT$"
zh-TW,property-tax,propertyValue,MISMATCH,"輸入框用$,內文卻出現NT$"
zh-TW,property-tax,exemptions,MISMATCH,"輸入框用$,內文卻出現NT$"
zh-TW,property-tax,creditAmount,MISMATCH,"輸入框用$,內文卻出現NT$"
zh-TW,refinance-break-even,closingCosts,MISMATCH,"輸入框用$,zh-TW語言預期應為NT$"
zh-TW,refinance-break-even,monthlySavings,MISMATCH,"輸入框用$,zh-TW語言預期應為NT$"
zh-TW,rehab-cost-estimator,dailyRate,MISMATCH,"輸入框用$,zh-TW語言預期應為NT$"
zh-TW,renovation-cost,localRate,UNCLASSIFIED,prefix=NT$
zh-TW,rent-vs-buy,propertyPrice,UNCLASSIFIED,prefix=NT$
zh-TW,rent-vs-buy,monthlyRent,UNCLASSIFIED,prefix=NT$
zh-TW,rent-vs-buy,propertyTaxRate,TYPO,"百分比欄位卻標記NT$,應為%"
zh-TW,rental-income-tax,annualRentalIncome,UNCLASSIFIED,prefix=NT$
zh-TW,rental-income-tax,mortgageInterest,UNCLASSIFIED,prefix=NT$
zh-TW,rental-income-tax,propertyTaxes,UNCLASSIFIED,prefix=NT$
zh-TW,rental-income-tax,utilities,UNCLASSIFIED,prefix=NT$
zh-TW,rental-income-tax,maintenance,UNCLASSIFIED,prefix=NT$
zh-TW,rental-income-tax,insurance,UNCLASSIFIED,prefix=NT$
zh-TW,rental-income-tax,managementFees,UNCLASSIFIED,prefix=NT$
zh-TW,rental-income-tax,advertising,UNCLASSIFIED,prefix=NT$
zh-TW,rental-income-tax,otherExpenses,UNCLASSIFIED,prefix=NT$
zh-TW,rental-income-tax,propertyValue,UNCLASSIFIED,prefix=NT$
zh-TW,rental-yield,annualRent,UNCLASSIFIED,prefix=NT$
zh-TW,rental-yield,propertyPrice,UNCLASSIFIED,prefix=NT$
zh-TW,renters-insurance,belongingsValue,MISMATCH,"輸入框用NT$,內文卻出現$"
zh-TW,renters-insurance,deductible,MISMATCH,"輸入框用NT$,內文卻出現$"
zh-TW,renters-insurance,liabilityLimit,MISMATCH,"輸入框用NT$,內文卻出現$"
zh-TW,required-minimum-dist,accountBalance,MISMATCH,"輸入框用$,zh-TW語言預期應為NT$"
zh-TW,retirement-income-need,currentAnnualExpenses,MISMATCH,"輸入框用NT$,內文卻出現$"
zh-TW,retirement-savings-gap,currentSavings,UNCLASSIFIED,prefix=NT$
zh-TW,retirement-savings-gap,annualContribution,UNCLASSIFIED,prefix=NT$
zh-TW,retirement-savings-gap,retirementGoal,UNCLASSIFIED,prefix=NT$
zh-TW,retirement,monthlyContribution,MISMATCH,"輸入框用NT$,內文卻出現$"
zh-TW,retirement,currentSavings,MISMATCH,"輸入框用NT$,內文卻出現$"
zh-TW,risk-reward,entryPrice,MISMATCH,"輸入框用NT$,內文卻出現$"
zh-TW,risk-reward,stopPrice,MISMATCH,"輸入框用NT$,內文卻出現$"
zh-TW,risk-reward,targetPrice,MISMATCH,"輸入框用NT$,內文卻出現$"
zh-TW,roas-calculator,revenue,MISMATCH,"輸入框用$,zh-TW語言預期應為NT$"
zh-TW,roas-calculator,adSpend,MISMATCH,"輸入框用$,zh-TW語言預期應為NT$"
zh-TW,roi-calculator,gainAmount,MISMATCH,"輸入框用NT$,內文卻出現$"
zh-TW,roi-calculator,costAmount,MISMATCH,"輸入框用NT$,內文卻出現$"
zh-TW,roi-of-insurance,benefitAmount,UNCLASSIFIED,prefix=NT$
zh-TW,roi-of-insurance,premiumCost,UNCLASSIFIED,prefix=NT$
zh-TW,roth-vs-traditional,(全頁),EXCEPTION,"已知美國制度專屬工具,維持USD"
zh-TW,rsi-calculator,(全頁),PLACEHOLDER,"技術分析/報價類工具,$為佔位符"
zh-TW,runway-calculator,cashAmount,MISMATCH,"輸入框用$,zh-TW語言預期應為NT$"
zh-TW,runway-calculator,monthlyBurnRate,MISMATCH,"輸入框用$,zh-TW語言預期應為NT$"
zh-TW,saas-ltv-cac,monthlyARR,MISMATCH,"輸入框用$,zh-TW語言預期應為NT$"
zh-TW,saas-ltv-cac,cacCost,MISMATCH,"輸入框用$,zh-TW語言預期應為NT$"
zh-TW,salary-raise,currentSalary,UNCLASSIFIED,prefix=NT$
zh-TW,salary-to-hourly,annual_salary,MISMATCH,"輸入框用NT$,內文卻出現$"
zh-TW,sales-commission,salesAmount,MISMATCH,"輸入框用$,zh-TW語言預期應為NT$"
zh-TW,sales-commission,tier1Limit,MISMATCH,"輸入框用$,zh-TW語言預期應為NT$"
zh-TW,sales-commission,tier2Limit,MISMATCH,"輸入框用$,zh-TW語言預期應為NT$"
zh-TW,scholarship-calculator,annual_tuition,UNCLASSIFIED,prefix=NT$
zh-TW,scholarship-calculator,scholarship_amount,UNCLASSIFIED,prefix=NT$
zh-TW,scholarship-calculator,grants_amount,UNCLASSIFIED,prefix=NT$
zh-TW,severance-calculator,monthlyBaseSalary,UNCLASSIFIED,prefix=NT$
zh-TW,severance-calculator,bonusesAnnual,UNCLASSIFIED,prefix=NT$
zh-TW,shipping-cost,shipping_rate,MISMATCH,"輸入框用NT$,內文卻出現$"
zh-TW,shopee-profit,productRevenue,MISMATCH,"輸入框用$,zh-TW語言預期應為NT$"
zh-TW,shopee-profit,shippingCost,MISMATCH,"輸入框用$,zh-TW語言預期應為NT$"
zh-TW,shopee-profit,productCOGS,MISMATCH,"輸入框用$,zh-TW語言預期應為NT$"
zh-TW,simple-interest,principal,MISMATCH,"輸入框用NT$,內文卻出現$"
zh-TW,solar-roi,systemCost,MISMATCH,"輸入框用NT$,內文卻出現$"
zh-TW,solar-roi,annualSavings,MISMATCH,"輸入框用NT$,內文卻出現$"
zh-TW,solar-roi,maintenanceCost,MISMATCH,"輸入框用NT$,內文卻出現$"
zh-TW,stamp-duty,propertyPrice,MISMATCH,"輸入框用£,zh-TW語言預期應為NT$"
zh-TW,startup-cost-estimator,oneTimeCosts,MISMATCH,"輸入框用$,zh-TW語言預期應為NT$"
zh-TW,startup-cost-estimator,monthlyOperatingCosts,MISMATCH,"輸入框用$,zh-TW語言預期應為NT$"
zh-TW,startup-valuation,annualRevenue,MISMATCH,"輸入框用NT$,內文卻出現$"
zh-TW,stock-gain-loss,(全頁),PLACEHOLDER,"技術分析/報價類工具,$為佔位符"
zh-TW,stock-split,(全頁),PLACEHOLDER,"技術分析/報價類工具,$為佔位符"
zh-TW,stop-loss,entryPrice,MISMATCH,"輸入框用$,zh-TW語言預期應為NT$"
zh-TW,stop-loss,stopLossPrice,MISMATCH,"輸入框用$,zh-TW語言預期應為NT$"
zh-TW,student-loan-refi,currentLoanBalance,MISMATCH,"輸入框用$,zh-TW語言預期應為NT$"
zh-TW,student-loan-refi,refinanceFees,MISMATCH,"輸入框用$,zh-TW語言預期應為NT$"
zh-TW,student-loan,loanAmount,MISMATCH,"輸入框用NT$,內文卻出現$"
zh-TW,support-resistance,(全頁),PLACEHOLDER,"技術分析/報價類工具,$為佔位符"
zh-TW,surgery-cost-estimator,procedureBaseCost,MISMATCH,"輸入框用$,zh-TW語言預期應為NT$"
zh-TW,take-home-pay,(全頁),EXCEPTION,"已知美國制度專屬工具,維持USD"
zh-TW,term-vs-whole-life,termPremium,UNCLASSIFIED,prefix=NT$
zh-TW,term-vs-whole-life,wholePremium,UNCLASSIFIED,prefix=NT$
zh-TW,term-vs-whole-life,deathBenefit,UNCLASSIFIED,prefix=NT$
zh-TW,term-vs-whole-life,wholeLifeCashValue,UNCLASSIFIED,prefix=NT$
zh-TW,therapy-cost-calc,sessionRate,MISMATCH,"輸入框用$,zh-TW語言預期應為NT$"
zh-TW,therapy-cost-calc,insuranceCoverage,MISMATCH,"輸入框用$,zh-TW語言預期應為NT$"
zh-TW,therapy-cost-calc,copayPerSession,MISMATCH,"輸入框用$,zh-TW語言預期應為NT$"
zh-TW,tip-calculator,billAmount,MISMATCH,"輸入框用$,zh-TW語言預期應為NT$"
zh-TW,trademark-fee,feePerClass,MISMATCH,"輸入框用$,zh-TW語言預期應為NT$"
zh-TW,trademark-fee,additionalClassFee,MISMATCH,"輸入框用$,zh-TW語言預期應為NT$"
zh-TW,trading-fee,tradeAmount,MISMATCH,"輸入框用$,zh-TW語言預期應為NT$"
zh-TW,travel-insurance-calc,tripCost,UNCLASSIFIED,prefix=NT$
zh-TW,trip-fuel,fuelPrice,LOCALIZE,"使用美制單位(每加侖),需換算當地貨幣+單位"
zh-TW,tuition-cost,annualTuition,MISMATCH,"輸入框用$,zh-TW語言預期應為NT$"
zh-TW,tuition-cost,annualHousing,MISMATCH,"輸入框用$,zh-TW語言預期應為NT$"
zh-TW,tuition-cost,annualBooks,MISMATCH,"輸入框用$,zh-TW語言預期應為NT$"
zh-TW,umbrella-insurance,netWorth,UNCLASSIFIED,prefix=NT$
zh-TW,umbrella-insurance,existingCoverage,UNCLASSIFIED,prefix=NT$
zh-TW,umbrella-insurance,annualIncome,UNCLASSIFIED,prefix=NT$
zh-TW,valuation-calculator,annualRevenue,UNCLASSIFIED,prefix=NT$
zh-TW,valuation-calculator,netIncome,UNCLASSIFIED,prefix=NT$
zh-TW,vat-calculator,netPrice,MISMATCH,"輸入框用NT$,內文卻出現$"
zh-TW,water-bill,tier1Rate,MISMATCH,"輸入框用NT$,內文卻出現$"
zh-TW,water-bill,tier2Rate,MISMATCH,"輸入框用NT$,內文卻出現$"
zh-TW,water-bill,tier3Rate,MISMATCH,"輸入框用NT$,內文卻出現$"
zh-TW,water-bill,fixedCharge,MISMATCH,"輸入框用NT$,內文卻出現$"
zh-TW,withdrawal-rate,portfolioValue,MISMATCH,"輸入框用$,zh-TW語言預期應為NT$"
zh-TW,working-capital,currentAssets,UNCLASSIFIED,prefix=NT$
zh-TW,working-capital,currentLiabilities,UNCLASSIFIED,prefix=NT$
zh-TW,youtube-revenue,youtubeRPM,MISMATCH,"輸入框用$,zh-TW語言預期應為NT$"
