語言,檔案路徑,問題類型,可疑內容
zh-TW,D:\xian-shang-you-wei\backend\frontend\tools\bonus-tax.html,input-prefix貨幣符號可能不符語言,£
zh-TW,D:\xian-shang-you-wei\backend\frontend\tools\cagr.html,後綴疑似未翻譯(常見英文字),years
zh-TW,D:\xian-shang-you-wei\backend\frontend\tools\coffee-ratio.html,input-prefix貨幣符號可能不符語言,1:
zh-TW,D:\xian-shang-you-wei\backend\frontend\tools\gdpr-fine.html,input-prefix貨幣符號可能不符語言,€
zh-TW,D:\xian-shang-you-wei\backend\frontend\tools\heloc-vs-personal-loan.html,後綴疑似未翻譯(常見英文字),years
zh-TW,D:\xian-shang-you-wei\backend\frontend\tools\home-energy-audit.html,input-prefix貨幣符號可能不符語言,¥
zh-TW,D:\xian-shang-you-wei\backend\frontend\tools\home-energy-audit.html,input-prefix貨幣符號可能不符語言,¥
zh-TW,D:\xian-shang-you-wei\backend\frontend\tools\loan-vs-lease.html,input-prefix貨幣符號可能不符語言,%
zh-TW,D:\xian-shang-you-wei\backend\frontend\tools\payroll-tax.html,input-prefix貨幣符號可能不符語言,£
zh-TW,D:\xian-shang-you-wei\backend\frontend\tools\refinance-break-even.html,後綴疑似未翻譯(常見英文字),years
zh-TW,D:\xian-shang-you-wei\backend\frontend\tools\stamp-duty.html,input-prefix貨幣符號可能不符語言,£
zh-TW,D:\xian-shang-you-wei\backend\frontend\tools\take-home-pay.html,input-prefix貨幣符號可能不符語言,£
zh-TW,D:\xian-shang-you-wei\backend\frontend\tools\take-home-pay.html,input-prefix貨幣符號可能不符語言,£
zh-TW,D:\xian-shang-you-wei\backend\frontend\tools\tuition-cost.html,後綴疑似未翻譯(常見英文字),years
ja,D:\xian-shang-you-wei\backend\frontend\tools\ja\401k-contribution.html,input-prefix貨幣符號可能不符語言,$
ja,D:\xian-shang-you-wei\backend\frontend\tools\ja\401k-contribution.html,input-prefix貨幣符號可能不符語言,$
ja,D:\xian-shang-you-wei\backend\frontend\tools\ja\annual-leave.html,input-prefix貨幣符號可能不符語言,$
ja,D:\xian-shang-you-wei\backend\frontend\tools\ja\annual-leave.html,後綴疑似未翻譯(純英文字母),USD
ja,D:\xian-shang-you-wei\backend\frontend\tools\ja\appliance-energy.html,後綴疑似未翻譯(純英文字母),W
ja,D:\xian-shang-you-wei\backend\frontend\tools\ja\atr-calculator.html,input-prefix貨幣符號可能不符語言,$
ja,D:\xian-shang-you-wei\backend\frontend\tools\ja\average-down.html,input-prefix貨幣符號可能不符語言,$
ja,D:\xian-shang-you-wei\backend\frontend\tools\ja\average-down.html,input-prefix貨幣符號可能不符語言,$
ja,D:\xian-shang-you-wei\backend\frontend\tools\ja\average-down.html,後綴疑似未翻譯(純英文字母),shares
ja,D:\xian-shang-you-wei\backend\frontend\tools\ja\baby-growth.html,後綴疑似未翻譯(純英文字母),kg
ja,D:\xian-shang-you-wei\backend\frontend\tools\ja\baby-growth.html,後綴疑似未翻譯(純英文字母),cm
ja,D:\xian-shang-you-wei\backend\frontend\tools\ja\baby-growth.html,後綴疑似未翻譯(純英文字母),cm
ja,D:\xian-shang-you-wei\backend\frontend\tools\ja\balloon-payment.html,input-prefix貨幣符號可能不符語言,$
ja,D:\xian-shang-you-wei\backend\frontend\tools\ja\balloon-payment.html,input-prefix貨幣符號可能不符語言,$
ja,D:\xian-shang-you-wei\backend\frontend\tools\ja\battery-calculator.html,後綴疑似未翻譯(純英文字母),mAh
ja,D:\xian-shang-you-wei\backend\frontend\tools\ja\battery-calculator.html,後綴疑似未翻譯(純英文字母),mA
ja,D:\xian-shang-you-wei\backend\frontend\tools\ja\blood-pressure-chart.html,後綴疑似未翻譯(純英文字母),mmHg
ja,D:\xian-shang-you-wei\backend\frontend\tools\ja\blood-pressure-chart.html,後綴疑似未翻譯(純英文字母),mmHg
ja,D:\xian-shang-you-wei\backend\frontend\tools\ja\bmi-calculator.html,後綴疑似未翻譯(純英文字母),kg
ja,D:\xian-shang-you-wei\backend\frontend\tools\ja\bmi-calculator.html,後綴疑似未翻譯(純英文字母),m
ja,D:\xian-shang-you-wei\backend\frontend\tools\ja\bmr-calculator.html,後綴疑似未翻譯(純英文字母),kg
ja,D:\xian-shang-you-wei\backend\frontend\tools\ja\bmr-calculator.html,後綴疑似未翻譯(純英文字母),cm
ja,D:\xian-shang-you-wei\backend\frontend\tools\ja\bollinger-bands.html,input-prefix貨幣符號可能不符語言,$
ja,D:\xian-shang-you-wei\backend\frontend\tools\ja\bolt-torque.html,後綴疑似未翻譯(純英文字母),mm
ja,D:\xian-shang-you-wei\backend\frontend\tools\ja\bolt-torque.html,後綴疑似未翻譯(純英文字母),N
ja,D:\xian-shang-you-wei\backend\frontend\tools\ja\bonus-tax.html,input-prefix貨幣符號可能不符語言,£
ja,D:\xian-shang-you-wei\backend\frontend\tools\ja\bread-hydration.html,後綴疑似未翻譯(純英文字母),g
ja,D:\xian-shang-you-wei\backend\frontend\tools\ja\bread-hydration.html,後綴疑似未翻譯(純英文字母),g
ja,D:\xian-shang-you-wei\backend\frontend\tools\ja\business-loan-calc.html,input-prefix貨幣符號可能不符語言,$
ja,D:\xian-shang-you-wei\backend\frontend\tools\ja\caffeine-calculator.html,後綴疑似未翻譯(純英文字母),mg
ja,D:\xian-shang-you-wei\backend\frontend\tools\ja\caffeine-calculator.html,後綴疑似未翻譯(純英文字母),mg
ja,D:\xian-shang-you-wei\backend\frontend\tools\ja\caffeine-calculator.html,後綴疑似未翻譯(純英文字母),mg
ja,D:\xian-shang-you-wei\backend\frontend\tools\ja\caffeine-calculator.html,後綴疑似未翻譯(純英文字母),mg
ja,D:\xian-shang-you-wei\backend\frontend\tools\ja\caffeine-calculator.html,後綴疑似未翻譯(純英文字母),mg
ja,D:\xian-shang-you-wei\backend\frontend\tools\ja\calorie-calculator.html,後綴疑似未翻譯(純英文字母),cm
ja,D:\xian-shang-you-wei\backend\frontend\tools\ja\calorie-calculator.html,後綴疑似未翻譯(純英文字母),kg
ja,D:\xian-shang-you-wei\backend\frontend\tools\ja\calorie-density.html,後綴疑似未翻譯(純英文字母),kcal
ja,D:\xian-shang-you-wei\backend\frontend\tools\ja\calorie-density.html,後綴疑似未翻譯(純英文字母),g
ja,D:\xian-shang-you-wei\backend\frontend\tools\ja\cap-rate.html,input-prefix貨幣符號可能不符語言,$
ja,D:\xian-shang-you-wei\backend\frontend\tools\ja\cap-rate.html,input-prefix貨幣符號可能不符語言,$
ja,D:\xian-shang-you-wei\backend\frontend\tools\ja\capital-gains-tax.html,input-prefix貨幣符號可能不符語言,$
ja,D:\xian-shang-you-wei\backend\frontend\tools\ja\capital-gains-tax.html,input-prefix貨幣符號可能不符語言,$
ja,D:\xian-shang-you-wei\backend\frontend\tools\ja\capital-gains-tax.html,input-prefix貨幣符號可能不符語言,$
ja,D:\xian-shang-you-wei\backend\frontend\tools\ja\car-lease-vs-buy.html,input-prefix貨幣符號可能不符語言,$
ja,D:\xian-shang-you-wei\backend\frontend\tools\ja\car-lease-vs-buy.html,input-prefix貨幣符號可能不符語言,$
ja,D:\xian-shang-you-wei\backend\frontend\tools\ja\car-lease-vs-buy.html,input-prefix貨幣符號可能不符語言,$
ja,D:\xian-shang-you-wei\backend\frontend\tools\ja\car-lease-vs-buy.html,input-prefix貨幣符號可能不符語言,$
ja,D:\xian-shang-you-wei\backend\frontend\tools\ja\car-lease-vs-buy.html,input-prefix貨幣符號可能不符語言,$
ja,D:\xian-shang-you-wei\backend\frontend\tools\ja\car-lease-vs-buy.html,input-prefix貨幣符號可能不符語言,$
ja,D:\xian-shang-you-wei\backend\frontend\tools\ja\car-lease-vs-buy.html,input-prefix貨幣符號可能不符語言,$
ja,D:\xian-shang-you-wei\backend\frontend\tools\ja\car-lease-vs-buy.html,後綴疑似未翻譯(純英文字母),years
ja,D:\xian-shang-you-wei\backend\frontend\tools\ja\car-lease-vs-buy.html,後綴疑似未翻譯(純英文字母),years
ja,D:\xian-shang-you-wei\backend\frontend\tools\ja\car-lease-vs-buy.html,後綴疑似未翻譯(純英文字母),miles
ja,D:\xian-shang-you-wei\backend\frontend\tools\ja\car-lease-vs-buy.html,後綴疑似未翻譯(純英文字母),MPG
ja,D:\xian-shang-you-wei\backend\frontend\tools\ja\carbon-footprint.html,後綴疑似未翻譯(純英文字母),kWh
ja,D:\xian-shang-you-wei\backend\frontend\tools\ja\carbon-footprint.html,後綴疑似未翻譯(純英文字母),kWh
ja,D:\xian-shang-you-wei\backend\frontend\tools\ja\catch-up-contribution.html,input-prefix貨幣符號可能不符語言,$
ja,D:\xian-shang-you-wei\backend\frontend\tools\ja\catch-up-contribution.html,input-prefix貨幣符號可能不符語言,$
ja,D:\xian-shang-you-wei\backend\frontend\tools\ja\catch-up-contribution.html,input-prefix貨幣符號可能不符語言,$
ja,D:\xian-shang-you-wei\backend\frontend\tools\ja\catch-up-contribution.html,input-prefix貨幣符號可能不符語言,$
ja,D:\xian-shang-you-wei\backend\frontend\tools\ja\cbm-calculator.html,後綴疑似未翻譯(純英文字母),cm
ja,D:\xian-shang-you-wei\backend\frontend\tools\ja\cbm-calculator.html,後綴疑似未翻譯(純英文字母),cm
ja,D:\xian-shang-you-wei\backend\frontend\tools\ja\cbm-calculator.html,後綴疑似未翻譯(純英文字母),cm
ja,D:\xian-shang-you-wei\backend\frontend\tools\ja\coffee-ratio.html,input-prefix貨幣符號可能不符語言,1:
ja,D:\xian-shang-you-wei\backend\frontend\tools\ja\commute-cost.html,input-prefix貨幣符號可能不符語言,$
ja,D:\xian-shang-you-wei\backend\frontend\tools\ja\commute-cost.html,input-prefix貨幣符號可能不符語言,$
ja,D:\xian-shang-you-wei\backend\frontend\tools\ja\commute-cost.html,input-prefix貨幣符號可能不符語言,$
ja,D:\xian-shang-you-wei\backend\frontend\tools\ja\commute-cost.html,input-prefix貨幣符號可能不符語言,$
ja,D:\xian-shang-you-wei\backend\frontend\tools\ja\commute-cost.html,input-prefix貨幣符號可能不符語言,$
ja,D:\xian-shang-you-wei\backend\frontend\tools\ja\commute-cost.html,input-prefix貨幣符號可能不符語言,$
ja,D:\xian-shang-you-wei\backend\frontend\tools\ja\commute-cost.html,後綴疑似未翻譯(純英文字母),MPG
ja,D:\xian-shang-you-wei\backend\frontend\tools\ja\container-load.html,後綴疑似未翻譯(純英文字母),cm
ja,D:\xian-shang-you-wei\backend\frontend\tools\ja\container-load.html,後綴疑似未翻譯(純英文字母),cm
ja,D:\xian-shang-you-wei\backend\frontend\tools\ja\container-load.html,後綴疑似未翻譯(純英文字母),cm
ja,D:\xian-shang-you-wei\backend\frontend\tools\ja\container-load.html,後綴疑似未翻譯(純英文字母),kg
ja,D:\xian-shang-you-wei\backend\frontend\tools\ja\cooking-weight-volume.html,後綴疑似未翻譯(純英文字母),g
ja,D:\xian-shang-you-wei\backend\frontend\tools\ja\customs-duty.html,input-prefix貨幣符號可能不符語言,$
ja,D:\xian-shang-you-wei\backend\frontend\tools\ja\customs-duty.html,後綴疑似未翻譯(純英文字母),USD
ja,D:\xian-shang-you-wei\backend\frontend\tools\ja\dca-calculator.html,input-prefix貨幣符號可能不符語言,$
ja,D:\xian-shang-you-wei\backend\frontend\tools\ja\denier-calculator.html,後綴疑似未翻譯(純英文字母),g
ja,D:\xian-shang-you-wei\backend\frontend\tools\ja\denier-calculator.html,後綴疑似未翻譯(純英文字母),m
ja,D:\xian-shang-you-wei\backend\frontend\tools\ja\dimensional-weight.html,後綴疑似未翻譯(純英文字母),kg
ja,D:\xian-shang-you-wei\backend\frontend\tools\ja\dimensional-weight.html,後綴疑似未翻譯(純英文字母),cm
ja,D:\xian-shang-you-wei\backend\frontend\tools\ja\dividend-yield.html,input-prefix貨幣符號可能不符語言,$
ja,D:\xian-shang-you-wei\backend\frontend\tools\ja\dividend-yield.html,input-prefix貨幣符號可能不符語言,$
ja,D:\xian-shang-you-wei\backend\frontend\tools\ja\drywall-calculator.html,後綴疑似未翻譯(純英文字母),ft
ja,D:\xian-shang-you-wei\backend\frontend\tools\ja\drywall-calculator.html,後綴疑似未翻譯(純英文字母),ft
ja,D:\xian-shang-you-wei\backend\frontend\tools\ja\drywall-calculator.html,後綴疑似未翻譯(純英文字母),ft
ja,D:\xian-shang-you-wei\backend\frontend\tools\ja\drywall-calculator.html,後綴疑似未翻譯(純英文字母),ft
ja,D:\xian-shang-you-wei\backend\frontend\tools\ja\electricity-cost.html,後綴疑似未翻譯(純英文字母),kWh
ja,D:\xian-shang-you-wei\backend\frontend\tools\ja\engine-horsepower.html,後綴疑似未翻譯(純英文字母),HP
ja,D:\xian-shang-you-wei\backend\frontend\tools\ja\engine-horsepower.html,後綴疑似未翻譯(純英文字母),kW
ja,D:\xian-shang-you-wei\backend\frontend\tools\ja\engine-horsepower.html,後綴疑似未翻譯(純英文字母),PS
ja,D:\xian-shang-you-wei\backend\frontend\tools\ja\ev-charging-cost.html,input-prefix貨幣符號可能不符語言,$
ja,D:\xian-shang-you-wei\backend\frontend\tools\ja\ev-range.html,後綴疑似未翻譯(純英文字母),kWh
ja,D:\xian-shang-you-wei\backend\frontend\tools\ja\ev-vs-gas.html,input-prefix貨幣符號可能不符語言,$
ja,D:\xian-shang-you-wei\backend\frontend\tools\ja\ev-vs-gas.html,input-prefix貨幣符號可能不符語言,$
ja,D:\xian-shang-you-wei\backend\frontend\tools\ja\ev-vs-gas.html,input-prefix貨幣符號可能不符語言,$
ja,D:\xian-shang-you-wei\backend\frontend\tools\ja\ev-vs-gas.html,input-prefix貨幣符號可能不符語言,$
ja,D:\xian-shang-you-wei\backend\frontend\tools\ja\ev-vs-gas.html,input-prefix貨幣符號可能不符語言,$
ja,D:\xian-shang-you-wei\backend\frontend\tools\ja\ev-vs-gas.html,input-prefix貨幣符號可能不符語言,$
ja,D:\xian-shang-you-wei\backend\frontend\tools\ja\ev-vs-gas.html,input-prefix貨幣符號可能不符語言,$
ja,D:\xian-shang-you-wei\backend\frontend\tools\ja\ev-vs-gas.html,input-prefix貨幣符號可能不符語言,$
ja,D:\xian-shang-you-wei\backend\frontend\tools\ja\ev-vs-gas.html,input-prefix貨幣符號可能不符語言,$
ja,D:\xian-shang-you-wei\backend\frontend\tools\ja\ev-vs-gas.html,input-prefix貨幣符號可能不符語言,$
ja,D:\xian-shang-you-wei\backend\frontend\tools\ja\ev-vs-gas.html,input-prefix貨幣符號可能不符語言,$
ja,D:\xian-shang-you-wei\backend\frontend\tools\ja\ev-vs-gas.html,後綴疑似未翻譯(純英文字母),mpg
ja,D:\xian-shang-you-wei\backend\frontend\tools\ja\fabric-shrinkage.html,後綴疑似未翻譯(純英文字母),cm
ja,D:\xian-shang-you-wei\backend\frontend\tools\ja\fibonacci-retracement.html,input-prefix貨幣符號可能不符語言,$
ja,D:\xian-shang-you-wei\backend\frontend\tools\ja\fibonacci-retracement.html,input-prefix貨幣符號可能不符語言,$
ja,D:\xian-shang-you-wei\backend\frontend\tools\ja\forex-profit.html,input-prefix貨幣符號可能不符語言,$
ja,D:\xian-shang-you-wei\backend\frontend\tools\ja\forex-profit.html,後綴疑似未翻譯(純英文字母),pips
ja,D:\xian-shang-you-wei\backend\frontend\tools\ja\forex-profit.html,後綴疑似未翻譯(純英文字母),pips
ja,D:\xian-shang-you-wei\backend\frontend\tools\ja\forex-profit.html,後綴疑似未翻譯(純英文字母),lots
ja,D:\xian-shang-you-wei\backend\frontend\tools\ja\forex-profit.html,後綴疑似未翻譯(純英文字母),per pip
ja,D:\xian-shang-you-wei\backend\frontend\tools\ja\fsa-savings-calc.html,input-prefix貨幣符號可能不符語言,$
ja,D:\xian-shang-you-wei\backend\frontend\tools\ja\fuel-cost.html,input-prefix貨幣符號可能不符語言,$
ja,D:\xian-shang-you-wei\backend\frontend\tools\ja\fuel-cost.html,後綴疑似未翻譯(純英文字母),mi
ja,D:\xian-shang-you-wei\backend\frontend\tools\ja\fuel-cost.html,後綴疑似未翻譯(純英文字母),MPG
ja,D:\xian-shang-you-wei\backend\frontend\tools\ja\fuel-efficiency.html,後綴疑似未翻譯(純英文字母),MPG
ja,D:\xian-shang-you-wei\backend\frontend\tools\ja\gas-bill.html,後綴疑似未翻譯(純英文字母),kWh
ja,D:\xian-shang-you-wei\backend\frontend\tools\ja\gdpr-fine.html,input-prefix貨幣符號可能不符語言,€
ja,D:\xian-shang-you-wei\backend\frontend\tools\ja\generator-size.html,後綴疑似未翻譯(純英文字母),W
ja,D:\xian-shang-you-wei\backend\frontend\tools\ja\generator-size.html,後綴疑似未翻譯(純英文字母),W
ja,D:\xian-shang-you-wei\backend\frontend\tools\ja\home-energy-audit.html,後綴疑似未翻譯(純英文字母),W
ja,D:\xian-shang-you-wei\backend\frontend\tools\ja\home-energy-audit.html,後綴疑似未翻譯(純英文字母),W
ja,D:\xian-shang-you-wei\backend\frontend\tools\ja\home-energy-audit.html,後綴疑似未翻譯(純英文字母),W
ja,D:\xian-shang-you-wei\backend\frontend\tools\ja\home-energy-audit.html,後綴疑似未翻譯(純英文字母),W
ja,D:\xian-shang-you-wei\backend\frontend\tools\ja\home-energy-audit.html,後綴疑似未翻譯(純英文字母),W
ja,D:\xian-shang-you-wei\backend\frontend\tools\ja\home-energy-audit.html,後綴疑似未翻譯(純英文字母),W
ja,D:\xian-shang-you-wei\backend\frontend\tools\ja\home-energy-audit.html,後綴疑似未翻譯(純英文字母),W
ja,D:\xian-shang-you-wei\backend\frontend\tools\ja\home-energy-audit.html,後綴疑似未翻譯(純英文字母),W
ja,D:\xian-shang-you-wei\backend\frontend\tools\ja\home-energy-audit.html,後綴疑似未翻譯(純英文字母),W
ja,D:\xian-shang-you-wei\backend\frontend\tools\ja\home-energy-audit.html,後綴疑似未翻譯(純英文字母),W
ja,D:\xian-shang-you-wei\backend\frontend\tools\ja\hsa-contribution-calc.html,input-prefix貨幣符號可能不符語言,$
ja,D:\xian-shang-you-wei\backend\frontend\tools\ja\hsa-contribution-calc.html,input-prefix貨幣符號可能不符語言,$
ja,D:\xian-shang-you-wei\backend\frontend\tools\ja\ideal-weight.html,後綴疑似未翻譯(純英文字母),ft
ja,D:\xian-shang-you-wei\backend\frontend\tools\ja\ideal-weight.html,後綴疑似未翻譯(純英文字母),in
ja,D:\xian-shang-you-wei\backend\frontend\tools\ja\income-tax.html,input-prefix貨幣符號可能不符語言,$
ja,D:\xian-shang-you-wei\backend\frontend\tools\ja\income-tax.html,input-prefix貨幣符號可能不符語言,$
ja,D:\xian-shang-you-wei\backend\frontend\tools\ja\income-tax.html,input-prefix貨幣符號可能不符語言,$
ja,D:\xian-shang-you-wei\backend\frontend\tools\ja\insulation-calculator.html,input-prefix貨幣符號可能不符語言,$
ja,D:\xian-shang-you-wei\backend\frontend\tools\ja\kelly-criterion.html,input-prefix貨幣符號可能不符語言,$
ja,D:\xian-shang-you-wei\backend\frontend\tools\ja\land-area-converter.html,後綴疑似未翻譯(純英文字母),ping
ja,D:\xian-shang-you-wei\backend\frontend\tools\ja\landed-cost.html,input-prefix貨幣符號可能不符語言,$
ja,D:\xian-shang-you-wei\backend\frontend\tools\ja\landed-cost.html,input-prefix貨幣符號可能不符語言,$
ja,D:\xian-shang-you-wei\backend\frontend\tools\ja\landed-cost.html,input-prefix貨幣符號可能不符語言,$
ja,D:\xian-shang-you-wei\backend\frontend\tools\ja\landed-cost.html,input-prefix貨幣符號可能不符語言,$
ja,D:\xian-shang-you-wei\backend\frontend\tools\ja\landed-cost.html,input-prefix貨幣符號可能不符語言,$
ja,D:\xian-shang-you-wei\backend\frontend\tools\ja\landed-cost.html,後綴疑似未翻譯(純英文字母),USD
ja,D:\xian-shang-you-wei\backend\frontend\tools\ja\landed-cost.html,後綴疑似未翻譯(純英文字母),USD
ja,D:\xian-shang-you-wei\backend\frontend\tools\ja\landed-cost.html,後綴疑似未翻譯(純英文字母),USD
ja,D:\xian-shang-you-wei\backend\frontend\tools\ja\landed-cost.html,後綴疑似未翻譯(純英文字母),USD
ja,D:\xian-shang-you-wei\backend\frontend\tools\ja\landed-cost.html,後綴疑似未翻譯(純英文字母),USD
ja,D:\xian-shang-you-wei\backend\frontend\tools\ja\lasik-cost-calculator.html,input-prefix貨幣符號可能不符語言,$
ja,D:\xian-shang-you-wei\backend\frontend\tools\ja\lean-body-mass.html,後綴疑似未翻譯(純英文字母),kg
ja,D:\xian-shang-you-wei\backend\frontend\tools\ja\led-savings.html,後綴疑似未翻譯(純英文字母),W
ja,D:\xian-shang-you-wei\backend\frontend\tools\ja\led-savings.html,後綴疑似未翻譯(純英文字母),W
ja,D:\xian-shang-you-wei\backend\frontend\tools\ja\ltv-calculator.html,input-prefix貨幣符號可能不符語言,$
ja,D:\xian-shang-you-wei\backend\frontend\tools\ja\lumber-calculator.html,後綴疑似未翻譯(純英文字母),in
ja,D:\xian-shang-you-wei\backend\frontend\tools\ja\lumber-calculator.html,後綴疑似未翻譯(純英文字母),in
ja,D:\xian-shang-you-wei\backend\frontend\tools\ja\lumber-calculator.html,後綴疑似未翻譯(純英文字母),ft
ja,D:\xian-shang-you-wei\backend\frontend\tools\ja\macd-calculator.html,input-prefix貨幣符號可能不符語言,$
ja,D:\xian-shang-you-wei\backend\frontend\tools\ja\macd-calculator.html,input-prefix貨幣符號可能不符語言,$
ja,D:\xian-shang-you-wei\backend\frontend\tools\ja\macro-calculator.html,後綴疑似未翻譯(純英文字母),kcal
ja,D:\xian-shang-you-wei\backend\frontend\tools\ja\margin-calculator.html,input-prefix貨幣符號可能不符語言,$
ja,D:\xian-shang-you-wei\backend\frontend\tools\ja\meat-cooking-time.html,後綴疑似未翻譯(純英文字母),kg
ja,D:\xian-shang-you-wei\backend\frontend\tools\ja\mrr-calculator.html,input-prefix貨幣符號可能不符語言,$
ja,D:\xian-shang-you-wei\backend\frontend\tools\ja\ohms-law.html,後綴疑似未翻譯(純英文字母),V
ja,D:\xian-shang-you-wei\backend\frontend\tools\ja\ohms-law.html,後綴疑似未翻譯(純英文字母),A
ja,D:\xian-shang-you-wei\backend\frontend\tools\ja\ohms-law.html,後綴疑似未翻譯(純英文字母),W
ja,D:\xian-shang-you-wei\backend\frontend\tools\ja\oop-maximum-calc.html,input-prefix貨幣符號可能不符語言,$
ja,D:\xian-shang-you-wei\backend\frontend\tools\ja\oop-maximum-calc.html,input-prefix貨幣符號可能不符語言,$
ja,D:\xian-shang-you-wei\backend\frontend\tools\ja\overtime-calculator.html,input-prefix貨幣符號可能不符語言,$
ja,D:\xian-shang-you-wei\backend\frontend\tools\ja\paper-weight.html,後綴疑似未翻譯(純英文字母),lbs
ja,D:\xian-shang-you-wei\backend\frontend\tools\ja\patent-cost.html,input-prefix貨幣符號可能不符語言,$
ja,D:\xian-shang-you-wei\backend\frontend\tools\ja\patent-cost.html,input-prefix貨幣符號可能不符語言,$
ja,D:\xian-shang-you-wei\backend\frontend\tools\ja\patent-cost.html,input-prefix貨幣符號可能不符語言,$
ja,D:\xian-shang-you-wei\backend\frontend\tools\ja\patent-cost.html,input-prefix貨幣符號可能不符語言,$
ja,D:\xian-shang-you-wei\backend\frontend\tools\ja\patent-cost.html,input-prefix貨幣符號可能不符語言,$
ja,D:\xian-shang-you-wei\backend\frontend\tools\ja\patent-cost.html,input-prefix貨幣符號可能不符語言,$
ja,D:\xian-shang-you-wei\backend\frontend\tools\ja\patent-cost.html,後綴疑似未翻譯(純英文字母),USD
ja,D:\xian-shang-you-wei\backend\frontend\tools\ja\patent-cost.html,後綴疑似未翻譯(純英文字母),USD
ja,D:\xian-shang-you-wei\backend\frontend\tools\ja\patent-cost.html,後綴疑似未翻譯(純英文字母),USD
ja,D:\xian-shang-you-wei\backend\frontend\tools\ja\patent-cost.html,後綴疑似未翻譯(純英文字母),USD
ja,D:\xian-shang-you-wei\backend\frontend\tools\ja\patent-cost.html,後綴疑似未翻譯(純英文字母),USD
ja,D:\xian-shang-you-wei\backend\frontend\tools\ja\patent-cost.html,後綴疑似未翻譯(純英文字母),USD
ja,D:\xian-shang-you-wei\backend\frontend\tools\ja\payroll-tax.html,input-prefix貨幣符號可能不符語言,£
ja,D:\xian-shang-you-wei\backend\frontend\tools\ja\pipe-weight.html,後綴疑似未翻譯(純英文字母),mm
ja,D:\xian-shang-you-wei\backend\frontend\tools\ja\pipe-weight.html,後綴疑似未翻譯(純英文字母),mm
ja,D:\xian-shang-you-wei\backend\frontend\tools\ja\pipe-weight.html,後綴疑似未翻譯(純英文字母),m
ja,D:\xian-shang-you-wei\backend\frontend\tools\ja\pivot-point.html,input-prefix貨幣符號可能不符語言,$
ja,D:\xian-shang-you-wei\backend\frontend\tools\ja\pivot-point.html,input-prefix貨幣符號可能不符語言,$
ja,D:\xian-shang-you-wei\backend\frontend\tools\ja\pivot-point.html,input-prefix貨幣符號可能不符語言,$
ja,D:\xian-shang-you-wei\backend\frontend\tools\ja\present-value.html,input-prefix貨幣符號可能不符語言,$
ja,D:\xian-shang-you-wei\backend\frontend\tools\ja\protein-calculator.html,後綴疑似未翻譯(純英文字母),kg
ja,D:\xian-shang-you-wei\backend\frontend\tools\ja\rebar-calculator.html,後綴疑似未翻譯(純英文字母),mm
ja,D:\xian-shang-you-wei\backend\frontend\tools\ja\renovation-cost.html,input-prefix貨幣符號可能不符語言,$
ja,D:\xian-shang-you-wei\backend\frontend\tools\ja\required-minimum-dist.html,input-prefix貨幣符號可能不符語言,$
ja,D:\xian-shang-you-wei\backend\frontend\tools\ja\ring-size-converter.html,後綴疑似未翻譯(純英文字母),mm
ja,D:\xian-shang-you-wei\backend\frontend\tools\ja\room-area.html,後綴疑似未翻譯(純英文字母),m
ja,D:\xian-shang-you-wei\backend\frontend\tools\ja\room-area.html,後綴疑似未翻譯(純英文字母),m
ja,D:\xian-shang-you-wei\backend\frontend\tools\ja\room-area.html,後綴疑似未翻譯(純英文字母),m
ja,D:\xian-shang-you-wei\backend\frontend\tools\ja\room-area.html,後綴疑似未翻譯(純英文字母),m
ja,D:\xian-shang-you-wei\backend\frontend\tools\ja\room-area.html,後綴疑似未翻譯(純英文字母),m
ja,D:\xian-shang-you-wei\backend\frontend\tools\ja\roth-vs-traditional.html,input-prefix貨幣符號可能不符語言,$
ja,D:\xian-shang-you-wei\backend\frontend\tools\ja\roth-vs-traditional.html,input-prefix貨幣符號可能不符語言,$
ja,D:\xian-shang-you-wei\backend\frontend\tools\ja\roth-vs-traditional.html,input-prefix貨幣符號可能不符語言,$
ja,D:\xian-shang-you-wei\backend\frontend\tools\ja\sales-commission.html,input-prefix貨幣符號可能不符語言,$
ja,D:\xian-shang-you-wei\backend\frontend\tools\ja\sales-commission.html,input-prefix貨幣符號可能不符語言,$
ja,D:\xian-shang-you-wei\backend\frontend\tools\ja\sales-commission.html,input-prefix貨幣符號可能不符語言,$
ja,D:\xian-shang-you-wei\backend\frontend\tools\ja\serving-size.html,後綴疑似未翻譯(純英文字母),g
ja,D:\xian-shang-you-wei\backend\frontend\tools\ja\serving-size.html,後綴疑似未翻譯(純英文字母),g
ja,D:\xian-shang-you-wei\backend\frontend\tools\ja\serving-size.html,後綴疑似未翻譯(純英文字母),g
ja,D:\xian-shang-you-wei\backend\frontend\tools\ja\severance-calculator.html,input-prefix貨幣符號可能不符語言,NT$
ja,D:\xian-shang-you-wei\backend\frontend\tools\ja\severance-calculator.html,input-prefix貨幣符號可能不符語言,NT$
ja,D:\xian-shang-you-wei\backend\frontend\tools\ja\shipping-cost.html,後綴疑似未翻譯(純英文字母),kg
ja,D:\xian-shang-you-wei\backend\frontend\tools\ja\shipping-cost.html,後綴疑似未翻譯(純英文字母),cm
ja,D:\xian-shang-you-wei\backend\frontend\tools\ja\shipping-cost.html,後綴疑似未翻譯(純英文字母),cm
ja,D:\xian-shang-you-wei\backend\frontend\tools\ja\shipping-cost.html,後綴疑似未翻譯(純英文字母),cm
ja,D:\xian-shang-you-wei\backend\frontend\tools\ja\shoe-size-converter.html,後綴疑似未翻譯(純英文字母),cm
ja,D:\xian-shang-you-wei\backend\frontend\tools\ja\sodium-calculator.html,後綴疑似未翻譯(純英文字母),mg
ja,D:\xian-shang-you-wei\backend\frontend\tools\ja\sodium-calculator.html,後綴疑似未翻譯(純英文字母),mg
ja,D:\xian-shang-you-wei\backend\frontend\tools\ja\sodium-calculator.html,後綴疑似未翻譯(純英文字母),mg
ja,D:\xian-shang-you-wei\backend\frontend\tools\ja\sodium-calculator.html,後綴疑似未翻譯(純英文字母),mg
ja,D:\xian-shang-you-wei\backend\frontend\tools\ja\sodium-calculator.html,後綴疑似未翻譯(純英文字母),mg
ja,D:\xian-shang-you-wei\backend\frontend\tools\ja\solar-panel-count.html,後綴疑似未翻譯(純英文字母),kWh
ja,D:\xian-shang-you-wei\backend\frontend\tools\ja\solar-panel-count.html,後綴疑似未翻譯(純英文字母),W
ja,D:\xian-shang-you-wei\backend\frontend\tools\ja\sourdough-calculator.html,後綴疑似未翻譯(純英文字母),g
ja,D:\xian-shang-you-wei\backend\frontend\tools\ja\sourdough-calculator.html,後綴疑似未翻譯(純英文字母),g
ja,D:\xian-shang-you-wei\backend\frontend\tools\ja\sourdough-calculator.html,後綴疑似未翻譯(純英文字母),g
ja,D:\xian-shang-you-wei\backend\frontend\tools\ja\sourdough-calculator.html,後綴疑似未翻譯(純英文字母),g
ja,D:\xian-shang-you-wei\backend\frontend\tools\ja\speed-distance-time.html,後綴疑似未翻譯(純英文字母),km
ja,D:\xian-shang-you-wei\backend\frontend\tools\ja\staircase-calculator.html,後綴疑似未翻譯(純英文字母),mm
ja,D:\xian-shang-you-wei\backend\frontend\tools\ja\staircase-calculator.html,後綴疑似未翻譯(純英文字母),mm
ja,D:\xian-shang-you-wei\backend\frontend\tools\ja\staircase-calculator.html,後綴疑似未翻譯(純英文字母),mm
ja,D:\xian-shang-you-wei\backend\frontend\tools\ja\stamp-duty.html,input-prefix貨幣符號可能不符語言,£
ja,D:\xian-shang-you-wei\backend\frontend\tools\ja\student-loan-refi.html,input-prefix貨幣符號可能不符語言,$
ja,D:\xian-shang-you-wei\backend\frontend\tools\ja\student-loan-refi.html,input-prefix貨幣符號可能不符語言,$
ja,D:\xian-shang-you-wei\backend\frontend\tools\ja\support-resistance.html,input-prefix貨幣符號可能不符語言,$
ja,D:\xian-shang-you-wei\backend\frontend\tools\ja\support-resistance.html,input-prefix貨幣符號可能不符語言,$
ja,D:\xian-shang-you-wei\backend\frontend\tools\ja\support-resistance.html,input-prefix貨幣符號可能不符語言,$
ja,D:\xian-shang-you-wei\backend\frontend\tools\ja\surgery-cost-estimator.html,input-prefix貨幣符號可能不符語言,$
ja,D:\xian-shang-you-wei\backend\frontend\tools\ja\surgery-cost-estimator.html,後綴疑似未翻譯(純英文字母),x
ja,D:\xian-shang-you-wei\backend\frontend\tools\ja\take-home-pay.html,input-prefix貨幣符號可能不符語言,£
ja,D:\xian-shang-you-wei\backend\frontend\tools\ja\take-home-pay.html,input-prefix貨幣符號可能不符語言,£
ja,D:\xian-shang-you-wei\backend\frontend\tools\ja\tdee-calculator.html,後綴疑似未翻譯(純英文字母),cm
ja,D:\xian-shang-you-wei\backend\frontend\tools\ja\tdee-calculator.html,後綴疑似未翻譯(純英文字母),kg
ja,D:\xian-shang-you-wei\backend\frontend\tools\ja\temperature-converter.html,後綴疑似未翻譯(純英文字母),K
ja,D:\xian-shang-you-wei\backend\frontend\tools\ja\tip-calculator.html,input-prefix貨幣符號可能不符語言,$
ja,D:\xian-shang-you-wei\backend\frontend\tools\ja\tire-size.html,後綴疑似未翻譯(純英文字母),mm
ja,D:\xian-shang-you-wei\backend\frontend\tools\ja\tire-size.html,後綴疑似未翻譯(純英文字母),in
ja,D:\xian-shang-you-wei\backend\frontend\tools\ja\trademark-fee.html,input-prefix貨幣符號可能不符語言,$
ja,D:\xian-shang-you-wei\backend\frontend\tools\ja\trademark-fee.html,input-prefix貨幣符號可能不符語言,$
ja,D:\xian-shang-you-wei\backend\frontend\tools\ja\trading-fee.html,input-prefix貨幣符號可能不符語言,$
ja,D:\xian-shang-you-wei\backend\frontend\tools\ja\travel-insurance-calc.html,後綴疑似未翻譯(純英文字母),GBP
ja,D:\xian-shang-you-wei\backend\frontend\tools\ja\trip-fuel.html,input-prefix貨幣符號可能不符語言,$
ja,D:\xian-shang-you-wei\backend\frontend\tools\ja\trip-fuel.html,後綴疑似未翻譯(純英文字母),MPG
ja,D:\xian-shang-you-wei\backend\frontend\tools\ja\tuition-cost.html,input-prefix貨幣符號可能不符語言,$
ja,D:\xian-shang-you-wei\backend\frontend\tools\ja\tuition-cost.html,input-prefix貨幣符號可能不符語言,$
ja,D:\xian-shang-you-wei\backend\frontend\tools\ja\tuition-cost.html,input-prefix貨幣符號可能不符語言,$
ja,D:\xian-shang-you-wei\backend\frontend\tools\ja\waist-hip-ratio.html,後綴疑似未翻譯(純英文字母),cm
ja,D:\xian-shang-you-wei\backend\frontend\tools\ja\waist-hip-ratio.html,後綴疑似未翻譯(純英文字母),cm
ja,D:\xian-shang-you-wei\backend\frontend\tools\ja\water-intake.html,後綴疑似未翻譯(純英文字母),kg
ja,D:\xian-shang-you-wei\backend\frontend\tools\ja\water-intake.html,後綴疑似未翻譯(純英文字母),L
ja,D:\xian-shang-you-wei\backend\frontend\tools\ja\window-size.html,後綴疑似未翻譯(純英文字母),mm
ja,D:\xian-shang-you-wei\backend\frontend\tools\ja\window-size.html,後綴疑似未翻譯(純英文字母),mm
ja,D:\xian-shang-you-wei\backend\frontend\tools\ja\window-size.html,後綴疑似未翻譯(純英文字母),mm
ja,D:\xian-shang-you-wei\backend\frontend\tools\ja\window-size.html,後綴疑似未翻譯(純英文字母),mm
ja,D:\xian-shang-you-wei\backend\frontend\tools\ja\wire-gauge.html,後綴疑似未翻譯(純英文字母),AWG
ja,D:\xian-shang-you-wei\backend\frontend\tools\ja\wire-gauge.html,後綴疑似未翻譯(純英文字母),SWG
ja,D:\xian-shang-you-wei\backend\frontend\tools\ja\yarn-weight.html,後綴疑似未翻譯(純英文字母),Nm
ja,D:\xian-shang-you-wei\backend\frontend\tools\ja\yarn-weight.html,後綴疑似未翻譯(純英文字母),Tex
ja,D:\xian-shang-you-wei\backend\frontend\tools\ja\yarn-weight.html,後綴疑似未翻譯(純英文字母),D
ja,D:\xian-shang-you-wei\backend\frontend\tools\ja\yarn-weight.html,後綴疑似未翻譯(純英文字母),Ne
ja,D:\xian-shang-you-wei\backend\frontend\tools\ja\youtube-revenue.html,input-prefix貨幣符號可能不符語言,$
de,D:\xian-shang-you-wei\backend\frontend\tools\de\401k-contribution.html,input-prefix貨幣符號可能不符語言,$
de,D:\xian-shang-you-wei\backend\frontend\tools\de\401k-contribution.html,input-prefix貨幣符號可能不符語言,$
de,D:\xian-shang-you-wei\backend\frontend\tools\de\amazon-profit.html,輸入標籤疑似未翻譯(常見英文字),Referral Fee Rate
de,D:\xian-shang-you-wei\backend\frontend\tools\de\bond-yield.html,輸入標籤疑似未翻譯(常見英文字),Nennwert (Par Value)
de,D:\xian-shang-you-wei\backend\frontend\tools\de\bonus-tax.html,input-prefix貨幣符號可能不符語言,£
de,D:\xian-shang-you-wei\backend\frontend\tools\de\cap-rate.html,input-prefix貨幣符號可能不符語言,$
de,D:\xian-shang-you-wei\backend\frontend\tools\de\cap-rate.html,input-prefix貨幣符號可能不符語言,$
de,D:\xian-shang-you-wei\backend\frontend\tools\de\catch-up-contribution.html,input-prefix貨幣符號可能不符語言,$
de,D:\xian-shang-you-wei\backend\frontend\tools\de\catch-up-contribution.html,input-prefix貨幣符號可能不符語言,$
de,D:\xian-shang-you-wei\backend\frontend\tools\de\catch-up-contribution.html,input-prefix貨幣符號可能不符語言,$
de,D:\xian-shang-you-wei\backend\frontend\tools\de\catch-up-contribution.html,input-prefix貨幣符號可能不符語言,$
de,D:\xian-shang-you-wei\backend\frontend\tools\de\coffee-ratio.html,input-prefix貨幣符號可能不符語言,1:
de,D:\xian-shang-you-wei\backend\frontend\tools\de\customs-duty.html,input-prefix貨幣符號可能不符語言,$
de,D:\xian-shang-you-wei\backend\frontend\tools\de\forex-profit.html,input-prefix貨幣符號可能不符語言,$
de,D:\xian-shang-you-wei\backend\frontend\tools\de\fsa-savings-calc.html,input-prefix貨幣符號可能不符語言,$
de,D:\xian-shang-you-wei\backend\frontend\tools\de\hsa-contribution-calc.html,input-prefix貨幣符號可能不符語言,$
de,D:\xian-shang-you-wei\backend\frontend\tools\de\hsa-contribution-calc.html,input-prefix貨幣符號可能不符語言,$
de,D:\xian-shang-you-wei\backend\frontend\tools\de\influencer-rate.html,輸入標籤疑似未翻譯(常見英文字),Engagement-Rate (%)
de,D:\xian-shang-you-wei\backend\frontend\tools\de\macd-calculator.html,input-prefix貨幣符號可能不符語言,$
de,D:\xian-shang-you-wei\backend\frontend\tools\de\macd-calculator.html,input-prefix貨幣符號可能不符語言,$
de,D:\xian-shang-you-wei\backend\frontend\tools\de\payroll-tax.html,input-prefix貨幣符號可能不符語言,£
de,D:\xian-shang-you-wei\backend\frontend\tools\de\premium-vs-hdhp.html,input-prefix貨幣符號可能不符語言,$
de,D:\xian-shang-you-wei\backend\frontend\tools\de\premium-vs-hdhp.html,input-prefix貨幣符號可能不符語言,$
de,D:\xian-shang-you-wei\backend\frontend\tools\de\premium-vs-hdhp.html,input-prefix貨幣符號可能不符語言,$
de,D:\xian-shang-you-wei\backend\frontend\tools\de\premium-vs-hdhp.html,input-prefix貨幣符號可能不符語言,$
de,D:\xian-shang-you-wei\backend\frontend\tools\de\premium-vs-hdhp.html,input-prefix貨幣符號可能不符語言,$
de,D:\xian-shang-you-wei\backend\frontend\tools\de\premium-vs-hdhp.html,input-prefix貨幣符號可能不符語言,$
de,D:\xian-shang-you-wei\backend\frontend\tools\de\premium-vs-hdhp.html,input-prefix貨幣符號可能不符語言,$
de,D:\xian-shang-you-wei\backend\frontend\tools\de\premium-vs-hdhp.html,input-prefix貨幣符號可能不符語言,$
de,D:\xian-shang-you-wei\backend\frontend\tools\de\premium-vs-hdhp.html,input-prefix貨幣符號可能不符語言,$
de,D:\xian-shang-you-wei\backend\frontend\tools\de\roth-vs-traditional.html,input-prefix貨幣符號可能不符語言,$
de,D:\xian-shang-you-wei\backend\frontend\tools\de\roth-vs-traditional.html,input-prefix貨幣符號可能不符語言,$
de,D:\xian-shang-you-wei\backend\frontend\tools\de\roth-vs-traditional.html,input-prefix貨幣符號可能不符語言,$
de,D:\xian-shang-you-wei\backend\frontend\tools\de\severance-calculator.html,input-prefix貨幣符號可能不符語言,NT$
de,D:\xian-shang-you-wei\backend\frontend\tools\de\severance-calculator.html,input-prefix貨幣符號可能不符語言,NT$
de,D:\xian-shang-you-wei\backend\frontend\tools\de\stamp-duty.html,input-prefix貨幣符號可能不符語言,£
de,D:\xian-shang-you-wei\backend\frontend\tools\de\stop-loss.html,input-prefix貨幣符號可能不符語言,$
de,D:\xian-shang-you-wei\backend\frontend\tools\de\stop-loss.html,input-prefix貨幣符號可能不符語言,$
de,D:\xian-shang-you-wei\backend\frontend\tools\de\support-resistance.html,input-prefix貨幣符號可能不符語言,$
de,D:\xian-shang-you-wei\backend\frontend\tools\de\support-resistance.html,input-prefix貨幣符號可能不符語言,$
de,D:\xian-shang-you-wei\backend\frontend\tools\de\support-resistance.html,input-prefix貨幣符號可能不符語言,$
de,D:\xian-shang-you-wei\backend\frontend\tools\de\take-home-pay.html,input-prefix貨幣符號可能不符語言,£
de,D:\xian-shang-you-wei\backend\frontend\tools\de\take-home-pay.html,input-prefix貨幣符號可能不符語言,£
de,D:\xian-shang-you-wei\backend\frontend\tools\de\trademark-fee.html,input-prefix貨幣符號可能不符語言,$
de,D:\xian-shang-you-wei\backend\frontend\tools\de\trademark-fee.html,input-prefix貨幣符號可能不符語言,$
fr,D:\xian-shang-you-wei\backend\frontend\tools\fr\401k-contribution.html,input-prefix貨幣符號可能不符語言,$
fr,D:\xian-shang-you-wei\backend\frontend\tools\fr\401k-contribution.html,input-prefix貨幣符號可能不符語言,$
fr,D:\xian-shang-you-wei\backend\frontend\tools\fr\atr-calculator.html,input-prefix貨幣符號可能不符語言,$
fr,D:\xian-shang-you-wei\backend\frontend\tools\fr\atr-calculator.html,input-prefix貨幣符號可能不符語言,$
fr,D:\xian-shang-you-wei\backend\frontend\tools\fr\atr-calculator.html,input-prefix貨幣符號可能不符語言,$
fr,D:\xian-shang-you-wei\backend\frontend\tools\fr\average-down.html,input-prefix貨幣符號可能不符語言,$
fr,D:\xian-shang-you-wei\backend\frontend\tools\fr\average-down.html,input-prefix貨幣符號可能不符語言,$
fr,D:\xian-shang-you-wei\backend\frontend\tools\fr\average-down.html,input-prefix貨幣符號可能不符語言,$
fr,D:\xian-shang-you-wei\backend\frontend\tools\fr\balloon-payment.html,input-prefix貨幣符號可能不符語言,$
fr,D:\xian-shang-you-wei\backend\frontend\tools\fr\balloon-payment.html,input-prefix貨幣符號可能不符語言,$
fr,D:\xian-shang-you-wei\backend\frontend\tools\fr\bollinger-bands.html,input-prefix貨幣符號可能不符語言,$
fr,D:\xian-shang-you-wei\backend\frontend\tools\fr\bonus-tax.html,input-prefix貨幣符號可能不符語言,£
fr,D:\xian-shang-you-wei\backend\frontend\tools\fr\business-loan-calc.html,input-prefix貨幣符號可能不符語言,$
fr,D:\xian-shang-you-wei\backend\frontend\tools\fr\candlestick-identifier.html,input-prefix貨幣符號可能不符語言,$
fr,D:\xian-shang-you-wei\backend\frontend\tools\fr\candlestick-identifier.html,input-prefix貨幣符號可能不符語言,$
fr,D:\xian-shang-you-wei\backend\frontend\tools\fr\candlestick-identifier.html,input-prefix貨幣符號可能不符語言,$
fr,D:\xian-shang-you-wei\backend\frontend\tools\fr\candlestick-identifier.html,input-prefix貨幣符號可能不符語言,$
fr,D:\xian-shang-you-wei\backend\frontend\tools\fr\candlestick-identifier.html,input-prefix貨幣符號可能不符語言,$
fr,D:\xian-shang-you-wei\backend\frontend\tools\fr\cap-rate.html,input-prefix貨幣符號可能不符語言,$
fr,D:\xian-shang-you-wei\backend\frontend\tools\fr\cap-rate.html,input-prefix貨幣符號可能不符語言,$
fr,D:\xian-shang-you-wei\backend\frontend\tools\fr\cash-on-cash.html,input-prefix貨幣符號可能不符語言,$
fr,D:\xian-shang-you-wei\backend\frontend\tools\fr\cash-on-cash.html,input-prefix貨幣符號可能不符語言,$
fr,D:\xian-shang-you-wei\backend\frontend\tools\fr\catch-up-contribution.html,input-prefix貨幣符號可能不符語言,$
fr,D:\xian-shang-you-wei\backend\frontend\tools\fr\catch-up-contribution.html,input-prefix貨幣符號可能不符語言,$
fr,D:\xian-shang-you-wei\backend\frontend\tools\fr\catch-up-contribution.html,input-prefix貨幣符號可能不符語言,$
fr,D:\xian-shang-you-wei\backend\frontend\tools\fr\catch-up-contribution.html,input-prefix貨幣符號可能不符語言,$
fr,D:\xian-shang-you-wei\backend\frontend\tools\fr\child-support.html,input-prefix貨幣符號可能不符語言,$
fr,D:\xian-shang-you-wei\backend\frontend\tools\fr\child-support.html,input-prefix貨幣符號可能不符語言,$
fr,D:\xian-shang-you-wei\backend\frontend\tools\fr\child-support.html,input-prefix貨幣符號可能不符語言,$
fr,D:\xian-shang-you-wei\backend\frontend\tools\fr\child-support.html,input-prefix貨幣符號可能不符語言,$
fr,D:\xian-shang-you-wei\backend\frontend\tools\fr\coffee-ratio.html,input-prefix貨幣符號可能不符語言,1:
fr,D:\xian-shang-you-wei\backend\frontend\tools\fr\customs-duty.html,input-prefix貨幣符號可能不符語言,$
fr,D:\xian-shang-you-wei\backend\frontend\tools\fr\disability-insurance.html,input-prefix貨幣符號可能不符語言,$
fr,D:\xian-shang-you-wei\backend\frontend\tools\fr\dividend-yield.html,input-prefix貨幣符號可能不符語言,$
fr,D:\xian-shang-you-wei\backend\frontend\tools\fr\dividend-yield.html,input-prefix貨幣符號可能不符語言,$
fr,D:\xian-shang-you-wei\backend\frontend\tools\fr\down-payment.html,input-prefix貨幣符號可能不符語言,$
fr,D:\xian-shang-you-wei\backend\frontend\tools\fr\ev-vs-gas.html,input-prefix貨幣符號可能不符語言,$
fr,D:\xian-shang-you-wei\backend\frontend\tools\fr\forex-profit.html,input-prefix貨幣符號可能不符語言,$
fr,D:\xian-shang-you-wei\backend\frontend\tools\fr\franchise-roi.html,input-prefix貨幣符號可能不符語言,$
fr,D:\xian-shang-you-wei\backend\frontend\tools\fr\franchise-roi.html,input-prefix貨幣符號可能不符語言,$
fr,D:\xian-shang-you-wei\backend\frontend\tools\fr\franchise-roi.html,input-prefix貨幣符號可能不符語言,$
fr,D:\xian-shang-you-wei\backend\frontend\tools\fr\franchise-roi.html,input-prefix貨幣符號可能不符語言,$
fr,D:\xian-shang-you-wei\backend\frontend\tools\fr\franchise-roi.html,input-prefix貨幣符號可能不符語言,$
fr,D:\xian-shang-you-wei\backend\frontend\tools\fr\fsa-savings-calc.html,input-prefix貨幣符號可能不符語言,$
fr,D:\xian-shang-you-wei\backend\frontend\tools\fr\heloc-vs-personal-loan.html,input-prefix貨幣符號可能不符語言,$
fr,D:\xian-shang-you-wei\backend\frontend\tools\fr\heloc-vs-personal-loan.html,後綴疑似未翻譯(常見英文字),years
fr,D:\xian-shang-you-wei\backend\frontend\tools\fr\home-insurance-calc.html,input-prefix貨幣符號可能不符語言,$
fr,D:\xian-shang-you-wei\backend\frontend\tools\fr\home-mortgage.html,input-prefix貨幣符號可能不符語言,$
fr,D:\xian-shang-you-wei\backend\frontend\tools\fr\home-mortgage.html,input-prefix貨幣符號可能不符語言,$
fr,D:\xian-shang-you-wei\backend\frontend\tools\fr\home-mortgage.html,input-prefix貨幣符號可能不符語言,$
fr,D:\xian-shang-you-wei\backend\frontend\tools\fr\home-mortgage.html,input-prefix貨幣符號可能不符語言,$
fr,D:\xian-shang-you-wei\backend\frontend\tools\fr\home-mortgage.html,input-prefix貨幣符號可能不符語言,$
fr,D:\xian-shang-you-wei\backend\frontend\tools\fr\hsa-contribution-calc.html,input-prefix貨幣符號可能不符語言,$
fr,D:\xian-shang-you-wei\backend\frontend\tools\fr\hsa-contribution-calc.html,input-prefix貨幣符號可能不符語言,$
fr,D:\xian-shang-you-wei\backend\frontend\tools\fr\income-tax.html,input-prefix貨幣符號可能不符語言,$
fr,D:\xian-shang-you-wei\backend\frontend\tools\fr\income-tax.html,input-prefix貨幣符號可能不符語言,$
fr,D:\xian-shang-you-wei\backend\frontend\tools\fr\income-tax.html,input-prefix貨幣符號可能不符語言,$
fr,D:\xian-shang-you-wei\backend\frontend\tools\fr\inventory-turnover.html,input-prefix貨幣符號可能不符語言,$
fr,D:\xian-shang-you-wei\backend\frontend\tools\fr\inventory-turnover.html,input-prefix貨幣符號可能不符語言,$
fr,D:\xian-shang-you-wei\backend\frontend\tools\fr\inventory-turnover.html,input-prefix貨幣符號可能不符語言,$
fr,D:\xian-shang-you-wei\backend\frontend\tools\fr\kelly-criterion.html,input-prefix貨幣符號可能不符語言,$
fr,D:\xian-shang-you-wei\backend\frontend\tools\fr\loan-vs-lease.html,input-prefix貨幣符號可能不符語言,%
fr,D:\xian-shang-you-wei\backend\frontend\tools\fr\loan-vs-lease.html,input-prefix貨幣符號可能不符語言,$
fr,D:\xian-shang-you-wei\backend\frontend\tools\fr\loan-vs-lease.html,input-prefix貨幣符號可能不符語言,$
fr,D:\xian-shang-you-wei\backend\frontend\tools\fr\loan-vs-lease.html,input-prefix貨幣符號可能不符語言,$
fr,D:\xian-shang-you-wei\backend\frontend\tools\fr\loan-vs-lease.html,input-prefix貨幣符號可能不符語言,$
fr,D:\xian-shang-you-wei\backend\frontend\tools\fr\loan-vs-lease.html,input-prefix貨幣符號可能不符語言,$
fr,D:\xian-shang-you-wei\backend\frontend\tools\fr\loan-vs-lease.html,input-prefix貨幣符號可能不符語言,$
fr,D:\xian-shang-you-wei\backend\frontend\tools\fr\loan-vs-lease.html,input-prefix貨幣符號可能不符語言,$
fr,D:\xian-shang-you-wei\backend\frontend\tools\fr\loan-vs-lease.html,input-prefix貨幣符號可能不符語言,$
fr,D:\xian-shang-you-wei\backend\frontend\tools\fr\loan-vs-lease.html,input-prefix貨幣符號可能不符語言,$
fr,D:\xian-shang-you-wei\backend\frontend\tools\fr\loan-vs-lease.html,input-prefix貨幣符號可能不符語言,$
fr,D:\xian-shang-you-wei\backend\frontend\tools\fr\mortgage-refinance.html,input-prefix貨幣符號可能不符語言,$
fr,D:\xian-shang-you-wei\backend\frontend\tools\fr\mortgage-refinance.html,input-prefix貨幣符號可能不符語言,$
fr,D:\xian-shang-you-wei\backend\frontend\tools\fr\overtime-calculator.html,input-prefix貨幣符號可能不符語言,$
fr,D:\xian-shang-you-wei\backend\frontend\tools\fr\payday-loan-cost.html,input-prefix貨幣符號可能不符語言,$
fr,D:\xian-shang-you-wei\backend\frontend\tools\fr\payday-loan-cost.html,input-prefix貨幣符號可能不符語言,$
fr,D:\xian-shang-you-wei\backend\frontend\tools\fr\payroll-tax.html,input-prefix貨幣符號可能不符語言,£
fr,D:\xian-shang-you-wei\backend\frontend\tools\fr\premium-vs-hdhp.html,input-prefix貨幣符號可能不符語言,$
fr,D:\xian-shang-you-wei\backend\frontend\tools\fr\premium-vs-hdhp.html,input-prefix貨幣符號可能不符語言,$
fr,D:\xian-shang-you-wei\backend\frontend\tools\fr\premium-vs-hdhp.html,input-prefix貨幣符號可能不符語言,$
fr,D:\xian-shang-you-wei\backend\frontend\tools\fr\premium-vs-hdhp.html,input-prefix貨幣符號可能不符語言,$
fr,D:\xian-shang-you-wei\backend\frontend\tools\fr\premium-vs-hdhp.html,input-prefix貨幣符號可能不符語言,$
fr,D:\xian-shang-you-wei\backend\frontend\tools\fr\premium-vs-hdhp.html,input-prefix貨幣符號可能不符語言,$
fr,D:\xian-shang-you-wei\backend\frontend\tools\fr\premium-vs-hdhp.html,input-prefix貨幣符號可能不符語言,$
fr,D:\xian-shang-you-wei\backend\frontend\tools\fr\premium-vs-hdhp.html,input-prefix貨幣符號可能不符語言,$
fr,D:\xian-shang-you-wei\backend\frontend\tools\fr\premium-vs-hdhp.html,input-prefix貨幣符號可能不符語言,$
fr,D:\xian-shang-you-wei\backend\frontend\tools\fr\required-minimum-dist.html,input-prefix貨幣符號可能不符語言,$
fr,D:\xian-shang-you-wei\backend\frontend\tools\fr\roth-vs-traditional.html,input-prefix貨幣符號可能不符語言,$
fr,D:\xian-shang-you-wei\backend\frontend\tools\fr\roth-vs-traditional.html,input-prefix貨幣符號可能不符語言,$
fr,D:\xian-shang-you-wei\backend\frontend\tools\fr\roth-vs-traditional.html,input-prefix貨幣符號可能不符語言,$
fr,D:\xian-shang-you-wei\backend\frontend\tools\fr\saas-ltv-cac.html,input-prefix貨幣符號可能不符語言,$
fr,D:\xian-shang-you-wei\backend\frontend\tools\fr\saas-ltv-cac.html,input-prefix貨幣符號可能不符語言,$
fr,D:\xian-shang-you-wei\backend\frontend\tools\fr\sales-commission.html,input-prefix貨幣符號可能不符語言,$
fr,D:\xian-shang-you-wei\backend\frontend\tools\fr\sales-commission.html,input-prefix貨幣符號可能不符語言,$
fr,D:\xian-shang-you-wei\backend\frontend\tools\fr\sales-commission.html,input-prefix貨幣符號可能不符語言,$
fr,D:\xian-shang-you-wei\backend\frontend\tools\fr\severance-calculator.html,input-prefix貨幣符號可能不符語言,NT$
fr,D:\xian-shang-you-wei\backend\frontend\tools\fr\severance-calculator.html,input-prefix貨幣符號可能不符語言,NT$
fr,D:\xian-shang-you-wei\backend\frontend\tools\fr\stamp-duty.html,input-prefix貨幣符號可能不符語言,£
fr,D:\xian-shang-you-wei\backend\frontend\tools\fr\support-resistance.html,input-prefix貨幣符號可能不符語言,$
fr,D:\xian-shang-you-wei\backend\frontend\tools\fr\support-resistance.html,input-prefix貨幣符號可能不符語言,$
fr,D:\xian-shang-you-wei\backend\frontend\tools\fr\support-resistance.html,input-prefix貨幣符號可能不符語言,$
fr,D:\xian-shang-you-wei\backend\frontend\tools\fr\surgery-cost-estimator.html,input-prefix貨幣符號可能不符語言,$
fr,D:\xian-shang-you-wei\backend\frontend\tools\fr\take-home-pay.html,input-prefix貨幣符號可能不符語言,£
fr,D:\xian-shang-you-wei\backend\frontend\tools\fr\take-home-pay.html,input-prefix貨幣符號可能不符語言,£
fr,D:\xian-shang-you-wei\backend\frontend\tools\fr\trademark-fee.html,input-prefix貨幣符號可能不符語言,$
fr,D:\xian-shang-you-wei\backend\frontend\tools\fr\trademark-fee.html,input-prefix貨幣符號可能不符語言,$
fr,D:\xian-shang-you-wei\backend\frontend\tools\fr\youtube-revenue.html,input-prefix貨幣符號可能不符語言,$
es,D:\xian-shang-you-wei\backend\frontend\tools\es\0-percent-financing.html,input-prefix貨幣符號可能不符語言,$
es,D:\xian-shang-you-wei\backend\frontend\tools\es\0-percent-financing.html,input-prefix貨幣符號可能不符語言,$
es,D:\xian-shang-you-wei\backend\frontend\tools\es\401k-contribution.html,input-prefix貨幣符號可能不符語言,$
es,D:\xian-shang-you-wei\backend\frontend\tools\es\401k-contribution.html,input-prefix貨幣符號可能不符語言,$
es,D:\xian-shang-you-wei\backend\frontend\tools\es\alimony-calculator.html,input-prefix貨幣符號可能不符語言,$
es,D:\xian-shang-you-wei\backend\frontend\tools\es\alimony-calculator.html,input-prefix貨幣符號可能不符語言,$
es,D:\xian-shang-you-wei\backend\frontend\tools\es\amazon-profit.html,input-prefix貨幣符號可能不符語言,$
es,D:\xian-shang-you-wei\backend\frontend\tools\es\amazon-profit.html,input-prefix貨幣符號可能不符語言,$
es,D:\xian-shang-you-wei\backend\frontend\tools\es\amazon-profit.html,input-prefix貨幣符號可能不符語言,$
es,D:\xian-shang-you-wei\backend\frontend\tools\es\annual-leave.html,input-prefix貨幣符號可能不符語言,$
es,D:\xian-shang-you-wei\backend\frontend\tools\es\atr-calculator.html,input-prefix貨幣符號可能不符語言,$
es,D:\xian-shang-you-wei\backend\frontend\tools\es\atr-calculator.html,input-prefix貨幣符號可能不符語言,$
es,D:\xian-shang-you-wei\backend\frontend\tools\es\atr-calculator.html,input-prefix貨幣符號可能不符語言,$
es,D:\xian-shang-you-wei\backend\frontend\tools\es\average-down.html,input-prefix貨幣符號可能不符語言,$
es,D:\xian-shang-you-wei\backend\frontend\tools\es\average-down.html,input-prefix貨幣符號可能不符語言,$
es,D:\xian-shang-you-wei\backend\frontend\tools\es\average-down.html,input-prefix貨幣符號可能不符語言,$
es,D:\xian-shang-you-wei\backend\frontend\tools\es\balloon-payment.html,input-prefix貨幣符號可能不符語言,$
es,D:\xian-shang-you-wei\backend\frontend\tools\es\balloon-payment.html,input-prefix貨幣符號可能不符語言,$
es,D:\xian-shang-you-wei\backend\frontend\tools\es\bollinger-bands.html,input-prefix貨幣符號可能不符語言,$
es,D:\xian-shang-you-wei\backend\frontend\tools\es\bonus-tax.html,input-prefix貨幣符號可能不符語言,£
es,D:\xian-shang-you-wei\backend\frontend\tools\es\burn-rate-calculator.html,input-prefix貨幣符號可能不符語言,$
es,D:\xian-shang-you-wei\backend\frontend\tools\es\burn-rate-calculator.html,input-prefix貨幣符號可能不符語言,$
es,D:\xian-shang-you-wei\backend\frontend\tools\es\burn-rate-calculator.html,input-prefix貨幣符號可能不符語言,$
es,D:\xian-shang-you-wei\backend\frontend\tools\es\business-loan-calc.html,input-prefix貨幣符號可能不符語言,$
es,D:\xian-shang-you-wei\backend\frontend\tools\es\cagr.html,input-prefix貨幣符號可能不符語言,$
es,D:\xian-shang-you-wei\backend\frontend\tools\es\cagr.html,input-prefix貨幣符號可能不符語言,$
es,D:\xian-shang-you-wei\backend\frontend\tools\es\candlestick-identifier.html,input-prefix貨幣符號可能不符語言,$
es,D:\xian-shang-you-wei\backend\frontend\tools\es\candlestick-identifier.html,input-prefix貨幣符號可能不符語言,$
es,D:\xian-shang-you-wei\backend\frontend\tools\es\candlestick-identifier.html,input-prefix貨幣符號可能不符語言,$
es,D:\xian-shang-you-wei\backend\frontend\tools\es\candlestick-identifier.html,input-prefix貨幣符號可能不符語言,$
es,D:\xian-shang-you-wei\backend\frontend\tools\es\candlestick-identifier.html,input-prefix貨幣符號可能不符語言,$
es,D:\xian-shang-you-wei\backend\frontend\tools\es\cap-rate.html,input-prefix貨幣符號可能不符語言,$
es,D:\xian-shang-you-wei\backend\frontend\tools\es\cap-rate.html,input-prefix貨幣符號可能不符語言,$
es,D:\xian-shang-you-wei\backend\frontend\tools\es\capital-gains-tax.html,input-prefix貨幣符號可能不符語言,$
es,D:\xian-shang-you-wei\backend\frontend\tools\es\capital-gains-tax.html,input-prefix貨幣符號可能不符語言,$
es,D:\xian-shang-you-wei\backend\frontend\tools\es\capital-gains-tax.html,input-prefix貨幣符號可能不符語言,$
es,D:\xian-shang-you-wei\backend\frontend\tools\es\car-lease-vs-buy.html,input-prefix貨幣符號可能不符語言,$
es,D:\xian-shang-you-wei\backend\frontend\tools\es\car-lease-vs-buy.html,input-prefix貨幣符號可能不符語言,$
es,D:\xian-shang-you-wei\backend\frontend\tools\es\car-lease-vs-buy.html,input-prefix貨幣符號可能不符語言,$
es,D:\xian-shang-you-wei\backend\frontend\tools\es\car-lease-vs-buy.html,input-prefix貨幣符號可能不符語言,$
es,D:\xian-shang-you-wei\backend\frontend\tools\es\car-lease-vs-buy.html,input-prefix貨幣符號可能不符語言,$
es,D:\xian-shang-you-wei\backend\frontend\tools\es\car-lease-vs-buy.html,input-prefix貨幣符號可能不符語言,$
es,D:\xian-shang-you-wei\backend\frontend\tools\es\car-lease-vs-buy.html,input-prefix貨幣符號可能不符語言,$
es,D:\xian-shang-you-wei\backend\frontend\tools\es\car-lease-vs-buy.html,後綴疑似未翻譯(常見英文字),years
es,D:\xian-shang-you-wei\backend\frontend\tools\es\car-lease-vs-buy.html,後綴疑似未翻譯(常見英文字),years
es,D:\xian-shang-you-wei\backend\frontend\tools\es\car-loan.html,input-prefix貨幣符號可能不符語言,$
es,D:\xian-shang-you-wei\backend\frontend\tools\es\car-loan.html,input-prefix貨幣符號可能不符語言,$
es,D:\xian-shang-you-wei\backend\frontend\tools\es\cash-on-cash.html,input-prefix貨幣符號可能不符語言,$
es,D:\xian-shang-you-wei\backend\frontend\tools\es\cash-on-cash.html,input-prefix貨幣符號可能不符語言,$
es,D:\xian-shang-you-wei\backend\frontend\tools\es\catch-up-contribution.html,input-prefix貨幣符號可能不符語言,$
es,D:\xian-shang-you-wei\backend\frontend\tools\es\catch-up-contribution.html,input-prefix貨幣符號可能不符語言,$
es,D:\xian-shang-you-wei\backend\frontend\tools\es\catch-up-contribution.html,input-prefix貨幣符號可能不符語言,$
es,D:\xian-shang-you-wei\backend\frontend\tools\es\catch-up-contribution.html,input-prefix貨幣符號可能不符語言,$
es,D:\xian-shang-you-wei\backend\frontend\tools\es\child-support.html,input-prefix貨幣符號可能不符語言,$
es,D:\xian-shang-you-wei\backend\frontend\tools\es\child-support.html,input-prefix貨幣符號可能不符語言,$
es,D:\xian-shang-you-wei\backend\frontend\tools\es\child-support.html,input-prefix貨幣符號可能不符語言,$
es,D:\xian-shang-you-wei\backend\frontend\tools\es\child-support.html,input-prefix貨幣符號可能不符語言,$
es,D:\xian-shang-you-wei\backend\frontend\tools\es\coast-fire-calc.html,input-prefix貨幣符號可能不符語言,$
es,D:\xian-shang-you-wei\backend\frontend\tools\es\coffee-ratio.html,input-prefix貨幣符號可能不符語言,1:
es,D:\xian-shang-you-wei\backend\frontend\tools\es\college-savings.html,input-prefix貨幣符號可能不符語言,$
es,D:\xian-shang-you-wei\backend\frontend\tools\es\college-savings.html,input-prefix貨幣符號可能不符語言,$
es,D:\xian-shang-you-wei\backend\frontend\tools\es\commute-cost.html,input-prefix貨幣符號可能不符語言,$
es,D:\xian-shang-you-wei\backend\frontend\tools\es\commute-cost.html,input-prefix貨幣符號可能不符語言,$
es,D:\xian-shang-you-wei\backend\frontend\tools\es\commute-cost.html,input-prefix貨幣符號可能不符語言,$
es,D:\xian-shang-you-wei\backend\frontend\tools\es\commute-cost.html,input-prefix貨幣符號可能不符語言,$
es,D:\xian-shang-you-wei\backend\frontend\tools\es\commute-cost.html,input-prefix貨幣符號可能不符語言,$
es,D:\xian-shang-you-wei\backend\frontend\tools\es\commute-cost.html,input-prefix貨幣符號可能不符語言,$
es,D:\xian-shang-you-wei\backend\frontend\tools\es\credit-card-payoff.html,input-prefix貨幣符號可能不符語言,$
es,D:\xian-shang-you-wei\backend\frontend\tools\es\credit-card-payoff.html,input-prefix貨幣符號可能不符語言,$
es,D:\xian-shang-you-wei\backend\frontend\tools\es\customer-acquisition.html,input-prefix貨幣符號可能不符語言,$
es,D:\xian-shang-you-wei\backend\frontend\tools\es\customs-duty.html,input-prefix貨幣符號可能不符語言,$
es,D:\xian-shang-you-wei\backend\frontend\tools\es\dca-calculator.html,input-prefix貨幣符號可能不符語言,$
es,D:\xian-shang-you-wei\backend\frontend\tools\es\disability-insurance.html,input-prefix貨幣符號可能不符語言,$
es,D:\xian-shang-you-wei\backend\frontend\tools\es\dividend-yield.html,input-prefix貨幣符號可能不符語言,$
es,D:\xian-shang-you-wei\backend\frontend\tools\es\dividend-yield.html,input-prefix貨幣符號可能不符語言,$
es,D:\xian-shang-you-wei\backend\frontend\tools\es\down-payment.html,input-prefix貨幣符號可能不符語言,$
es,D:\xian-shang-you-wei\backend\frontend\tools\es\dropship-margin.html,input-prefix貨幣符號可能不符語言,$
es,D:\xian-shang-you-wei\backend\frontend\tools\es\dropship-margin.html,input-prefix貨幣符號可能不符語言,$
es,D:\xian-shang-you-wei\backend\frontend\tools\es\dropship-margin.html,input-prefix貨幣符號可能不符語言,$
es,D:\xian-shang-you-wei\backend\frontend\tools\es\dropship-margin.html,input-prefix貨幣符號可能不符語言,$
es,D:\xian-shang-you-wei\backend\frontend\tools\es\ebitda-valuation.html,input-prefix貨幣符號可能不符語言,$
es,D:\xian-shang-you-wei\backend\frontend\tools\es\electricity-cost.html,input-prefix貨幣符號可能不符語言,$
es,D:\xian-shang-you-wei\backend\frontend\tools\es\email-roi.html,input-prefix貨幣符號可能不符語言,$
es,D:\xian-shang-you-wei\backend\frontend\tools\es\email-roi.html,input-prefix貨幣符號可能不符語言,$
es,D:\xian-shang-you-wei\backend\frontend\tools\es\ev-charging-cost.html,input-prefix貨幣符號可能不符語言,$
es,D:\xian-shang-you-wei\backend\frontend\tools\es\ev-vs-gas.html,input-prefix貨幣符號可能不符語言,$
es,D:\xian-shang-you-wei\backend\frontend\tools\es\ev-vs-gas.html,input-prefix貨幣符號可能不符語言,$
es,D:\xian-shang-you-wei\backend\frontend\tools\es\ev-vs-gas.html,input-prefix貨幣符號可能不符語言,$
es,D:\xian-shang-you-wei\backend\frontend\tools\es\ev-vs-gas.html,input-prefix貨幣符號可能不符語言,$
es,D:\xian-shang-you-wei\backend\frontend\tools\es\ev-vs-gas.html,input-prefix貨幣符號可能不符語言,$
es,D:\xian-shang-you-wei\backend\frontend\tools\es\ev-vs-gas.html,input-prefix貨幣符號可能不符語言,$
es,D:\xian-shang-you-wei\backend\frontend\tools\es\ev-vs-gas.html,input-prefix貨幣符號可能不符語言,$
es,D:\xian-shang-you-wei\backend\frontend\tools\es\ev-vs-gas.html,input-prefix貨幣符號可能不符語言,$
es,D:\xian-shang-you-wei\backend\frontend\tools\es\ev-vs-gas.html,input-prefix貨幣符號可能不符語言,$
es,D:\xian-shang-you-wei\backend\frontend\tools\es\ev-vs-gas.html,input-prefix貨幣符號可能不符語言,$
es,D:\xian-shang-you-wei\backend\frontend\tools\es\ev-vs-gas.html,input-prefix貨幣符號可能不符語言,$
es,D:\xian-shang-you-wei\backend\frontend\tools\es\fba-fee-calculator.html,input-prefix貨幣符號可能不符語言,$
es,D:\xian-shang-you-wei\backend\frontend\tools\es\fba-fee-calculator.html,input-prefix貨幣符號可能不符語言,$
es,D:\xian-shang-you-wei\backend\frontend\tools\es\fibonacci-retracement.html,input-prefix貨幣符號可能不符語言,$
es,D:\xian-shang-you-wei\backend\frontend\tools\es\fibonacci-retracement.html,input-prefix貨幣符號可能不符語言,$
es,D:\xian-shang-you-wei\backend\frontend\tools\es\forex-profit.html,input-prefix貨幣符號可能不符語言,$
es,D:\xian-shang-you-wei\backend\frontend\tools\es\franchise-roi.html,input-prefix貨幣符號可能不符語言,$
es,D:\xian-shang-you-wei\backend\frontend\tools\es\franchise-roi.html,input-prefix貨幣符號可能不符語言,$
es,D:\xian-shang-you-wei\backend\frontend\tools\es\franchise-roi.html,input-prefix貨幣符號可能不符語言,$
es,D:\xian-shang-you-wei\backend\frontend\tools\es\franchise-roi.html,input-prefix貨幣符號可能不符語言,$
es,D:\xian-shang-you-wei\backend\frontend\tools\es\franchise-roi.html,input-prefix貨幣符號可能不符語言,$
es,D:\xian-shang-you-wei\backend\frontend\tools\es\freelancer-tax.html,input-prefix貨幣符號可能不符語言,$
es,D:\xian-shang-you-wei\backend\frontend\tools\es\freelancer-tax.html,input-prefix貨幣符號可能不符語言,$
es,D:\xian-shang-you-wei\backend\frontend\tools\es\fsa-savings-calc.html,input-prefix貨幣符號可能不符語言,$
es,D:\xian-shang-you-wei\backend\frontend\tools\es\fuel-cost.html,input-prefix貨幣符號可能不符語言,$
es,D:\xian-shang-you-wei\backend\frontend\tools\es\health-deductible-calc.html,input-prefix貨幣符號可能不符語言,$
es,D:\xian-shang-you-wei\backend\frontend\tools\es\health-deductible-calc.html,input-prefix貨幣符號可能不符語言,$
es,D:\xian-shang-you-wei\backend\frontend\tools\es\health-insurance-estimate.html,input-prefix貨幣符號可能不符語言,$
es,D:\xian-shang-you-wei\backend\frontend\tools\es\health-insurance-estimate.html,input-prefix貨幣符號可能不符語言,$
es,D:\xian-shang-you-wei\backend\frontend\tools\es\heloc-vs-personal-loan.html,input-prefix貨幣符號可能不符語言,$
es,D:\xian-shang-you-wei\backend\frontend\tools\es\heloc-vs-personal-loan.html,後綴疑似未翻譯(常見英文字),years
es,D:\xian-shang-you-wei\backend\frontend\tools\es\home-affordability.html,input-prefix貨幣符號可能不符語言,$
es,D:\xian-shang-you-wei\backend\frontend\tools\es\home-affordability.html,input-prefix貨幣符號可能不符語言,$
es,D:\xian-shang-you-wei\backend\frontend\tools\es\home-insurance-calc.html,input-prefix貨幣符號可能不符語言,$
es,D:\xian-shang-you-wei\backend\frontend\tools\es\home-mortgage.html,input-prefix貨幣符號可能不符語言,$
es,D:\xian-shang-you-wei\backend\frontend\tools\es\home-mortgage.html,input-prefix貨幣符號可能不符語言,$
es,D:\xian-shang-you-wei\backend\frontend\tools\es\home-mortgage.html,input-prefix貨幣符號可能不符語言,$
es,D:\xian-shang-you-wei\backend\frontend\tools\es\home-mortgage.html,input-prefix貨幣符號可能不符語言,$
es,D:\xian-shang-you-wei\backend\frontend\tools\es\home-mortgage.html,input-prefix貨幣符號可能不符語言,$
es,D:\xian-shang-you-wei\backend\frontend\tools\es\hsa-contribution-calc.html,input-prefix貨幣符號可能不符語言,$
es,D:\xian-shang-you-wei\backend\frontend\tools\es\hsa-contribution-calc.html,input-prefix貨幣符號可能不符語言,$
es,D:\xian-shang-you-wei\backend\frontend\tools\es\income-tax.html,input-prefix貨幣符號可能不符語言,$
es,D:\xian-shang-you-wei\backend\frontend\tools\es\income-tax.html,input-prefix貨幣符號可能不符語言,$
es,D:\xian-shang-you-wei\backend\frontend\tools\es\income-tax.html,input-prefix貨幣符號可能不符語言,$
es,D:\xian-shang-you-wei\backend\frontend\tools\es\insulation-calculator.html,input-prefix貨幣符號可能不符語言,$
es,D:\xian-shang-you-wei\backend\frontend\tools\es\insurance-premium-compare.html,input-prefix貨幣符號可能不符語言,$
es,D:\xian-shang-you-wei\backend\frontend\tools\es\insurance-premium-compare.html,input-prefix貨幣符號可能不符語言,$
es,D:\xian-shang-you-wei\backend\frontend\tools\es\insurance-premium-compare.html,input-prefix貨幣符號可能不符語言,$
es,D:\xian-shang-you-wei\backend\frontend\tools\es\intrinsic-value.html,input-prefix貨幣符號可能不符語言,$
es,D:\xian-shang-you-wei\backend\frontend\tools\es\inventory-turnover.html,input-prefix貨幣符號可能不符語言,$
es,D:\xian-shang-you-wei\backend\frontend\tools\es\inventory-turnover.html,input-prefix貨幣符號可能不符語言,$
es,D:\xian-shang-you-wei\backend\frontend\tools\es\inventory-turnover.html,input-prefix貨幣符號可能不符語言,$
es,D:\xian-shang-you-wei\backend\frontend\tools\es\ivf-cost-calculator.html,input-prefix貨幣符號可能不符語言,$
es,D:\xian-shang-you-wei\backend\frontend\tools\es\ivf-cost-calculator.html,input-prefix貨幣符號可能不符語言,$
es,D:\xian-shang-you-wei\backend\frontend\tools\es\kelly-criterion.html,input-prefix貨幣符號可能不符語言,$
es,D:\xian-shang-you-wei\backend\frontend\tools\es\landed-cost.html,input-prefix貨幣符號可能不符語言,$
es,D:\xian-shang-you-wei\backend\frontend\tools\es\landed-cost.html,input-prefix貨幣符號可能不符語言,$
es,D:\xian-shang-you-wei\backend\frontend\tools\es\landed-cost.html,input-prefix貨幣符號可能不符語言,$
es,D:\xian-shang-you-wei\backend\frontend\tools\es\landed-cost.html,input-prefix貨幣符號可能不符語言,$
es,D:\xian-shang-you-wei\backend\frontend\tools\es\landed-cost.html,input-prefix貨幣符號可能不符語言,$
es,D:\xian-shang-you-wei\backend\frontend\tools\es\lasik-cost-calculator.html,input-prefix貨幣符號可能不符語言,$
es,D:\xian-shang-you-wei\backend\frontend\tools\es\lawyer-fee.html,input-prefix貨幣符號可能不符語言,$
es,D:\xian-shang-you-wei\backend\frontend\tools\es\loan-affordability.html,input-prefix貨幣符號可能不符語言,$
es,D:\xian-shang-you-wei\backend\frontend\tools\es\loan-vs-lease.html,input-prefix貨幣符號可能不符語言,%
es,D:\xian-shang-you-wei\backend\frontend\tools\es\loan-vs-lease.html,input-prefix貨幣符號可能不符語言,$
es,D:\xian-shang-you-wei\backend\frontend\tools\es\loan-vs-lease.html,input-prefix貨幣符號可能不符語言,$
es,D:\xian-shang-you-wei\backend\frontend\tools\es\loan-vs-lease.html,input-prefix貨幣符號可能不符語言,$
es,D:\xian-shang-you-wei\backend\frontend\tools\es\loan-vs-lease.html,input-prefix貨幣符號可能不符語言,$
es,D:\xian-shang-you-wei\backend\frontend\tools\es\loan-vs-lease.html,input-prefix貨幣符號可能不符語言,$
es,D:\xian-shang-you-wei\backend\frontend\tools\es\loan-vs-lease.html,input-prefix貨幣符號可能不符語言,$
es,D:\xian-shang-you-wei\backend\frontend\tools\es\loan-vs-lease.html,input-prefix貨幣符號可能不符語言,$
es,D:\xian-shang-you-wei\backend\frontend\tools\es\loan-vs-lease.html,input-prefix貨幣符號可能不符語言,$
es,D:\xian-shang-you-wei\backend\frontend\tools\es\loan-vs-lease.html,input-prefix貨幣符號可能不符語言,$
es,D:\xian-shang-you-wei\backend\frontend\tools\es\loan-vs-lease.html,input-prefix貨幣符號可能不符語言,$
es,D:\xian-shang-you-wei\backend\frontend\tools\es\long-term-care.html,input-prefix貨幣符號可能不符語言,$
es,D:\xian-shang-you-wei\backend\frontend\tools\es\ltv-calculator.html,input-prefix貨幣符號可能不符語言,$
es,D:\xian-shang-you-wei\backend\frontend\tools\es\macd-calculator.html,input-prefix貨幣符號可能不符語言,$
es,D:\xian-shang-you-wei\backend\frontend\tools\es\macd-calculator.html,input-prefix貨幣符號可能不符語言,$
es,D:\xian-shang-you-wei\backend\frontend\tools\es\margin-calculator.html,input-prefix貨幣符號可能不符語言,$
es,D:\xian-shang-you-wei\backend\frontend\tools\es\medical-cost-estimator.html,input-prefix貨幣符號可能不符語言,$
es,D:\xian-shang-you-wei\backend\frontend\tools\es\medical-cost-estimator.html,input-prefix貨幣符號可能不符語言,$
es,D:\xian-shang-you-wei\backend\frontend\tools\es\medical-cost-estimator.html,input-prefix貨幣符號可能不符語言,$
es,D:\xian-shang-you-wei\backend\frontend\tools\es\medical-tourism-saving.html,input-prefix貨幣符號可能不符語言,$
es,D:\xian-shang-you-wei\backend\frontend\tools\es\medical-tourism-saving.html,input-prefix貨幣符號可能不符語言,$
es,D:\xian-shang-you-wei\backend\frontend\tools\es\medical-tourism-saving.html,input-prefix貨幣符號可能不符語言,$
es,D:\xian-shang-you-wei\backend\frontend\tools\es\medication-cost-compare.html,input-prefix貨幣符號可能不符語言,$
es,D:\xian-shang-you-wei\backend\frontend\tools\es\medication-cost-compare.html,input-prefix貨幣符號可能不符語言,$
es,D:\xian-shang-you-wei\backend\frontend\tools\es\mortgage-refinance.html,input-prefix貨幣符號可能不符語言,$
es,D:\xian-shang-you-wei\backend\frontend\tools\es\mortgage-refinance.html,input-prefix貨幣符號可能不符語言,$
es,D:\xian-shang-you-wei\backend\frontend\tools\es\mrr-calculator.html,input-prefix貨幣符號可能不符語言,$
es,D:\xian-shang-you-wei\backend\frontend\tools\es\net-profit-margin.html,input-prefix貨幣符號可能不符語言,$
es,D:\xian-shang-you-wei\backend\frontend\tools\es\net-profit-margin.html,input-prefix貨幣符號可能不符語言,$
es,D:\xian-shang-you-wei\backend\frontend\tools\es\nursing-home-cost.html,input-prefix貨幣符號可能不符語言,$
es,D:\xian-shang-you-wei\backend\frontend\tools\es\nursing-home-cost.html,input-prefix貨幣符號可能不符語言,$
es,D:\xian-shang-you-wei\backend\frontend\tools\es\nursing-home-cost.html,input-prefix貨幣符號可能不符語言,$
es,D:\xian-shang-you-wei\backend\frontend\tools\es\oop-maximum-calc.html,input-prefix貨幣符號可能不符語言,$
es,D:\xian-shang-you-wei\backend\frontend\tools\es\oop-maximum-calc.html,input-prefix貨幣符號可能不符語言,$
es,D:\xian-shang-you-wei\backend\frontend\tools\es\options-profit.html,input-prefix貨幣符號可能不符語言,$
es,D:\xian-shang-you-wei\backend\frontend\tools\es\options-profit.html,input-prefix貨幣符號可能不符語言,$
es,D:\xian-shang-you-wei\backend\frontend\tools\es\options-profit.html,input-prefix貨幣符號可能不符語言,$
es,D:\xian-shang-you-wei\backend\frontend\tools\es\overtime-calculator.html,input-prefix貨幣符號可能不符語言,$
es,D:\xian-shang-you-wei\backend\frontend\tools\es\patent-cost.html,input-prefix貨幣符號可能不符語言,$
es,D:\xian-shang-you-wei\backend\frontend\tools\es\patent-cost.html,input-prefix貨幣符號可能不符語言,$
es,D:\xian-shang-you-wei\backend\frontend\tools\es\patent-cost.html,input-prefix貨幣符號可能不符語言,$
es,D:\xian-shang-you-wei\backend\frontend\tools\es\patent-cost.html,input-prefix貨幣符號可能不符語言,$
es,D:\xian-shang-you-wei\backend\frontend\tools\es\patent-cost.html,input-prefix貨幣符號可能不符語言,$
es,D:\xian-shang-you-wei\backend\frontend\tools\es\patent-cost.html,input-prefix貨幣符號可能不符語言,$
es,D:\xian-shang-you-wei\backend\frontend\tools\es\payday-loan-cost.html,input-prefix貨幣符號可能不符語言,$
es,D:\xian-shang-you-wei\backend\frontend\tools\es\payday-loan-cost.html,input-prefix貨幣符號可能不符語言,$
es,D:\xian-shang-you-wei\backend\frontend\tools\es\payroll-tax.html,input-prefix貨幣符號可能不符語言,£
es,D:\xian-shang-you-wei\backend\frontend\tools\es\pb-ratio.html,input-prefix貨幣符號可能不符語言,$
es,D:\xian-shang-you-wei\backend\frontend\tools\es\pb-ratio.html,input-prefix貨幣符號可能不符語言,$
es,D:\xian-shang-you-wei\backend\frontend\tools\es\personal-loan-calc.html,input-prefix貨幣符號可能不符語言,$
es,D:\xian-shang-you-wei\backend\frontend\tools\es\pivot-point.html,input-prefix貨幣符號可能不符語言,$
es,D:\xian-shang-you-wei\backend\frontend\tools\es\pivot-point.html,input-prefix貨幣符號可能不符語言,$
es,D:\xian-shang-you-wei\backend\frontend\tools\es\pivot-point.html,input-prefix貨幣符號可能不符語言,$
es,D:\xian-shang-you-wei\backend\frontend\tools\es\position-size.html,input-prefix貨幣符號可能不符語言,$
es,D:\xian-shang-you-wei\backend\frontend\tools\es\position-size.html,input-prefix貨幣符號可能不符語言,$
es,D:\xian-shang-you-wei\backend\frontend\tools\es\position-size.html,input-prefix貨幣符號可能不符語言,$
es,D:\xian-shang-you-wei\backend\frontend\tools\es\premium-vs-hdhp.html,input-prefix貨幣符號可能不符語言,$
es,D:\xian-shang-you-wei\backend\frontend\tools\es\premium-vs-hdhp.html,input-prefix貨幣符號可能不符語言,$
es,D:\xian-shang-you-wei\backend\frontend\tools\es\premium-vs-hdhp.html,input-prefix貨幣符號可能不符語言,$
es,D:\xian-shang-you-wei\backend\frontend\tools\es\premium-vs-hdhp.html,input-prefix貨幣符號可能不符語言,$
es,D:\xian-shang-you-wei\backend\frontend\tools\es\premium-vs-hdhp.html,input-prefix貨幣符號可能不符語言,$
es,D:\xian-shang-you-wei\backend\frontend\tools\es\premium-vs-hdhp.html,input-prefix貨幣符號可能不符語言,$
es,D:\xian-shang-you-wei\backend\frontend\tools\es\premium-vs-hdhp.html,input-prefix貨幣符號可能不符語言,$
es,D:\xian-shang-you-wei\backend\frontend\tools\es\premium-vs-hdhp.html,input-prefix貨幣符號可能不符語言,$
es,D:\xian-shang-you-wei\backend\frontend\tools\es\premium-vs-hdhp.html,input-prefix貨幣符號可能不符語言,$
es,D:\xian-shang-you-wei\backend\frontend\tools\es\present-value.html,input-prefix貨幣符號可能不符語言,$
es,D:\xian-shang-you-wei\backend\frontend\tools\es\pricing-calculator.html,input-prefix貨幣符號可能不符語言,$
es,D:\xian-shang-you-wei\backend\frontend\tools\es\pricing-calculator.html,input-prefix貨幣符號可能不符語言,$
es,D:\xian-shang-you-wei\backend\frontend\tools\es\property-tax.html,input-prefix貨幣符號可能不符語言,$
es,D:\xian-shang-you-wei\backend\frontend\tools\es\property-tax.html,input-prefix貨幣符號可能不符語言,$
es,D:\xian-shang-you-wei\backend\frontend\tools\es\property-tax.html,input-prefix貨幣符號可能不符語言,$
es,D:\xian-shang-you-wei\backend\frontend\tools\es\refinance-break-even.html,input-prefix貨幣符號可能不符語言,$
es,D:\xian-shang-you-wei\backend\frontend\tools\es\refinance-break-even.html,input-prefix貨幣符號可能不符語言,$
es,D:\xian-shang-you-wei\backend\frontend\tools\es\rehab-cost-estimator.html,input-prefix貨幣符號可能不符語言,$
es,D:\xian-shang-you-wei\backend\frontend\tools\es\renovation-cost.html,input-prefix貨幣符號可能不符語言,$
es,D:\xian-shang-you-wei\backend\frontend\tools\es\rental-income-tax.html,input-prefix貨幣符號可能不符語言,$
es,D:\xian-shang-you-wei\backend\frontend\tools\es\rental-income-tax.html,input-prefix貨幣符號可能不符語言,$
es,D:\xian-shang-you-wei\backend\frontend\tools\es\rental-income-tax.html,input-prefix貨幣符號可能不符語言,$
es,D:\xian-shang-you-wei\backend\frontend\tools\es\rental-income-tax.html,input-prefix貨幣符號可能不符語言,$
es,D:\xian-shang-you-wei\backend\frontend\tools\es\rental-income-tax.html,input-prefix貨幣符號可能不符語言,$
es,D:\xian-shang-you-wei\backend\frontend\tools\es\rental-income-tax.html,input-prefix貨幣符號可能不符語言,$
es,D:\xian-shang-you-wei\backend\frontend\tools\es\rental-income-tax.html,input-prefix貨幣符號可能不符語言,$
es,D:\xian-shang-you-wei\backend\frontend\tools\es\rental-income-tax.html,input-prefix貨幣符號可能不符語言,$
es,D:\xian-shang-you-wei\backend\frontend\tools\es\rental-income-tax.html,input-prefix貨幣符號可能不符語言,$
es,D:\xian-shang-you-wei\backend\frontend\tools\es\rental-income-tax.html,input-prefix貨幣符號可能不符語言,$
es,D:\xian-shang-you-wei\backend\frontend\tools\es\renters-insurance.html,input-prefix貨幣符號可能不符語言,$
es,D:\xian-shang-you-wei\backend\frontend\tools\es\renters-insurance.html,input-prefix貨幣符號可能不符語言,$
es,D:\xian-shang-you-wei\backend\frontend\tools\es\renters-insurance.html,input-prefix貨幣符號可能不符語言,$
es,D:\xian-shang-you-wei\backend\frontend\tools\es\required-minimum-dist.html,input-prefix貨幣符號可能不符語言,$
es,D:\xian-shang-you-wei\backend\frontend\tools\es\retirement-income-need.html,input-prefix貨幣符號可能不符語言,$
es,D:\xian-shang-you-wei\backend\frontend\tools\es\roas-calculator.html,input-prefix貨幣符號可能不符語言,$
es,D:\xian-shang-you-wei\backend\frontend\tools\es\roas-calculator.html,input-prefix貨幣符號可能不符語言,$
es,D:\xian-shang-you-wei\backend\frontend\tools\es\roth-vs-traditional.html,input-prefix貨幣符號可能不符語言,$
es,D:\xian-shang-you-wei\backend\frontend\tools\es\roth-vs-traditional.html,input-prefix貨幣符號可能不符語言,$
es,D:\xian-shang-you-wei\backend\frontend\tools\es\roth-vs-traditional.html,input-prefix貨幣符號可能不符語言,$
es,D:\xian-shang-you-wei\backend\frontend\tools\es\runway-calculator.html,input-prefix貨幣符號可能不符語言,$
es,D:\xian-shang-you-wei\backend\frontend\tools\es\runway-calculator.html,input-prefix貨幣符號可能不符語言,$
es,D:\xian-shang-you-wei\backend\frontend\tools\es\saas-ltv-cac.html,input-prefix貨幣符號可能不符語言,$
es,D:\xian-shang-you-wei\backend\frontend\tools\es\saas-ltv-cac.html,input-prefix貨幣符號可能不符語言,$
es,D:\xian-shang-you-wei\backend\frontend\tools\es\sales-commission.html,input-prefix貨幣符號可能不符語言,$
es,D:\xian-shang-you-wei\backend\frontend\tools\es\sales-commission.html,input-prefix貨幣符號可能不符語言,$
es,D:\xian-shang-you-wei\backend\frontend\tools\es\sales-commission.html,input-prefix貨幣符號可能不符語言,$
es,D:\xian-shang-you-wei\backend\frontend\tools\es\severance-calculator.html,input-prefix貨幣符號可能不符語言,NT$
es,D:\xian-shang-you-wei\backend\frontend\tools\es\severance-calculator.html,input-prefix貨幣符號可能不符語言,NT$
es,D:\xian-shang-you-wei\backend\frontend\tools\es\shopee-profit.html,input-prefix貨幣符號可能不符語言,$
es,D:\xian-shang-you-wei\backend\frontend\tools\es\shopee-profit.html,input-prefix貨幣符號可能不符語言,$
es,D:\xian-shang-you-wei\backend\frontend\tools\es\shopee-profit.html,input-prefix貨幣符號可能不符語言,$
es,D:\xian-shang-you-wei\backend\frontend\tools\es\solar-roi.html,input-prefix貨幣符號可能不符語言,$
es,D:\xian-shang-you-wei\backend\frontend\tools\es\solar-roi.html,input-prefix貨幣符號可能不符語言,$
es,D:\xian-shang-you-wei\backend\frontend\tools\es\solar-roi.html,input-prefix貨幣符號可能不符語言,$
es,D:\xian-shang-you-wei\backend\frontend\tools\es\stamp-duty.html,input-prefix貨幣符號可能不符語言,£
es,D:\xian-shang-you-wei\backend\frontend\tools\es\startup-cost-estimator.html,input-prefix貨幣符號可能不符語言,$
es,D:\xian-shang-you-wei\backend\frontend\tools\es\startup-cost-estimator.html,input-prefix貨幣符號可能不符語言,$
es,D:\xian-shang-you-wei\backend\frontend\tools\es\stock-gain-loss.html,input-prefix貨幣符號可能不符語言,$
es,D:\xian-shang-you-wei\backend\frontend\tools\es\stock-gain-loss.html,input-prefix貨幣符號可能不符語言,$
es,D:\xian-shang-you-wei\backend\frontend\tools\es\stock-gain-loss.html,input-prefix貨幣符號可能不符語言,$
es,D:\xian-shang-you-wei\backend\frontend\tools\es\stop-loss.html,input-prefix貨幣符號可能不符語言,$
es,D:\xian-shang-you-wei\backend\frontend\tools\es\stop-loss.html,input-prefix貨幣符號可能不符語言,$
es,D:\xian-shang-you-wei\backend\frontend\tools\es\student-loan-refi.html,input-prefix貨幣符號可能不符語言,$
es,D:\xian-shang-you-wei\backend\frontend\tools\es\student-loan-refi.html,input-prefix貨幣符號可能不符語言,$
es,D:\xian-shang-you-wei\backend\frontend\tools\es\support-resistance.html,input-prefix貨幣符號可能不符語言,$
es,D:\xian-shang-you-wei\backend\frontend\tools\es\support-resistance.html,input-prefix貨幣符號可能不符語言,$
es,D:\xian-shang-you-wei\backend\frontend\tools\es\support-resistance.html,input-prefix貨幣符號可能不符語言,$
es,D:\xian-shang-you-wei\backend\frontend\tools\es\surgery-cost-estimator.html,input-prefix貨幣符號可能不符語言,$
es,D:\xian-shang-you-wei\backend\frontend\tools\es\take-home-pay.html,input-prefix貨幣符號可能不符語言,£
es,D:\xian-shang-you-wei\backend\frontend\tools\es\take-home-pay.html,input-prefix貨幣符號可能不符語言,£
es,D:\xian-shang-you-wei\backend\frontend\tools\es\therapy-cost-calc.html,input-prefix貨幣符號可能不符語言,$
es,D:\xian-shang-you-wei\backend\frontend\tools\es\therapy-cost-calc.html,input-prefix貨幣符號可能不符語言,$
es,D:\xian-shang-you-wei\backend\frontend\tools\es\therapy-cost-calc.html,input-prefix貨幣符號可能不符語言,$
es,D:\xian-shang-you-wei\backend\frontend\tools\es\tip-calculator.html,input-prefix貨幣符號可能不符語言,$
es,D:\xian-shang-you-wei\backend\frontend\tools\es\trademark-fee.html,input-prefix貨幣符號可能不符語言,$
es,D:\xian-shang-you-wei\backend\frontend\tools\es\trademark-fee.html,input-prefix貨幣符號可能不符語言,$
es,D:\xian-shang-you-wei\backend\frontend\tools\es\trading-fee.html,input-prefix貨幣符號可能不符語言,$
es,D:\xian-shang-you-wei\backend\frontend\tools\es\trip-fuel.html,input-prefix貨幣符號可能不符語言,$
es,D:\xian-shang-you-wei\backend\frontend\tools\es\tuition-cost.html,input-prefix貨幣符號可能不符語言,$
es,D:\xian-shang-you-wei\backend\frontend\tools\es\tuition-cost.html,input-prefix貨幣符號可能不符語言,$
es,D:\xian-shang-you-wei\backend\frontend\tools\es\tuition-cost.html,input-prefix貨幣符號可能不符語言,$
es,D:\xian-shang-you-wei\backend\frontend\tools\es\valuation-calculator.html,input-prefix貨幣符號可能不符語言,$
es,D:\xian-shang-you-wei\backend\frontend\tools\es\valuation-calculator.html,input-prefix貨幣符號可能不符語言,$
es,D:\xian-shang-you-wei\backend\frontend\tools\es\withdrawal-rate.html,input-prefix貨幣符號可能不符語言,$
es,D:\xian-shang-you-wei\backend\frontend\tools\es\youtube-revenue.html,input-prefix貨幣符號可能不符語言,$
pt,D:\xian-shang-you-wei\backend\frontend\tools\pt\0-percent-financing.html,input-prefix貨幣符號可能不符語言,R$
pt,D:\xian-shang-you-wei\backend\frontend\tools\pt\0-percent-financing.html,input-prefix貨幣符號可能不符語言,R$
pt,D:\xian-shang-you-wei\backend\frontend\tools\pt\401k-contribution.html,input-prefix貨幣符號可能不符語言,$
pt,D:\xian-shang-you-wei\backend\frontend\tools\pt\401k-contribution.html,input-prefix貨幣符號可能不符語言,$
pt,D:\xian-shang-you-wei\backend\frontend\tools\pt\alimony-calculator.html,input-prefix貨幣符號可能不符語言,R$
pt,D:\xian-shang-you-wei\backend\frontend\tools\pt\alimony-calculator.html,input-prefix貨幣符號可能不符語言,R$
pt,D:\xian-shang-you-wei\backend\frontend\tools\pt\amazon-profit.html,input-prefix貨幣符號可能不符語言,R$
pt,D:\xian-shang-you-wei\backend\frontend\tools\pt\amazon-profit.html,input-prefix貨幣符號可能不符語言,R$
pt,D:\xian-shang-you-wei\backend\frontend\tools\pt\amazon-profit.html,input-prefix貨幣符號可能不符語言,R$
pt,D:\xian-shang-you-wei\backend\frontend\tools\pt\annual-leave.html,input-prefix貨幣符號可能不符語言,R$
pt,D:\xian-shang-you-wei\backend\frontend\tools\pt\annuity-calculator.html,input-prefix貨幣符號可能不符語言,R$
pt,D:\xian-shang-you-wei\backend\frontend\tools\pt\annuity-income.html,input-prefix貨幣符號可能不符語言,R$
pt,D:\xian-shang-you-wei\backend\frontend\tools\pt\appliance-energy.html,input-prefix貨幣符號可能不符語言,R$
pt,D:\xian-shang-you-wei\backend\frontend\tools\pt\apr-calculator.html,input-prefix貨幣符號可能不符語言,R$
pt,D:\xian-shang-you-wei\backend\frontend\tools\pt\apr-calculator.html,input-prefix貨幣符號可能不符語言,R$
pt,D:\xian-shang-you-wei\backend\frontend\tools\pt\apr-calculator.html,input-prefix貨幣符號可能不符語言,R$
pt,D:\xian-shang-you-wei\backend\frontend\tools\pt\asset-allocation.html,input-prefix貨幣符號可能不符語言,R$
pt,D:\xian-shang-you-wei\backend\frontend\tools\pt\atr-calculator.html,input-prefix貨幣符號可能不符語言,R$
pt,D:\xian-shang-you-wei\backend\frontend\tools\pt\atr-calculator.html,input-prefix貨幣符號可能不符語言,R$
pt,D:\xian-shang-you-wei\backend\frontend\tools\pt\atr-calculator.html,input-prefix貨幣符號可能不符語言,R$
pt,D:\xian-shang-you-wei\backend\frontend\tools\pt\average-down.html,input-prefix貨幣符號可能不符語言,R$
pt,D:\xian-shang-you-wei\backend\frontend\tools\pt\average-down.html,input-prefix貨幣符號可能不符語言,R$
pt,D:\xian-shang-you-wei\backend\frontend\tools\pt\average-down.html,input-prefix貨幣符號可能不符語言,$
pt,D:\xian-shang-you-wei\backend\frontend\tools\pt\balloon-payment.html,input-prefix貨幣符號可能不符語言,R$
pt,D:\xian-shang-you-wei\backend\frontend\tools\pt\balloon-payment.html,input-prefix貨幣符號可能不符語言,R$
pt,D:\xian-shang-you-wei\backend\frontend\tools\pt\bollinger-bands.html,input-prefix貨幣符號可能不符語言,R$
pt,D:\xian-shang-you-wei\backend\frontend\tools\pt\bolt-torque.html,輸入標籤疑似未翻譯(常見英文字),Força de Tensão (F)
pt,D:\xian-shang-you-wei\backend\frontend\tools\pt\bond-yield.html,input-prefix貨幣符號可能不符語言,R$
pt,D:\xian-shang-you-wei\backend\frontend\tools\pt\bond-yield.html,input-prefix貨幣符號可能不符語言,R$
pt,D:\xian-shang-you-wei\backend\frontend\tools\pt\bonus-tax.html,input-prefix貨幣符號可能不符語言,£
pt,D:\xian-shang-you-wei\backend\frontend\tools\pt\break-even-units.html,input-prefix貨幣符號可能不符語言,R$
pt,D:\xian-shang-you-wei\backend\frontend\tools\pt\break-even-units.html,input-prefix貨幣符號可能不符語言,R$
pt,D:\xian-shang-you-wei\backend\frontend\tools\pt\break-even-units.html,input-prefix貨幣符號可能不符語言,R$
pt,D:\xian-shang-you-wei\backend\frontend\tools\pt\break-even.html,input-prefix貨幣符號可能不符語言,R$
pt,D:\xian-shang-you-wei\backend\frontend\tools\pt\break-even.html,input-prefix貨幣符號可能不符語言,R$
pt,D:\xian-shang-you-wei\backend\frontend\tools\pt\break-even.html,input-prefix貨幣符號可能不符語言,R$
pt,D:\xian-shang-you-wei\backend\frontend\tools\pt\burn-rate-calculator.html,input-prefix貨幣符號可能不符語言,R$
pt,D:\xian-shang-you-wei\backend\frontend\tools\pt\burn-rate-calculator.html,input-prefix貨幣符號可能不符語言,R$
pt,D:\xian-shang-you-wei\backend\frontend\tools\pt\burn-rate-calculator.html,input-prefix貨幣符號可能不符語言,R$
pt,D:\xian-shang-you-wei\backend\frontend\tools\pt\business-exit-value.html,input-prefix貨幣符號可能不符語言,R$
pt,D:\xian-shang-you-wei\backend\frontend\tools\pt\business-insurance.html,input-prefix貨幣符號可能不符語言,R$
pt,D:\xian-shang-you-wei\backend\frontend\tools\pt\business-loan-calc.html,input-prefix貨幣符號可能不符語言,R$
pt,D:\xian-shang-you-wei\backend\frontend\tools\pt\caffeine-calculator.html,輸入標籤疑似未翻譯(常見英文字),Força do Café (mg por xícara)
pt,D:\xian-shang-you-wei\backend\frontend\tools\pt\caffeine-calculator.html,輸入標籤疑似未翻譯(常見英文字),Força do Chá (mg por xícara)
pt,D:\xian-shang-you-wei\backend\frontend\tools\pt\caffeine-calculator.html,輸入標籤疑似未翻譯(常見英文字),Força da Bebida Energética (mg por lata)
pt,D:\xian-shang-you-wei\backend\frontend\tools\pt\caffeine-calculator.html,輸入標籤疑似未翻譯(常見英文字),Força do Refrigerante (mg por lata)
pt,D:\xian-shang-you-wei\backend\frontend\tools\pt\cagr.html,input-prefix貨幣符號可能不符語言,R$
pt,D:\xian-shang-you-wei\backend\frontend\tools\pt\cagr.html,input-prefix貨幣符號可能不符語言,R$
pt,D:\xian-shang-you-wei\backend\frontend\tools\pt\candlestick-identifier.html,input-prefix貨幣符號可能不符語言,R$
pt,D:\xian-shang-you-wei\backend\frontend\tools\pt\candlestick-identifier.html,input-prefix貨幣符號可能不符語言,R$
pt,D:\xian-shang-you-wei\backend\frontend\tools\pt\candlestick-identifier.html,input-prefix貨幣符號可能不符語言,R$
pt,D:\xian-shang-you-wei\backend\frontend\tools\pt\candlestick-identifier.html,input-prefix貨幣符號可能不符語言,R$
pt,D:\xian-shang-you-wei\backend\frontend\tools\pt\candlestick-identifier.html,input-prefix貨幣符號可能不符語言,R$
pt,D:\xian-shang-you-wei\backend\frontend\tools\pt\cap-rate.html,input-prefix貨幣符號可能不符語言,R$
pt,D:\xian-shang-you-wei\backend\frontend\tools\pt\cap-rate.html,input-prefix貨幣符號可能不符語言,R$
pt,D:\xian-shang-you-wei\backend\frontend\tools\pt\capital-gains-tax.html,input-prefix貨幣符號可能不符語言,R$
pt,D:\xian-shang-you-wei\backend\frontend\tools\pt\capital-gains-tax.html,input-prefix貨幣符號可能不符語言,R$
pt,D:\xian-shang-you-wei\backend\frontend\tools\pt\capital-gains-tax.html,input-prefix貨幣符號可能不符語言,R$
pt,D:\xian-shang-you-wei\backend\frontend\tools\pt\car-insurance-calc.html,input-prefix貨幣符號可能不符語言,R$
pt,D:\xian-shang-you-wei\backend\frontend\tools\pt\car-lease-vs-buy.html,input-prefix貨幣符號可能不符語言,R$
pt,D:\xian-shang-you-wei\backend\frontend\tools\pt\car-lease-vs-buy.html,input-prefix貨幣符號可能不符語言,R$
pt,D:\xian-shang-you-wei\backend\frontend\tools\pt\car-lease-vs-buy.html,input-prefix貨幣符號可能不符語言,R$
pt,D:\xian-shang-you-wei\backend\frontend\tools\pt\car-lease-vs-buy.html,input-prefix貨幣符號可能不符語言,R$
pt,D:\xian-shang-you-wei\backend\frontend\tools\pt\car-lease-vs-buy.html,input-prefix貨幣符號可能不符語言,R$
pt,D:\xian-shang-you-wei\backend\frontend\tools\pt\car-lease-vs-buy.html,input-prefix貨幣符號可能不符語言,R$
pt,D:\xian-shang-you-wei\backend\frontend\tools\pt\car-lease-vs-buy.html,input-prefix貨幣符號可能不符語言,R$
pt,D:\xian-shang-you-wei\backend\frontend\tools\pt\car-loan.html,input-prefix貨幣符號可能不符語言,R$
pt,D:\xian-shang-you-wei\backend\frontend\tools\pt\car-loan.html,input-prefix貨幣符號可能不符語言,R$
pt,D:\xian-shang-you-wei\backend\frontend\tools\pt\cash-on-cash.html,input-prefix貨幣符號可能不符語言,R$
pt,D:\xian-shang-you-wei\backend\frontend\tools\pt\cash-on-cash.html,input-prefix貨幣符號可能不符語言,R$
pt,D:\xian-shang-you-wei\backend\frontend\tools\pt\catch-up-contribution.html,input-prefix貨幣符號可能不符語言,$
pt,D:\xian-shang-you-wei\backend\frontend\tools\pt\catch-up-contribution.html,input-prefix貨幣符號可能不符語言,$
pt,D:\xian-shang-you-wei\backend\frontend\tools\pt\catch-up-contribution.html,input-prefix貨幣符號可能不符語言,$
pt,D:\xian-shang-you-wei\backend\frontend\tools\pt\catch-up-contribution.html,input-prefix貨幣符號可能不符語言,$
pt,D:\xian-shang-you-wei\backend\frontend\tools\pt\child-support.html,input-prefix貨幣符號可能不符語言,R$
pt,D:\xian-shang-you-wei\backend\frontend\tools\pt\child-support.html,input-prefix貨幣符號可能不符語言,R$
pt,D:\xian-shang-you-wei\backend\frontend\tools\pt\child-support.html,input-prefix貨幣符號可能不符語言,R$
pt,D:\xian-shang-you-wei\backend\frontend\tools\pt\child-support.html,input-prefix貨幣符號可能不符語言,R$
pt,D:\xian-shang-you-wei\backend\frontend\tools\pt\coast-fire-calc.html,input-prefix貨幣符號可能不符語言,R$
pt,D:\xian-shang-you-wei\backend\frontend\tools\pt\coffee-ratio.html,input-prefix貨幣符號可能不符語言,1:
pt,D:\xian-shang-you-wei\backend\frontend\tools\pt\college-savings.html,input-prefix貨幣符號可能不符語言,R$
pt,D:\xian-shang-you-wei\backend\frontend\tools\pt\college-savings.html,input-prefix貨幣符號可能不符語言,R$
pt,D:\xian-shang-you-wei\backend\frontend\tools\pt\commute-cost.html,input-prefix貨幣符號可能不符語言,R$
pt,D:\xian-shang-you-wei\backend\frontend\tools\pt\commute-cost.html,input-prefix貨幣符號可能不符語言,R$
pt,D:\xian-shang-you-wei\backend\frontend\tools\pt\commute-cost.html,input-prefix貨幣符號可能不符語言,R$
pt,D:\xian-shang-you-wei\backend\frontend\tools\pt\commute-cost.html,input-prefix貨幣符號可能不符語言,R$
pt,D:\xian-shang-you-wei\backend\frontend\tools\pt\commute-cost.html,input-prefix貨幣符號可能不符語言,R$
pt,D:\xian-shang-you-wei\backend\frontend\tools\pt\commute-cost.html,input-prefix貨幣符號可能不符語言,R$
pt,D:\xian-shang-you-wei\backend\frontend\tools\pt\company-registration.html,input-prefix貨幣符號可能不符語言,R$
pt,D:\xian-shang-you-wei\backend\frontend\tools\pt\company-registration.html,input-prefix貨幣符號可能不符語言,R$
pt,D:\xian-shang-you-wei\backend\frontend\tools\pt\company-registration.html,input-prefix貨幣符號可能不符語言,R$
pt,D:\xian-shang-you-wei\backend\frontend\tools\pt\compound-interest-debt.html,input-prefix貨幣符號可能不符語言,R$
pt,D:\xian-shang-you-wei\backend\frontend\tools\pt\compound-interest.html,input-prefix貨幣符號可能不符語言,R$
pt,D:\xian-shang-you-wei\backend\frontend\tools\pt\cost-of-living.html,input-prefix貨幣符號可能不符語言,R$
pt,D:\xian-shang-you-wei\backend\frontend\tools\pt\court-fee.html,input-prefix貨幣符號可能不符語言,R$
pt,D:\xian-shang-you-wei\backend\frontend\tools\pt\coverage-gap-finder.html,input-prefix貨幣符號可能不符語言,R$
pt,D:\xian-shang-you-wei\backend\frontend\tools\pt\coverage-gap-finder.html,input-prefix貨幣符號可能不符語言,R$
pt,D:\xian-shang-you-wei\backend\frontend\tools\pt\credit-card-payoff.html,input-prefix貨幣符號可能不符語言,R$
pt,D:\xian-shang-you-wei\backend\frontend\tools\pt\credit-card-payoff.html,input-prefix貨幣符號可能不符語言,R$
pt,D:\xian-shang-you-wei\backend\frontend\tools\pt\critical-illness-calc.html,input-prefix貨幣符號可能不符語言,R$
pt,D:\xian-shang-you-wei\backend\frontend\tools\pt\critical-illness-calc.html,input-prefix貨幣符號可能不符語言,R$
pt,D:\xian-shang-you-wei\backend\frontend\tools\pt\critical-illness-calc.html,input-prefix貨幣符號可能不符語言,R$
pt,D:\xian-shang-you-wei\backend\frontend\tools\pt\customer-acquisition.html,input-prefix貨幣符號可能不符語言,R$
pt,D:\xian-shang-you-wei\backend\frontend\tools\pt\customs-duty.html,input-prefix貨幣符號可能不符語言,$
pt,D:\xian-shang-you-wei\backend\frontend\tools\pt\dca-calculator.html,input-prefix貨幣符號可能不符語言,R$
pt,D:\xian-shang-you-wei\backend\frontend\tools\pt\debt-consolidation.html,input-prefix貨幣符號可能不符語言,R$
pt,D:\xian-shang-you-wei\backend\frontend\tools\pt\debt-consolidation.html,input-prefix貨幣符號可能不符語言,R$
pt,D:\xian-shang-you-wei\backend\frontend\tools\pt\debt-consolidation.html,input-prefix貨幣符號可能不符語言,R$
pt,D:\xian-shang-you-wei\backend\frontend\tools\pt\debt-consolidation.html,input-prefix貨幣符號可能不符語言,R$
pt,D:\xian-shang-you-wei\backend\frontend\tools\pt\debt-to-equity.html,input-prefix貨幣符號可能不符語言,R$
pt,D:\xian-shang-you-wei\backend\frontend\tools\pt\debt-to-equity.html,input-prefix貨幣符號可能不符語言,R$
pt,D:\xian-shang-you-wei\backend\frontend\tools\pt\debt-to-income.html,input-prefix貨幣符號可能不符語言,R$
pt,D:\xian-shang-you-wei\backend\frontend\tools\pt\debt-to-income.html,input-prefix貨幣符號可能不符語言,R$
pt,D:\xian-shang-you-wei\backend\frontend\tools\pt\dental-cost-calculator.html,input-prefix貨幣符號可能不符語言,R$
pt,D:\xian-shang-you-wei\backend\frontend\tools\pt\dental-cost-calculator.html,input-prefix貨幣符號可能不符語言,R$
pt,D:\xian-shang-you-wei\backend\frontend\tools\pt\dental-cost-calculator.html,input-prefix貨幣符號可能不符語言,R$
pt,D:\xian-shang-you-wei\backend\frontend\tools\pt\dental-cost-calculator.html,input-prefix貨幣符號可能不符語言,R$
pt,D:\xian-shang-you-wei\backend\frontend\tools\pt\dental-cost-calculator.html,input-prefix貨幣符號可能不符語言,R$
pt,D:\xian-shang-you-wei\backend\frontend\tools\pt\disability-insurance.html,input-prefix貨幣符號可能不符語言,R$
pt,D:\xian-shang-you-wei\backend\frontend\tools\pt\dividend-yield.html,input-prefix貨幣符號可能不符語言,R$
pt,D:\xian-shang-you-wei\backend\frontend\tools\pt\dividend-yield.html,input-prefix貨幣符號可能不符語言,R$
pt,D:\xian-shang-you-wei\backend\frontend\tools\pt\down-payment.html,input-prefix貨幣符號可能不符語言,R$
pt,D:\xian-shang-you-wei\backend\frontend\tools\pt\dropship-margin.html,input-prefix貨幣符號可能不符語言,R$
pt,D:\xian-shang-you-wei\backend\frontend\tools\pt\dropship-margin.html,input-prefix貨幣符號可能不符語言,R$
pt,D:\xian-shang-you-wei\backend\frontend\tools\pt\dropship-margin.html,input-prefix貨幣符號可能不符語言,R$
pt,D:\xian-shang-you-wei\backend\frontend\tools\pt\dropship-margin.html,input-prefix貨幣符號可能不符語言,R$
pt,D:\xian-shang-you-wei\backend\frontend\tools\pt\ebitda-valuation.html,input-prefix貨幣符號可能不符語言,R$
pt,D:\xian-shang-you-wei\backend\frontend\tools\pt\effective-tax-rate.html,input-prefix貨幣符號可能不符語言,R$
pt,D:\xian-shang-you-wei\backend\frontend\tools\pt\effective-tax-rate.html,input-prefix貨幣符號可能不符語言,R$
pt,D:\xian-shang-you-wei\backend\frontend\tools\pt\electricity-cost.html,input-prefix貨幣符號可能不符語言,R$
pt,D:\xian-shang-you-wei\backend\frontend\tools\pt\email-roi.html,input-prefix貨幣符號可能不符語言,R$
pt,D:\xian-shang-you-wei\backend\frontend\tools\pt\email-roi.html,input-prefix貨幣符號可能不符語言,R$
pt,D:\xian-shang-you-wei\backend\frontend\tools\pt\eps-calculator.html,input-prefix貨幣符號可能不符語言,R$
pt,D:\xian-shang-you-wei\backend\frontend\tools\pt\ev-charging-cost.html,input-prefix貨幣符號可能不符語言,R$
pt,D:\xian-shang-you-wei\backend\frontend\tools\pt\ev-vs-gas.html,input-prefix貨幣符號可能不符語言,R$
pt,D:\xian-shang-you-wei\backend\frontend\tools\pt\ev-vs-gas.html,input-prefix貨幣符號可能不符語言,R$
pt,D:\xian-shang-you-wei\backend\frontend\tools\pt\ev-vs-gas.html,input-prefix貨幣符號可能不符語言,R$
pt,D:\xian-shang-you-wei\backend\frontend\tools\pt\ev-vs-gas.html,input-prefix貨幣符號可能不符語言,R$
pt,D:\xian-shang-you-wei\backend\frontend\tools\pt\ev-vs-gas.html,input-prefix貨幣符號可能不符語言,R$
pt,D:\xian-shang-you-wei\backend\frontend\tools\pt\ev-vs-gas.html,input-prefix貨幣符號可能不符語言,R$
pt,D:\xian-shang-you-wei\backend\frontend\tools\pt\ev-vs-gas.html,input-prefix貨幣符號可能不符語言,R$
pt,D:\xian-shang-you-wei\backend\frontend\tools\pt\ev-vs-gas.html,input-prefix貨幣符號可能不符語言,R$
pt,D:\xian-shang-you-wei\backend\frontend\tools\pt\ev-vs-gas.html,input-prefix貨幣符號可能不符語言,R$
pt,D:\xian-shang-you-wei\backend\frontend\tools\pt\ev-vs-gas.html,input-prefix貨幣符號可能不符語言,R$
pt,D:\xian-shang-you-wei\backend\frontend\tools\pt\ev-vs-gas.html,input-prefix貨幣符號可能不符語言,$
pt,D:\xian-shang-you-wei\backend\frontend\tools\pt\extra-payment.html,input-prefix貨幣符號可能不符語言,R$
pt,D:\xian-shang-you-wei\backend\frontend\tools\pt\extra-payment.html,input-prefix貨幣符號可能不符語言,R$
pt,D:\xian-shang-you-wei\backend\frontend\tools\pt\fba-fee-calculator.html,input-prefix貨幣符號可能不符語言,R$
pt,D:\xian-shang-you-wei\backend\frontend\tools\pt\fba-fee-calculator.html,input-prefix貨幣符號可能不符語言,R$
pt,D:\xian-shang-you-wei\backend\frontend\tools\pt\fibonacci-retracement.html,input-prefix貨幣符號可能不符語言,$
pt,D:\xian-shang-you-wei\backend\frontend\tools\pt\fibonacci-retracement.html,input-prefix貨幣符號可能不符語言,$
pt,D:\xian-shang-you-wei\backend\frontend\tools\pt\fire-number-calc.html,input-prefix貨幣符號可能不符語言,R$
pt,D:\xian-shang-you-wei\backend\frontend\tools\pt\forex-profit.html,input-prefix貨幣符號可能不符語言,$
pt,D:\xian-shang-you-wei\backend\frontend\tools\pt\franchise-roi.html,input-prefix貨幣符號可能不符語言,R$
pt,D:\xian-shang-you-wei\backend\frontend\tools\pt\franchise-roi.html,input-prefix貨幣符號可能不符語言,R$
pt,D:\xian-shang-you-wei\backend\frontend\tools\pt\franchise-roi.html,input-prefix貨幣符號可能不符語言,R$
pt,D:\xian-shang-you-wei\backend\frontend\tools\pt\franchise-roi.html,input-prefix貨幣符號可能不符語言,R$
pt,D:\xian-shang-you-wei\backend\frontend\tools\pt\franchise-roi.html,input-prefix貨幣符號可能不符語言,R$
pt,D:\xian-shang-you-wei\backend\frontend\tools\pt\freelance-rate.html,input-prefix貨幣符號可能不符語言,R$
pt,D:\xian-shang-you-wei\backend\frontend\tools\pt\freelance-rate.html,input-prefix貨幣符號可能不符語言,R$
pt,D:\xian-shang-you-wei\backend\frontend\tools\pt\freelancer-tax.html,input-prefix貨幣符號可能不符語言,R$
pt,D:\xian-shang-you-wei\backend\frontend\tools\pt\freelancer-tax.html,input-prefix貨幣符號可能不符語言,R$
pt,D:\xian-shang-you-wei\backend\frontend\tools\pt\fsa-savings-calc.html,input-prefix貨幣符號可能不符語言,$
pt,D:\xian-shang-you-wei\backend\frontend\tools\pt\fuel-cost.html,input-prefix貨幣符號可能不符語言,R$
pt,D:\xian-shang-you-wei\backend\frontend\tools\pt\future-value.html,input-prefix貨幣符號可能不符語言,R$
pt,D:\xian-shang-you-wei\backend\frontend\tools\pt\gross-profit-margin.html,input-prefix貨幣符號可能不符語言,R$
pt,D:\xian-shang-you-wei\backend\frontend\tools\pt\gross-profit-margin.html,input-prefix貨幣符號可能不符語言,R$
pt,D:\xian-shang-you-wei\backend\frontend\tools\pt\health-deductible-calc.html,input-prefix貨幣符號可能不符語言,R$
pt,D:\xian-shang-you-wei\backend\frontend\tools\pt\health-deductible-calc.html,input-prefix貨幣符號可能不符語言,R$
pt,D:\xian-shang-you-wei\backend\frontend\tools\pt\health-insurance-estimate.html,input-prefix貨幣符號可能不符語言,R$
pt,D:\xian-shang-you-wei\backend\frontend\tools\pt\health-insurance-estimate.html,input-prefix貨幣符號可能不符語言,R$
pt,D:\xian-shang-you-wei\backend\frontend\tools\pt\heloc-vs-personal-loan.html,input-prefix貨幣符號可能不符語言,R$
pt,D:\xian-shang-you-wei\backend\frontend\tools\pt\heloc-vs-personal-loan.html,後綴疑似未翻譯(常見英文字),years
pt,D:\xian-shang-you-wei\backend\frontend\tools\pt\home-affordability.html,input-prefix貨幣符號可能不符語言,R$
pt,D:\xian-shang-you-wei\backend\frontend\tools\pt\home-affordability.html,input-prefix貨幣符號可能不符語言,R$
pt,D:\xian-shang-you-wei\backend\frontend\tools\pt\home-equity.html,input-prefix貨幣符號可能不符語言,R$
pt,D:\xian-shang-you-wei\backend\frontend\tools\pt\home-equity.html,input-prefix貨幣符號可能不符語言,R$
pt,D:\xian-shang-you-wei\backend\frontend\tools\pt\home-insurance-calc.html,input-prefix貨幣符號可能不符語言,R$
pt,D:\xian-shang-you-wei\backend\frontend\tools\pt\home-mortgage.html,input-prefix貨幣符號可能不符語言,R$
pt,D:\xian-shang-you-wei\backend\frontend\tools\pt\home-mortgage.html,input-prefix貨幣符號可能不符語言,R$
pt,D:\xian-shang-you-wei\backend\frontend\tools\pt\home-mortgage.html,input-prefix貨幣符號可能不符語言,R$
pt,D:\xian-shang-you-wei\backend\frontend\tools\pt\home-mortgage.html,input-prefix貨幣符號可能不符語言,R$
pt,D:\xian-shang-you-wei\backend\frontend\tools\pt\home-mortgage.html,input-prefix貨幣符號可能不符語言,R$
pt,D:\xian-shang-you-wei\backend\frontend\tools\pt\hsa-contribution-calc.html,input-prefix貨幣符號可能不符語言,$
pt,D:\xian-shang-you-wei\backend\frontend\tools\pt\hsa-contribution-calc.html,input-prefix貨幣符號可能不符語言,$
pt,D:\xian-shang-you-wei\backend\frontend\tools\pt\income-tax.html,input-prefix貨幣符號可能不符語言,R$
pt,D:\xian-shang-you-wei\backend\frontend\tools\pt\income-tax.html,input-prefix貨幣符號可能不符語言,R$
pt,D:\xian-shang-you-wei\backend\frontend\tools\pt\income-tax.html,input-prefix貨幣符號可能不符語言,R$
pt,D:\xian-shang-you-wei\backend\frontend\tools\pt\inflation.html,input-prefix貨幣符號可能不符語言,R$
pt,D:\xian-shang-you-wei\backend\frontend\tools\pt\insulation-calculator.html,input-prefix貨幣符號可能不符語言,R$
pt,D:\xian-shang-you-wei\backend\frontend\tools\pt\insurance-premium-compare.html,input-prefix貨幣符號可能不符語言,R$
pt,D:\xian-shang-you-wei\backend\frontend\tools\pt\insurance-premium-compare.html,input-prefix貨幣符號可能不符語言,R$
pt,D:\xian-shang-you-wei\backend\frontend\tools\pt\insurance-premium-compare.html,input-prefix貨幣符號可能不符語言,R$
pt,D:\xian-shang-you-wei\backend\frontend\tools\pt\intrinsic-value.html,input-prefix貨幣符號可能不符語言,R$
pt,D:\xian-shang-you-wei\backend\frontend\tools\pt\inventory-turnover.html,input-prefix貨幣符號可能不符語言,R$
pt,D:\xian-shang-you-wei\backend\frontend\tools\pt\inventory-turnover.html,input-prefix貨幣符號可能不符語言,R$
pt,D:\xian-shang-you-wei\backend\frontend\tools\pt\inventory-turnover.html,input-prefix貨幣符號可能不符語言,R$
pt,D:\xian-shang-you-wei\backend\frontend\tools\pt\irr-calculator.html,input-prefix貨幣符號可能不符語言,R$
pt,D:\xian-shang-you-wei\backend\frontend\tools\pt\irr-calculator.html,input-prefix貨幣符號可能不符語言,R$
pt,D:\xian-shang-you-wei\backend\frontend\tools\pt\irr-calculator.html,input-prefix貨幣符號可能不符語言,R$
pt,D:\xian-shang-you-wei\backend\frontend\tools\pt\irr-calculator.html,input-prefix貨幣符號可能不符語言,R$
pt,D:\xian-shang-you-wei\backend\frontend\tools\pt\irr-calculator.html,input-prefix貨幣符號可能不符語言,R$
pt,D:\xian-shang-you-wei\backend\frontend\tools\pt\irr-calculator.html,input-prefix貨幣符號可能不符語言,R$
pt,D:\xian-shang-you-wei\backend\frontend\tools\pt\ivf-cost-calculator.html,input-prefix貨幣符號可能不符語言,R$
pt,D:\xian-shang-you-wei\backend\frontend\tools\pt\ivf-cost-calculator.html,input-prefix貨幣符號可能不符語言,R$
pt,D:\xian-shang-you-wei\backend\frontend\tools\pt\kelly-criterion.html,input-prefix貨幣符號可能不符語言,R$
pt,D:\xian-shang-you-wei\backend\frontend\tools\pt\landed-cost.html,input-prefix貨幣符號可能不符語言,$
pt,D:\xian-shang-you-wei\backend\frontend\tools\pt\landed-cost.html,input-prefix貨幣符號可能不符語言,$
pt,D:\xian-shang-you-wei\backend\frontend\tools\pt\landed-cost.html,input-prefix貨幣符號可能不符語言,$
pt,D:\xian-shang-you-wei\backend\frontend\tools\pt\landed-cost.html,input-prefix貨幣符號可能不符語言,$
pt,D:\xian-shang-you-wei\backend\frontend\tools\pt\landed-cost.html,input-prefix貨幣符號可能不符語言,$
pt,D:\xian-shang-you-wei\backend\frontend\tools\pt\lasik-cost-calculator.html,input-prefix貨幣符號可能不符語言,R$
pt,D:\xian-shang-you-wei\backend\frontend\tools\pt\late-payment-interest.html,input-prefix貨幣符號可能不符語言,R$
pt,D:\xian-shang-you-wei\backend\frontend\tools\pt\lawyer-fee.html,input-prefix貨幣符號可能不符語言,R$
pt,D:\xian-shang-you-wei\backend\frontend\tools\pt\led-savings.html,input-prefix貨幣符號可能不符語言,R$
pt,D:\xian-shang-you-wei\backend\frontend\tools\pt\legal-interest.html,input-prefix貨幣符號可能不符語言,R$
pt,D:\xian-shang-you-wei\backend\frontend\tools\pt\life-insurance-calc.html,input-prefix貨幣符號可能不符語言,R$
pt,D:\xian-shang-you-wei\backend\frontend\tools\pt\life-insurance-calc.html,input-prefix貨幣符號可能不符語言,R$
pt,D:\xian-shang-you-wei\backend\frontend\tools\pt\life-insurance-needs.html,input-prefix貨幣符號可能不符語言,R$
pt,D:\xian-shang-you-wei\backend\frontend\tools\pt\life-insurance-needs.html,input-prefix貨幣符號可能不符語言,R$
pt,D:\xian-shang-you-wei\backend\frontend\tools\pt\life-insurance-needs.html,input-prefix貨幣符號可能不符語言,R$
pt,D:\xian-shang-you-wei\backend\frontend\tools\pt\life-insurance-needs.html,input-prefix貨幣符號可能不符語言,R$
pt,D:\xian-shang-you-wei\backend\frontend\tools\pt\life-insurance-needs.html,input-prefix貨幣符號可能不符語言,R$
pt,D:\xian-shang-you-wei\backend\frontend\tools\pt\loan-affordability.html,input-prefix貨幣符號可能不符語言,R$
pt,D:\xian-shang-you-wei\backend\frontend\tools\pt\loan-comparison.html,input-prefix貨幣符號可能不符語言,R$
pt,D:\xian-shang-you-wei\backend\frontend\tools\pt\loan-comparison.html,input-prefix貨幣符號可能不符語言,R$
pt,D:\xian-shang-you-wei\backend\frontend\tools\pt\loan-vs-lease.html,input-prefix貨幣符號可能不符語言,R$
pt,D:\xian-shang-you-wei\backend\frontend\tools\pt\loan-vs-lease.html,input-prefix貨幣符號可能不符語言,R$
pt,D:\xian-shang-you-wei\backend\frontend\tools\pt\loan-vs-lease.html,input-prefix貨幣符號可能不符語言,R$
pt,D:\xian-shang-you-wei\backend\frontend\tools\pt\loan-vs-lease.html,input-prefix貨幣符號可能不符語言,R$
pt,D:\xian-shang-you-wei\backend\frontend\tools\pt\loan-vs-lease.html,input-prefix貨幣符號可能不符語言,%
pt,D:\xian-shang-you-wei\backend\frontend\tools\pt\loan-vs-lease.html,input-prefix貨幣符號可能不符語言,R$
pt,D:\xian-shang-you-wei\backend\frontend\tools\pt\loan-vs-lease.html,input-prefix貨幣符號可能不符語言,R$
pt,D:\xian-shang-you-wei\backend\frontend\tools\pt\loan-vs-lease.html,input-prefix貨幣符號可能不符語言,R$
pt,D:\xian-shang-you-wei\backend\frontend\tools\pt\loan-vs-lease.html,input-prefix貨幣符號可能不符語言,$
pt,D:\xian-shang-you-wei\backend\frontend\tools\pt\loan-vs-lease.html,input-prefix貨幣符號可能不符語言,$
pt,D:\xian-shang-you-wei\backend\frontend\tools\pt\loan-vs-lease.html,input-prefix貨幣符號可能不符語言,$
pt,D:\xian-shang-you-wei\backend\frontend\tools\pt\long-term-care.html,input-prefix貨幣符號可能不符語言,R$
pt,D:\xian-shang-you-wei\backend\frontend\tools\pt\ltv-calculator.html,input-prefix貨幣符號可能不符語言,R$
pt,D:\xian-shang-you-wei\backend\frontend\tools\pt\macd-calculator.html,input-prefix貨幣符號可能不符語言,R$
pt,D:\xian-shang-you-wei\backend\frontend\tools\pt\macd-calculator.html,input-prefix貨幣符號可能不符語言,R$
pt,D:\xian-shang-you-wei\backend\frontend\tools\pt\margin-calculator.html,input-prefix貨幣符號可能不符語言,$
pt,D:\xian-shang-you-wei\backend\frontend\tools\pt\medical-cost-estimator.html,input-prefix貨幣符號可能不符語言,R$
pt,D:\xian-shang-you-wei\backend\frontend\tools\pt\medical-cost-estimator.html,input-prefix貨幣符號可能不符語言,R$
pt,D:\xian-shang-you-wei\backend\frontend\tools\pt\medical-cost-estimator.html,input-prefix貨幣符號可能不符語言,R$
pt,D:\xian-shang-you-wei\backend\frontend\tools\pt\medical-tourism-saving.html,input-prefix貨幣符號可能不符語言,R$
pt,D:\xian-shang-you-wei\backend\frontend\tools\pt\medical-tourism-saving.html,input-prefix貨幣符號可能不符語言,R$
pt,D:\xian-shang-you-wei\backend\frontend\tools\pt\medical-tourism-saving.html,input-prefix貨幣符號可能不符語言,R$
pt,D:\xian-shang-you-wei\backend\frontend\tools\pt\medication-cost-compare.html,input-prefix貨幣符號可能不符語言,R$
pt,D:\xian-shang-you-wei\backend\frontend\tools\pt\medication-cost-compare.html,input-prefix貨幣符號可能不符語言,R$
pt,D:\xian-shang-you-wei\backend\frontend\tools\pt\meeting-cost.html,input-prefix貨幣符號可能不符語言,R$
pt,D:\xian-shang-you-wei\backend\frontend\tools\pt\mortgage-refinance.html,input-prefix貨幣符號可能不符語言,R$
pt,D:\xian-shang-you-wei\backend\frontend\tools\pt\mortgage-refinance.html,input-prefix貨幣符號可能不符語言,R$
pt,D:\xian-shang-you-wei\backend\frontend\tools\pt\mortgage.html,input-prefix貨幣符號可能不符語言,R$
pt,D:\xian-shang-you-wei\backend\frontend\tools\pt\mrr-calculator.html,input-prefix貨幣符號可能不符語言,R$
pt,D:\xian-shang-you-wei\backend\frontend\tools\pt\net-profit-margin.html,input-prefix貨幣符號可能不符語言,R$
pt,D:\xian-shang-you-wei\backend\frontend\tools\pt\net-profit-margin.html,input-prefix貨幣符號可能不符語言,R$
pt,D:\xian-shang-you-wei\backend\frontend\tools\pt\nursing-home-cost.html,input-prefix貨幣符號可能不符語言,R$
pt,D:\xian-shang-you-wei\backend\frontend\tools\pt\nursing-home-cost.html,input-prefix貨幣符號可能不符語言,R$
pt,D:\xian-shang-you-wei\backend\frontend\tools\pt\nursing-home-cost.html,input-prefix貨幣符號可能不符語言,R$
pt,D:\xian-shang-you-wei\backend\frontend\tools\pt\oop-maximum-calc.html,input-prefix貨幣符號可能不符語言,R$
pt,D:\xian-shang-you-wei\backend\frontend\tools\pt\oop-maximum-calc.html,input-prefix貨幣符號可能不符語言,R$
pt,D:\xian-shang-you-wei\backend\frontend\tools\pt\options-profit.html,input-prefix貨幣符號可能不符語言,$
pt,D:\xian-shang-you-wei\backend\frontend\tools\pt\options-profit.html,input-prefix貨幣符號可能不符語言,$
pt,D:\xian-shang-you-wei\backend\frontend\tools\pt\options-profit.html,input-prefix貨幣符號可能不符語言,$
pt,D:\xian-shang-you-wei\backend\frontend\tools\pt\overtime-calculator.html,input-prefix貨幣符號可能不符語言,R$
pt,D:\xian-shang-you-wei\backend\frontend\tools\pt\parking-cost.html,input-prefix貨幣符號可能不符語言,R$
pt,D:\xian-shang-you-wei\backend\frontend\tools\pt\parking-cost.html,input-prefix貨幣符號可能不符語言,R$
pt,D:\xian-shang-you-wei\backend\frontend\tools\pt\patent-cost.html,input-prefix貨幣符號可能不符語言,R$
pt,D:\xian-shang-you-wei\backend\frontend\tools\pt\patent-cost.html,input-prefix貨幣符號可能不符語言,R$
pt,D:\xian-shang-you-wei\backend\frontend\tools\pt\patent-cost.html,input-prefix貨幣符號可能不符語言,R$
pt,D:\xian-shang-you-wei\backend\frontend\tools\pt\patent-cost.html,input-prefix貨幣符號可能不符語言,R$
pt,D:\xian-shang-you-wei\backend\frontend\tools\pt\patent-cost.html,input-prefix貨幣符號可能不符語言,R$
pt,D:\xian-shang-you-wei\backend\frontend\tools\pt\patent-cost.html,input-prefix貨幣符號可能不符語言,R$
pt,D:\xian-shang-you-wei\backend\frontend\tools\pt\payback-period.html,input-prefix貨幣符號可能不符語言,R$
pt,D:\xian-shang-you-wei\backend\frontend\tools\pt\payback-period.html,input-prefix貨幣符號可能不符語言,R$
pt,D:\xian-shang-you-wei\backend\frontend\tools\pt\payday-loan-cost.html,input-prefix貨幣符號可能不符語言,R$
pt,D:\xian-shang-you-wei\backend\frontend\tools\pt\payday-loan-cost.html,input-prefix貨幣符號可能不符語言,R$
pt,D:\xian-shang-you-wei\backend\frontend\tools\pt\payroll-tax.html,input-prefix貨幣符號可能不符語言,£
pt,D:\xian-shang-you-wei\backend\frontend\tools\pt\pb-ratio.html,input-prefix貨幣符號可能不符語言,R$
pt,D:\xian-shang-you-wei\backend\frontend\tools\pt\pb-ratio.html,input-prefix貨幣符號可能不符語言,R$
pt,D:\xian-shang-you-wei\backend\frontend\tools\pt\pe-ratio.html,input-prefix貨幣符號可能不符語言,R$
pt,D:\xian-shang-you-wei\backend\frontend\tools\pt\pe-ratio.html,input-prefix貨幣符號可能不符語言,R$
pt,D:\xian-shang-you-wei\backend\frontend\tools\pt\penalty-interest.html,input-prefix貨幣符號可能不符語言,R$
pt,D:\xian-shang-you-wei\backend\frontend\tools\pt\pension-vs-lump-sum.html,input-prefix貨幣符號可能不符語言,R$
pt,D:\xian-shang-you-wei\backend\frontend\tools\pt\pension-vs-lump-sum.html,input-prefix貨幣符號可能不符語言,R$
pt,D:\xian-shang-you-wei\backend\frontend\tools\pt\personal-loan-calc.html,input-prefix貨幣符號可能不符語言,R$
pt,D:\xian-shang-you-wei\backend\frontend\tools\pt\pet-insurance-calc.html,input-prefix貨幣符號可能不符語言,R$
pt,D:\xian-shang-you-wei\backend\frontend\tools\pt\pivot-point.html,input-prefix貨幣符號可能不符語言,$
pt,D:\xian-shang-you-wei\backend\frontend\tools\pt\pivot-point.html,input-prefix貨幣符號可能不符語言,$
pt,D:\xian-shang-you-wei\backend\frontend\tools\pt\pivot-point.html,input-prefix貨幣符號可能不符語言,$
pt,D:\xian-shang-you-wei\backend\frontend\tools\pt\position-size.html,input-prefix貨幣符號可能不符語言,R$
pt,D:\xian-shang-you-wei\backend\frontend\tools\pt\position-size.html,input-prefix貨幣符號可能不符語言,R$
pt,D:\xian-shang-you-wei\backend\frontend\tools\pt\position-size.html,input-prefix貨幣符號可能不符語言,R$
pt,D:\xian-shang-you-wei\backend\frontend\tools\pt\premium-vs-hdhp.html,input-prefix貨幣符號可能不符語言,$
pt,D:\xian-shang-you-wei\backend\frontend\tools\pt\premium-vs-hdhp.html,input-prefix貨幣符號可能不符語言,$
pt,D:\xian-shang-you-wei\backend\frontend\tools\pt\premium-vs-hdhp.html,input-prefix貨幣符號可能不符語言,$
pt,D:\xian-shang-you-wei\backend\frontend\tools\pt\premium-vs-hdhp.html,input-prefix貨幣符號可能不符語言,$
pt,D:\xian-shang-you-wei\backend\frontend\tools\pt\premium-vs-hdhp.html,input-prefix貨幣符號可能不符語言,$
pt,D:\xian-shang-you-wei\backend\frontend\tools\pt\premium-vs-hdhp.html,input-prefix貨幣符號可能不符語言,$
pt,D:\xian-shang-you-wei\backend\frontend\tools\pt\premium-vs-hdhp.html,input-prefix貨幣符號可能不符語言,$
pt,D:\xian-shang-you-wei\backend\frontend\tools\pt\premium-vs-hdhp.html,input-prefix貨幣符號可能不符語言,$
pt,D:\xian-shang-you-wei\backend\frontend\tools\pt\premium-vs-hdhp.html,input-prefix貨幣符號可能不符語言,$
pt,D:\xian-shang-you-wei\backend\frontend\tools\pt\present-value.html,input-prefix貨幣符號可能不符語言,R$
pt,D:\xian-shang-you-wei\backend\frontend\tools\pt\pricing-calculator.html,input-prefix貨幣符號可能不符語言,R$
pt,D:\xian-shang-you-wei\backend\frontend\tools\pt\pricing-calculator.html,input-prefix貨幣符號可能不符語言,R$
pt,D:\xian-shang-you-wei\backend\frontend\tools\pt\property-tax.html,input-prefix貨幣符號可能不符語言,R$
pt,D:\xian-shang-you-wei\backend\frontend\tools\pt\property-tax.html,input-prefix貨幣符號可能不符語言,R$
pt,D:\xian-shang-you-wei\backend\frontend\tools\pt\property-tax.html,input-prefix貨幣符號可能不符語言,R$
pt,D:\xian-shang-you-wei\backend\frontend\tools\pt\refinance-break-even.html,input-prefix貨幣符號可能不符語言,R$
pt,D:\xian-shang-you-wei\backend\frontend\tools\pt\refinance-break-even.html,input-prefix貨幣符號可能不符語言,R$
pt,D:\xian-shang-you-wei\backend\frontend\tools\pt\rehab-cost-estimator.html,input-prefix貨幣符號可能不符語言,R$
pt,D:\xian-shang-you-wei\backend\frontend\tools\pt\renovation-cost.html,input-prefix貨幣符號可能不符語言,R$
pt,D:\xian-shang-you-wei\backend\frontend\tools\pt\rent-vs-buy.html,input-prefix貨幣符號可能不符語言,R$
pt,D:\xian-shang-you-wei\backend\frontend\tools\pt\rent-vs-buy.html,input-prefix貨幣符號可能不符語言,R$
pt,D:\xian-shang-you-wei\backend\frontend\tools\pt\rent-vs-buy.html,input-prefix貨幣符號可能不符語言,R$
pt,D:\xian-shang-you-wei\backend\frontend\tools\pt\rental-income-tax.html,input-prefix貨幣符號可能不符語言,R$
pt,D:\xian-shang-you-wei\backend\frontend\tools\pt\rental-income-tax.html,input-prefix貨幣符號可能不符語言,R$
pt,D:\xian-shang-you-wei\backend\frontend\tools\pt\rental-income-tax.html,input-prefix貨幣符號可能不符語言,R$
pt,D:\xian-shang-you-wei\backend\frontend\tools\pt\rental-income-tax.html,input-prefix貨幣符號可能不符語言,R$
pt,D:\xian-shang-you-wei\backend\frontend\tools\pt\rental-income-tax.html,input-prefix貨幣符號可能不符語言,R$
pt,D:\xian-shang-you-wei\backend\frontend\tools\pt\rental-income-tax.html,input-prefix貨幣符號可能不符語言,R$
pt,D:\xian-shang-you-wei\backend\frontend\tools\pt\rental-income-tax.html,input-prefix貨幣符號可能不符語言,R$
pt,D:\xian-shang-you-wei\backend\frontend\tools\pt\rental-income-tax.html,input-prefix貨幣符號可能不符語言,R$
pt,D:\xian-shang-you-wei\backend\frontend\tools\pt\rental-income-tax.html,input-prefix貨幣符號可能不符語言,R$
pt,D:\xian-shang-you-wei\backend\frontend\tools\pt\rental-income-tax.html,input-prefix貨幣符號可能不符語言,R$
pt,D:\xian-shang-you-wei\backend\frontend\tools\pt\rental-yield.html,input-prefix貨幣符號可能不符語言,R$
pt,D:\xian-shang-you-wei\backend\frontend\tools\pt\rental-yield.html,input-prefix貨幣符號可能不符語言,R$
pt,D:\xian-shang-you-wei\backend\frontend\tools\pt\renters-insurance.html,input-prefix貨幣符號可能不符語言,R$
pt,D:\xian-shang-you-wei\backend\frontend\tools\pt\renters-insurance.html,input-prefix貨幣符號可能不符語言,R$
pt,D:\xian-shang-you-wei\backend\frontend\tools\pt\renters-insurance.html,input-prefix貨幣符號可能不符語言,R$
pt,D:\xian-shang-you-wei\backend\frontend\tools\pt\required-minimum-dist.html,input-prefix貨幣符號可能不符語言,R$
pt,D:\xian-shang-you-wei\backend\frontend\tools\pt\retirement-income-need.html,input-prefix貨幣符號可能不符語言,R$
pt,D:\xian-shang-you-wei\backend\frontend\tools\pt\retirement-savings-gap.html,input-prefix貨幣符號可能不符語言,R$
pt,D:\xian-shang-you-wei\backend\frontend\tools\pt\retirement-savings-gap.html,input-prefix貨幣符號可能不符語言,R$
pt,D:\xian-shang-you-wei\backend\frontend\tools\pt\retirement-savings-gap.html,input-prefix貨幣符號可能不符語言,R$
pt,D:\xian-shang-you-wei\backend\frontend\tools\pt\retirement.html,input-prefix貨幣符號可能不符語言,R$
pt,D:\xian-shang-you-wei\backend\frontend\tools\pt\retirement.html,input-prefix貨幣符號可能不符語言,R$
pt,D:\xian-shang-you-wei\backend\frontend\tools\pt\risk-reward.html,input-prefix貨幣符號可能不符語言,R$
pt,D:\xian-shang-you-wei\backend\frontend\tools\pt\risk-reward.html,input-prefix貨幣符號可能不符語言,R$
pt,D:\xian-shang-you-wei\backend\frontend\tools\pt\risk-reward.html,input-prefix貨幣符號可能不符語言,R$
pt,D:\xian-shang-you-wei\backend\frontend\tools\pt\roas-calculator.html,input-prefix貨幣符號可能不符語言,R$
pt,D:\xian-shang-you-wei\backend\frontend\tools\pt\roas-calculator.html,input-prefix貨幣符號可能不符語言,R$
pt,D:\xian-shang-you-wei\backend\frontend\tools\pt\roi-calculator.html,input-prefix貨幣符號可能不符語言,R$
pt,D:\xian-shang-you-wei\backend\frontend\tools\pt\roi-calculator.html,input-prefix貨幣符號可能不符語言,R$
pt,D:\xian-shang-you-wei\backend\frontend\tools\pt\roi-of-insurance.html,input-prefix貨幣符號可能不符語言,R$
pt,D:\xian-shang-you-wei\backend\frontend\tools\pt\roi-of-insurance.html,input-prefix貨幣符號可能不符語言,R$
pt,D:\xian-shang-you-wei\backend\frontend\tools\pt\roth-vs-traditional.html,input-prefix貨幣符號可能不符語言,$
pt,D:\xian-shang-you-wei\backend\frontend\tools\pt\roth-vs-traditional.html,input-prefix貨幣符號可能不符語言,$
pt,D:\xian-shang-you-wei\backend\frontend\tools\pt\roth-vs-traditional.html,input-prefix貨幣符號可能不符語言,$
pt,D:\xian-shang-you-wei\backend\frontend\tools\pt\runway-calculator.html,input-prefix貨幣符號可能不符語言,R$
pt,D:\xian-shang-you-wei\backend\frontend\tools\pt\runway-calculator.html,input-prefix貨幣符號可能不符語言,R$
pt,D:\xian-shang-you-wei\backend\frontend\tools\pt\saas-ltv-cac.html,input-prefix貨幣符號可能不符語言,R$
pt,D:\xian-shang-you-wei\backend\frontend\tools\pt\saas-ltv-cac.html,input-prefix貨幣符號可能不符語言,R$
pt,D:\xian-shang-you-wei\backend\frontend\tools\pt\salary-to-hourly.html,input-prefix貨幣符號可能不符語言,R$
pt,D:\xian-shang-you-wei\backend\frontend\tools\pt\sales-commission.html,input-prefix貨幣符號可能不符語言,R$
pt,D:\xian-shang-you-wei\backend\frontend\tools\pt\sales-commission.html,input-prefix貨幣符號可能不符語言,R$
pt,D:\xian-shang-you-wei\backend\frontend\tools\pt\sales-commission.html,input-prefix貨幣符號可能不符語言,R$
pt,D:\xian-shang-you-wei\backend\frontend\tools\pt\scholarship-calculator.html,input-prefix貨幣符號可能不符語言,R$
pt,D:\xian-shang-you-wei\backend\frontend\tools\pt\scholarship-calculator.html,input-prefix貨幣符號可能不符語言,R$
pt,D:\xian-shang-you-wei\backend\frontend\tools\pt\scholarship-calculator.html,input-prefix貨幣符號可能不符語言,R$
pt,D:\xian-shang-you-wei\backend\frontend\tools\pt\severance-calculator.html,input-prefix貨幣符號可能不符語言,NT$
pt,D:\xian-shang-you-wei\backend\frontend\tools\pt\severance-calculator.html,input-prefix貨幣符號可能不符語言,NT$
pt,D:\xian-shang-you-wei\backend\frontend\tools\pt\shipping-cost.html,input-prefix貨幣符號可能不符語言,R$
pt,D:\xian-shang-you-wei\backend\frontend\tools\pt\shopee-profit.html,input-prefix貨幣符號可能不符語言,R$
pt,D:\xian-shang-you-wei\backend\frontend\tools\pt\shopee-profit.html,input-prefix貨幣符號可能不符語言,R$
pt,D:\xian-shang-you-wei\backend\frontend\tools\pt\shopee-profit.html,input-prefix貨幣符號可能不符語言,R$
pt,D:\xian-shang-you-wei\backend\frontend\tools\pt\simple-interest.html,input-prefix貨幣符號可能不符語言,R$
pt,D:\xian-shang-you-wei\backend\frontend\tools\pt\solar-roi.html,input-prefix貨幣符號可能不符語言,R$
pt,D:\xian-shang-you-wei\backend\frontend\tools\pt\solar-roi.html,input-prefix貨幣符號可能不符語言,R$
pt,D:\xian-shang-you-wei\backend\frontend\tools\pt\solar-roi.html,input-prefix貨幣符號可能不符語言,R$
pt,D:\xian-shang-you-wei\backend\frontend\tools\pt\stamp-duty.html,input-prefix貨幣符號可能不符語言,£
pt,D:\xian-shang-you-wei\backend\frontend\tools\pt\startup-cost-estimator.html,input-prefix貨幣符號可能不符語言,R$
pt,D:\xian-shang-you-wei\backend\frontend\tools\pt\startup-cost-estimator.html,input-prefix貨幣符號可能不符語言,R$
pt,D:\xian-shang-you-wei\backend\frontend\tools\pt\stock-gain-loss.html,input-prefix貨幣符號可能不符語言,R$
pt,D:\xian-shang-you-wei\backend\frontend\tools\pt\stock-gain-loss.html,input-prefix貨幣符號可能不符語言,R$
pt,D:\xian-shang-you-wei\backend\frontend\tools\pt\stock-gain-loss.html,input-prefix貨幣符號可能不符語言,R$
pt,D:\xian-shang-you-wei\backend\frontend\tools\pt\stop-loss.html,input-prefix貨幣符號可能不符語言,R$
pt,D:\xian-shang-you-wei\backend\frontend\tools\pt\stop-loss.html,input-prefix貨幣符號可能不符語言,R$
pt,D:\xian-shang-you-wei\backend\frontend\tools\pt\student-loan-refi.html,input-prefix貨幣符號可能不符語言,R$
pt,D:\xian-shang-you-wei\backend\frontend\tools\pt\student-loan-refi.html,input-prefix貨幣符號可能不符語言,R$
pt,D:\xian-shang-you-wei\backend\frontend\tools\pt\student-loan.html,input-prefix貨幣符號可能不符語言,R$
pt,D:\xian-shang-you-wei\backend\frontend\tools\pt\support-resistance.html,input-prefix貨幣符號可能不符語言,$
pt,D:\xian-shang-you-wei\backend\frontend\tools\pt\support-resistance.html,input-prefix貨幣符號可能不符語言,$
pt,D:\xian-shang-you-wei\backend\frontend\tools\pt\support-resistance.html,input-prefix貨幣符號可能不符語言,$
pt,D:\xian-shang-you-wei\backend\frontend\tools\pt\surgery-cost-estimator.html,input-prefix貨幣符號可能不符語言,$
pt,D:\xian-shang-you-wei\backend\frontend\tools\pt\take-home-pay.html,input-prefix貨幣符號可能不符語言,£
pt,D:\xian-shang-you-wei\backend\frontend\tools\pt\take-home-pay.html,input-prefix貨幣符號可能不符語言,£
pt,D:\xian-shang-you-wei\backend\frontend\tools\pt\therapy-cost-calc.html,input-prefix貨幣符號可能不符語言,R$
pt,D:\xian-shang-you-wei\backend\frontend\tools\pt\therapy-cost-calc.html,input-prefix貨幣符號可能不符語言,R$
pt,D:\xian-shang-you-wei\backend\frontend\tools\pt\therapy-cost-calc.html,input-prefix貨幣符號可能不符語言,R$
pt,D:\xian-shang-you-wei\backend\frontend\tools\pt\tip-calculator.html,input-prefix貨幣符號可能不符語言,R$
pt,D:\xian-shang-you-wei\backend\frontend\tools\pt\trademark-fee.html,input-prefix貨幣符號可能不符語言,$
pt,D:\xian-shang-you-wei\backend\frontend\tools\pt\trademark-fee.html,input-prefix貨幣符號可能不符語言,$
pt,D:\xian-shang-you-wei\backend\frontend\tools\pt\trading-fee.html,input-prefix貨幣符號可能不符語言,R$
pt,D:\xian-shang-you-wei\backend\frontend\tools\pt\travel-insurance-calc.html,input-prefix貨幣符號可能不符語言,R$
pt,D:\xian-shang-you-wei\backend\frontend\tools\pt\trip-fuel.html,input-prefix貨幣符號可能不符語言,R$
pt,D:\xian-shang-you-wei\backend\frontend\tools\pt\tuition-cost.html,input-prefix貨幣符號可能不符語言,R$
pt,D:\xian-shang-you-wei\backend\frontend\tools\pt\tuition-cost.html,input-prefix貨幣符號可能不符語言,R$
pt,D:\xian-shang-you-wei\backend\frontend\tools\pt\tuition-cost.html,input-prefix貨幣符號可能不符語言,R$
pt,D:\xian-shang-you-wei\backend\frontend\tools\pt\umbrella-insurance.html,input-prefix貨幣符號可能不符語言,R$
pt,D:\xian-shang-you-wei\backend\frontend\tools\pt\umbrella-insurance.html,input-prefix貨幣符號可能不符語言,R$
pt,D:\xian-shang-you-wei\backend\frontend\tools\pt\umbrella-insurance.html,input-prefix貨幣符號可能不符語言,R$
pt,D:\xian-shang-you-wei\backend\frontend\tools\pt\valuation-calculator.html,input-prefix貨幣符號可能不符語言,R$
pt,D:\xian-shang-you-wei\backend\frontend\tools\pt\valuation-calculator.html,input-prefix貨幣符號可能不符語言,R$
pt,D:\xian-shang-you-wei\backend\frontend\tools\pt\vat-calculator.html,input-prefix貨幣符號可能不符語言,R$
pt,D:\xian-shang-you-wei\backend\frontend\tools\pt\water-bill.html,input-prefix貨幣符號可能不符語言,R$
pt,D:\xian-shang-you-wei\backend\frontend\tools\pt\water-bill.html,input-prefix貨幣符號可能不符語言,R$
pt,D:\xian-shang-you-wei\backend\frontend\tools\pt\water-bill.html,input-prefix貨幣符號可能不符語言,R$
pt,D:\xian-shang-you-wei\backend\frontend\tools\pt\water-bill.html,input-prefix貨幣符號可能不符語言,R$
pt,D:\xian-shang-you-wei\backend\frontend\tools\pt\withdrawal-rate.html,input-prefix貨幣符號可能不符語言,R$
pt,D:\xian-shang-you-wei\backend\frontend\tools\pt\working-capital.html,input-prefix貨幣符號可能不符語言,R$
pt,D:\xian-shang-you-wei\backend\frontend\tools\pt\working-capital.html,input-prefix貨幣符號可能不符語言,R$
pt,D:\xian-shang-you-wei\backend\frontend\tools\pt\youtube-revenue.html,input-prefix貨幣符號可能不符語言,R$
ko,D:\xian-shang-you-wei\backend\frontend\tools\ko\401k-contribution.html,input-prefix貨幣符號可能不符語言,$
ko,D:\xian-shang-you-wei\backend\frontend\tools\ko\401k-contribution.html,input-prefix貨幣符號可能不符語言,$
ko,D:\xian-shang-you-wei\backend\frontend\tools\ko\annual-leave.html,後綴疑似未翻譯(純英文字母),KRW
ko,D:\xian-shang-you-wei\backend\frontend\tools\ko\appliance-energy.html,後綴疑似未翻譯(純英文字母),W
ko,D:\xian-shang-you-wei\backend\frontend\tools\ko\average-down.html,input-prefix貨幣符號可能不符語言,$
ko,D:\xian-shang-you-wei\backend\frontend\tools\ko\average-down.html,input-prefix貨幣符號可能不符語言,$
ko,D:\xian-shang-you-wei\backend\frontend\tools\ko\average-down.html,input-prefix貨幣符號可能不符語言,$
ko,D:\xian-shang-you-wei\backend\frontend\tools\ko\baby-growth.html,後綴疑似未翻譯(純英文字母),kg
ko,D:\xian-shang-you-wei\backend\frontend\tools\ko\baby-growth.html,後綴疑似未翻譯(純英文字母),cm
ko,D:\xian-shang-you-wei\backend\frontend\tools\ko\baby-growth.html,後綴疑似未翻譯(純英文字母),cm
ko,D:\xian-shang-you-wei\backend\frontend\tools\ko\battery-calculator.html,後綴疑似未翻譯(純英文字母),mAh
ko,D:\xian-shang-you-wei\backend\frontend\tools\ko\battery-calculator.html,後綴疑似未翻譯(純英文字母),mA
ko,D:\xian-shang-you-wei\backend\frontend\tools\ko\blood-pressure-chart.html,後綴疑似未翻譯(純英文字母),mmHg
ko,D:\xian-shang-you-wei\backend\frontend\tools\ko\blood-pressure-chart.html,後綴疑似未翻譯(純英文字母),mmHg
ko,D:\xian-shang-you-wei\backend\frontend\tools\ko\bmi-calculator.html,後綴疑似未翻譯(純英文字母),kg
ko,D:\xian-shang-you-wei\backend\frontend\tools\ko\bmi-calculator.html,後綴疑似未翻譯(純英文字母),m
ko,D:\xian-shang-you-wei\backend\frontend\tools\ko\bmr-calculator.html,後綴疑似未翻譯(純英文字母),kg
ko,D:\xian-shang-you-wei\backend\frontend\tools\ko\bmr-calculator.html,後綴疑似未翻譯(純英文字母),cm
ko,D:\xian-shang-you-wei\backend\frontend\tools\ko\bolt-torque.html,後綴疑似未翻譯(純英文字母),mm
ko,D:\xian-shang-you-wei\backend\frontend\tools\ko\bolt-torque.html,後綴疑似未翻譯(純英文字母),N
ko,D:\xian-shang-you-wei\backend\frontend\tools\ko\bonus-tax.html,input-prefix貨幣符號可能不符語言,£
ko,D:\xian-shang-you-wei\backend\frontend\tools\ko\bread-hydration.html,後綴疑似未翻譯(純英文字母),g
ko,D:\xian-shang-you-wei\backend\frontend\tools\ko\bread-hydration.html,後綴疑似未翻譯(純英文字母),g
ko,D:\xian-shang-you-wei\backend\frontend\tools\ko\business-exit-value.html,後綴疑似未翻譯(純英文字母),x
ko,D:\xian-shang-you-wei\backend\frontend\tools\ko\caffeine-calculator.html,後綴疑似未翻譯(純英文字母),mg
ko,D:\xian-shang-you-wei\backend\frontend\tools\ko\caffeine-calculator.html,後綴疑似未翻譯(純英文字母),mg
ko,D:\xian-shang-you-wei\backend\frontend\tools\ko\caffeine-calculator.html,後綴疑似未翻譯(純英文字母),mg
ko,D:\xian-shang-you-wei\backend\frontend\tools\ko\caffeine-calculator.html,後綴疑似未翻譯(純英文字母),mg
ko,D:\xian-shang-you-wei\backend\frontend\tools\ko\caffeine-calculator.html,後綴疑似未翻譯(純英文字母),mg
ko,D:\xian-shang-you-wei\backend\frontend\tools\ko\cagr.html,input-prefix貨幣符號可能不符語言,$
ko,D:\xian-shang-you-wei\backend\frontend\tools\ko\cagr.html,input-prefix貨幣符號可能不符語言,$
ko,D:\xian-shang-you-wei\backend\frontend\tools\ko\calorie-calculator.html,後綴疑似未翻譯(純英文字母),cm
ko,D:\xian-shang-you-wei\backend\frontend\tools\ko\calorie-calculator.html,後綴疑似未翻譯(純英文字母),kg
ko,D:\xian-shang-you-wei\backend\frontend\tools\ko\calorie-density.html,後綴疑似未翻譯(純英文字母),kcal
ko,D:\xian-shang-you-wei\backend\frontend\tools\ko\calorie-density.html,後綴疑似未翻譯(純英文字母),g
ko,D:\xian-shang-you-wei\backend\frontend\tools\ko\cap-rate.html,input-prefix貨幣符號可能不符語言,$
ko,D:\xian-shang-you-wei\backend\frontend\tools\ko\cap-rate.html,input-prefix貨幣符號可能不符語言,$
ko,D:\xian-shang-you-wei\backend\frontend\tools\ko\capital-gains-tax.html,input-prefix貨幣符號可能不符語言,$
ko,D:\xian-shang-you-wei\backend\frontend\tools\ko\capital-gains-tax.html,input-prefix貨幣符號可能不符語言,$
ko,D:\xian-shang-you-wei\backend\frontend\tools\ko\capital-gains-tax.html,input-prefix貨幣符號可能不符語言,$
ko,D:\xian-shang-you-wei\backend\frontend\tools\ko\car-lease-vs-buy.html,後綴疑似未翻譯(純英文字母),MPG
ko,D:\xian-shang-you-wei\backend\frontend\tools\ko\carbon-footprint.html,後綴疑似未翻譯(純英文字母),kWh
ko,D:\xian-shang-you-wei\backend\frontend\tools\ko\carbon-footprint.html,後綴疑似未翻譯(純英文字母),kWh
ko,D:\xian-shang-you-wei\backend\frontend\tools\ko\cash-on-cash.html,input-prefix貨幣符號可能不符語言,$
ko,D:\xian-shang-you-wei\backend\frontend\tools\ko\cash-on-cash.html,input-prefix貨幣符號可能不符語言,$
ko,D:\xian-shang-you-wei\backend\frontend\tools\ko\catch-up-contribution.html,input-prefix貨幣符號可能不符語言,$
ko,D:\xian-shang-you-wei\backend\frontend\tools\ko\catch-up-contribution.html,input-prefix貨幣符號可能不符語言,$
ko,D:\xian-shang-you-wei\backend\frontend\tools\ko\catch-up-contribution.html,input-prefix貨幣符號可能不符語言,$
ko,D:\xian-shang-you-wei\backend\frontend\tools\ko\catch-up-contribution.html,input-prefix貨幣符號可能不符語言,$
ko,D:\xian-shang-you-wei\backend\frontend\tools\ko\cbm-calculator.html,後綴疑似未翻譯(純英文字母),cm
ko,D:\xian-shang-you-wei\backend\frontend\tools\ko\cbm-calculator.html,後綴疑似未翻譯(純英文字母),cm
ko,D:\xian-shang-you-wei\backend\frontend\tools\ko\cbm-calculator.html,後綴疑似未翻譯(純英文字母),cm
ko,D:\xian-shang-you-wei\backend\frontend\tools\ko\coast-fire-calc.html,input-prefix貨幣符號可能不符語言,$
ko,D:\xian-shang-you-wei\backend\frontend\tools\ko\coffee-ratio.html,input-prefix貨幣符號可能不符語言,1:
ko,D:\xian-shang-you-wei\backend\frontend\tools\ko\commute-cost.html,input-prefix貨幣符號可能不符語言,$
ko,D:\xian-shang-you-wei\backend\frontend\tools\ko\commute-cost.html,input-prefix貨幣符號可能不符語言,$
ko,D:\xian-shang-you-wei\backend\frontend\tools\ko\commute-cost.html,input-prefix貨幣符號可能不符語言,$
ko,D:\xian-shang-you-wei\backend\frontend\tools\ko\commute-cost.html,input-prefix貨幣符號可能不符語言,$
ko,D:\xian-shang-you-wei\backend\frontend\tools\ko\commute-cost.html,input-prefix貨幣符號可能不符語言,$
ko,D:\xian-shang-you-wei\backend\frontend\tools\ko\commute-cost.html,input-prefix貨幣符號可能不符語言,$
ko,D:\xian-shang-you-wei\backend\frontend\tools\ko\commute-cost.html,後綴疑似未翻譯(純英文字母),MPG
ko,D:\xian-shang-you-wei\backend\frontend\tools\ko\container-load.html,後綴疑似未翻譯(純英文字母),units
ko,D:\xian-shang-you-wei\backend\frontend\tools\ko\container-load.html,後綴疑似未翻譯(純英文字母),cm
ko,D:\xian-shang-you-wei\backend\frontend\tools\ko\container-load.html,後綴疑似未翻譯(純英文字母),cm
ko,D:\xian-shang-you-wei\backend\frontend\tools\ko\container-load.html,後綴疑似未翻譯(純英文字母),cm
ko,D:\xian-shang-you-wei\backend\frontend\tools\ko\container-load.html,後綴疑似未翻譯(純英文字母),kg
ko,D:\xian-shang-you-wei\backend\frontend\tools\ko\container-load.html,後綴疑似未翻譯(純英文字母),pieces
ko,D:\xian-shang-you-wei\backend\frontend\tools\ko\cooking-weight-volume.html,後綴疑似未翻譯(純英文字母),g
ko,D:\xian-shang-you-wei\backend\frontend\tools\ko\credit-card-payoff.html,input-prefix貨幣符號可能不符語言,$
ko,D:\xian-shang-you-wei\backend\frontend\tools\ko\credit-card-payoff.html,input-prefix貨幣符號可能不符語言,$
ko,D:\xian-shang-you-wei\backend\frontend\tools\ko\customs-duty.html,input-prefix貨幣符號可能不符語言,$
ko,D:\xian-shang-you-wei\backend\frontend\tools\ko\customs-duty.html,後綴疑似未翻譯(純英文字母),USD
ko,D:\xian-shang-you-wei\backend\frontend\tools\ko\dca-calculator.html,input-prefix貨幣符號可能不符語言,$
ko,D:\xian-shang-you-wei\backend\frontend\tools\ko\denier-calculator.html,後綴疑似未翻譯(純英文字母),g
ko,D:\xian-shang-you-wei\backend\frontend\tools\ko\denier-calculator.html,後綴疑似未翻譯(純英文字母),m
ko,D:\xian-shang-you-wei\backend\frontend\tools\ko\dimensional-weight.html,後綴疑似未翻譯(純英文字母),kg
ko,D:\xian-shang-you-wei\backend\frontend\tools\ko\dimensional-weight.html,後綴疑似未翻譯(純英文字母),cm
ko,D:\xian-shang-you-wei\backend\frontend\tools\ko\dividend-yield.html,input-prefix貨幣符號可能不符語言,$
ko,D:\xian-shang-you-wei\backend\frontend\tools\ko\dividend-yield.html,input-prefix貨幣符號可能不符語言,$
ko,D:\xian-shang-you-wei\backend\frontend\tools\ko\down-payment.html,input-prefix貨幣符號可能不符語言,$
ko,D:\xian-shang-you-wei\backend\frontend\tools\ko\dropship-margin.html,input-prefix貨幣符號可能不符語言,$
ko,D:\xian-shang-you-wei\backend\frontend\tools\ko\dropship-margin.html,input-prefix貨幣符號可能不符語言,$
ko,D:\xian-shang-you-wei\backend\frontend\tools\ko\dropship-margin.html,input-prefix貨幣符號可能不符語言,$
ko,D:\xian-shang-you-wei\backend\frontend\tools\ko\dropship-margin.html,input-prefix貨幣符號可能不符語言,$
ko,D:\xian-shang-you-wei\backend\frontend\tools\ko\drywall-calculator.html,後綴疑似未翻譯(純英文字母),ft
ko,D:\xian-shang-you-wei\backend\frontend\tools\ko\drywall-calculator.html,後綴疑似未翻譯(純英文字母),ft
ko,D:\xian-shang-you-wei\backend\frontend\tools\ko\drywall-calculator.html,後綴疑似未翻譯(純英文字母),ft
ko,D:\xian-shang-you-wei\backend\frontend\tools\ko\drywall-calculator.html,後綴疑似未翻譯(純英文字母),ft
ko,D:\xian-shang-you-wei\backend\frontend\tools\ko\ebitda-valuation.html,input-prefix貨幣符號可能不符語言,$
ko,D:\xian-shang-you-wei\backend\frontend\tools\ko\electricity-cost.html,後綴疑似未翻譯(純英文字母),kWh
ko,D:\xian-shang-you-wei\backend\frontend\tools\ko\engine-horsepower.html,後綴疑似未翻譯(純英文字母),HP
ko,D:\xian-shang-you-wei\backend\frontend\tools\ko\engine-horsepower.html,後綴疑似未翻譯(純英文字母),kW
ko,D:\xian-shang-you-wei\backend\frontend\tools\ko\engine-horsepower.html,後綴疑似未翻譯(純英文字母),PS
ko,D:\xian-shang-you-wei\backend\frontend\tools\ko\ev-charging-cost.html,input-prefix貨幣符號可能不符語言,$
ko,D:\xian-shang-you-wei\backend\frontend\tools\ko\ev-range.html,後綴疑似未翻譯(純英文字母),kWh
ko,D:\xian-shang-you-wei\backend\frontend\tools\ko\ev-vs-gas.html,input-prefix貨幣符號可能不符語言,$
ko,D:\xian-shang-you-wei\backend\frontend\tools\ko\ev-vs-gas.html,input-prefix貨幣符號可能不符語言,$
ko,D:\xian-shang-you-wei\backend\frontend\tools\ko\ev-vs-gas.html,input-prefix貨幣符號可能不符語言,$
ko,D:\xian-shang-you-wei\backend\frontend\tools\ko\ev-vs-gas.html,input-prefix貨幣符號可能不符語言,$
ko,D:\xian-shang-you-wei\backend\frontend\tools\ko\ev-vs-gas.html,input-prefix貨幣符號可能不符語言,$
ko,D:\xian-shang-you-wei\backend\frontend\tools\ko\ev-vs-gas.html,input-prefix貨幣符號可能不符語言,$
ko,D:\xian-shang-you-wei\backend\frontend\tools\ko\ev-vs-gas.html,input-prefix貨幣符號可能不符語言,$
ko,D:\xian-shang-you-wei\backend\frontend\tools\ko\ev-vs-gas.html,input-prefix貨幣符號可能不符語言,$
ko,D:\xian-shang-you-wei\backend\frontend\tools\ko\ev-vs-gas.html,input-prefix貨幣符號可能不符語言,$
ko,D:\xian-shang-you-wei\backend\frontend\tools\ko\ev-vs-gas.html,input-prefix貨幣符號可能不符語言,$
ko,D:\xian-shang-you-wei\backend\frontend\tools\ko\ev-vs-gas.html,input-prefix貨幣符號可能不符語言,$
ko,D:\xian-shang-you-wei\backend\frontend\tools\ko\ev-vs-gas.html,後綴疑似未翻譯(純英文字母),mpg
ko,D:\xian-shang-you-wei\backend\frontend\tools\ko\fabric-shrinkage.html,後綴疑似未翻譯(純英文字母),cm
ko,D:\xian-shang-you-wei\backend\frontend\tools\ko\fibonacci-retracement.html,input-prefix貨幣符號可能不符語言,$
ko,D:\xian-shang-you-wei\backend\frontend\tools\ko\fibonacci-retracement.html,input-prefix貨幣符號可能不符語言,$
ko,D:\xian-shang-you-wei\backend\frontend\tools\ko\forex-profit.html,input-prefix貨幣符號可能不符語言,$
ko,D:\xian-shang-you-wei\backend\frontend\tools\ko\fsa-savings-calc.html,input-prefix貨幣符號可能不符語言,$
ko,D:\xian-shang-you-wei\backend\frontend\tools\ko\fuel-cost.html,input-prefix貨幣符號可能不符語言,$
ko,D:\xian-shang-you-wei\backend\frontend\tools\ko\fuel-cost.html,後綴疑似未翻譯(純英文字母),MPG
ko,D:\xian-shang-you-wei\backend\frontend\tools\ko\fuel-efficiency.html,後綴疑似未翻譯(純英文字母),MPG
ko,D:\xian-shang-you-wei\backend\frontend\tools\ko\gas-bill.html,後綴疑似未翻譯(純英文字母),kWh
ko,D:\xian-shang-you-wei\backend\frontend\tools\ko\gdpr-fine.html,input-prefix貨幣符號可能不符語言,€
ko,D:\xian-shang-you-wei\backend\frontend\tools\ko\generator-size.html,後綴疑似未翻譯(純英文字母),W
ko,D:\xian-shang-you-wei\backend\frontend\tools\ko\generator-size.html,後綴疑似未翻譯(純英文字母),W
ko,D:\xian-shang-you-wei\backend\frontend\tools\ko\health-insurance-estimate.html,input-prefix貨幣符號可能不符語言,$
ko,D:\xian-shang-you-wei\backend\frontend\tools\ko\health-insurance-estimate.html,input-prefix貨幣符號可能不符語言,$
ko,D:\xian-shang-you-wei\backend\frontend\tools\ko\home-energy-audit.html,後綴疑似未翻譯(純英文字母),W
ko,D:\xian-shang-you-wei\backend\frontend\tools\ko\home-energy-audit.html,後綴疑似未翻譯(純英文字母),W
ko,D:\xian-shang-you-wei\backend\frontend\tools\ko\home-energy-audit.html,後綴疑似未翻譯(純英文字母),W
ko,D:\xian-shang-you-wei\backend\frontend\tools\ko\home-energy-audit.html,後綴疑似未翻譯(純英文字母),W
ko,D:\xian-shang-you-wei\backend\frontend\tools\ko\home-energy-audit.html,後綴疑似未翻譯(純英文字母),W
ko,D:\xian-shang-you-wei\backend\frontend\tools\ko\home-energy-audit.html,後綴疑似未翻譯(純英文字母),W
ko,D:\xian-shang-you-wei\backend\frontend\tools\ko\home-energy-audit.html,後綴疑似未翻譯(純英文字母),W
ko,D:\xian-shang-you-wei\backend\frontend\tools\ko\home-energy-audit.html,後綴疑似未翻譯(純英文字母),W
ko,D:\xian-shang-you-wei\backend\frontend\tools\ko\home-energy-audit.html,後綴疑似未翻譯(純英文字母),W
ko,D:\xian-shang-you-wei\backend\frontend\tools\ko\home-energy-audit.html,後綴疑似未翻譯(純英文字母),W
ko,D:\xian-shang-you-wei\backend\frontend\tools\ko\home-mortgage.html,input-prefix貨幣符號可能不符語言,$
ko,D:\xian-shang-you-wei\backend\frontend\tools\ko\home-mortgage.html,input-prefix貨幣符號可能不符語言,$
ko,D:\xian-shang-you-wei\backend\frontend\tools\ko\home-mortgage.html,input-prefix貨幣符號可能不符語言,$
ko,D:\xian-shang-you-wei\backend\frontend\tools\ko\home-mortgage.html,input-prefix貨幣符號可能不符語言,$
ko,D:\xian-shang-you-wei\backend\frontend\tools\ko\home-mortgage.html,input-prefix貨幣符號可能不符語言,$
ko,D:\xian-shang-you-wei\backend\frontend\tools\ko\hsa-contribution-calc.html,input-prefix貨幣符號可能不符語言,$
ko,D:\xian-shang-you-wei\backend\frontend\tools\ko\hsa-contribution-calc.html,input-prefix貨幣符號可能不符語言,$
ko,D:\xian-shang-you-wei\backend\frontend\tools\ko\ideal-weight.html,後綴疑似未翻譯(純英文字母),ft
ko,D:\xian-shang-you-wei\backend\frontend\tools\ko\ideal-weight.html,後綴疑似未翻譯(純英文字母),in
ko,D:\xian-shang-you-wei\backend\frontend\tools\ko\income-tax.html,input-prefix貨幣符號可能不符語言,$
ko,D:\xian-shang-you-wei\backend\frontend\tools\ko\income-tax.html,input-prefix貨幣符號可能不符語言,$
ko,D:\xian-shang-you-wei\backend\frontend\tools\ko\income-tax.html,input-prefix貨幣符號可能不符語言,$
ko,D:\xian-shang-you-wei\backend\frontend\tools\ko\insulation-calculator.html,input-prefix貨幣符號可能不符語言,$
ko,D:\xian-shang-you-wei\backend\frontend\tools\ko\intrinsic-value.html,input-prefix貨幣符號可能不符語言,$
ko,D:\xian-shang-you-wei\backend\frontend\tools\ko\landed-cost.html,input-prefix貨幣符號可能不符語言,$
ko,D:\xian-shang-you-wei\backend\frontend\tools\ko\landed-cost.html,input-prefix貨幣符號可能不符語言,$
ko,D:\xian-shang-you-wei\backend\frontend\tools\ko\landed-cost.html,input-prefix貨幣符號可能不符語言,$
ko,D:\xian-shang-you-wei\backend\frontend\tools\ko\landed-cost.html,input-prefix貨幣符號可能不符語言,$
ko,D:\xian-shang-you-wei\backend\frontend\tools\ko\landed-cost.html,input-prefix貨幣符號可能不符語言,$
ko,D:\xian-shang-you-wei\backend\frontend\tools\ko\landed-cost.html,後綴疑似未翻譯(純英文字母),USD
ko,D:\xian-shang-you-wei\backend\frontend\tools\ko\landed-cost.html,後綴疑似未翻譯(純英文字母),USD
ko,D:\xian-shang-you-wei\backend\frontend\tools\ko\landed-cost.html,後綴疑似未翻譯(純英文字母),USD
ko,D:\xian-shang-you-wei\backend\frontend\tools\ko\landed-cost.html,後綴疑似未翻譯(純英文字母),USD
ko,D:\xian-shang-you-wei\backend\frontend\tools\ko\landed-cost.html,後綴疑似未翻譯(純英文字母),USD
ko,D:\xian-shang-you-wei\backend\frontend\tools\ko\lean-body-mass.html,後綴疑似未翻譯(純英文字母),kg
ko,D:\xian-shang-you-wei\backend\frontend\tools\ko\led-savings.html,後綴疑似未翻譯(純英文字母),W
ko,D:\xian-shang-you-wei\backend\frontend\tools\ko\led-savings.html,後綴疑似未翻譯(純英文字母),W
ko,D:\xian-shang-you-wei\backend\frontend\tools\ko\long-term-care.html,input-prefix貨幣符號可能不符語言,$
ko,D:\xian-shang-you-wei\backend\frontend\tools\ko\macd-calculator.html,input-prefix貨幣符號可能不符語言,$
ko,D:\xian-shang-you-wei\backend\frontend\tools\ko\macd-calculator.html,input-prefix貨幣符號可能不符語言,$
ko,D:\xian-shang-you-wei\backend\frontend\tools\ko\macro-calculator.html,後綴疑似未翻譯(純英文字母),kcal
ko,D:\xian-shang-you-wei\backend\frontend\tools\ko\margin-calculator.html,input-prefix貨幣符號可能不符語言,$
ko,D:\xian-shang-you-wei\backend\frontend\tools\ko\margin-calculator.html,後綴疑似未翻譯(純英文字母),units
ko,D:\xian-shang-you-wei\backend\frontend\tools\ko\meat-cooking-time.html,後綴疑似未翻譯(純英文字母),kg
ko,D:\xian-shang-you-wei\backend\frontend\tools\ko\medical-tourism-saving.html,input-prefix貨幣符號可能不符語言,$
ko,D:\xian-shang-you-wei\backend\frontend\tools\ko\medical-tourism-saving.html,input-prefix貨幣符號可能不符語言,$
ko,D:\xian-shang-you-wei\backend\frontend\tools\ko\medical-tourism-saving.html,input-prefix貨幣符號可能不符語言,$
ko,D:\xian-shang-you-wei\backend\frontend\tools\ko\mortgage-refinance.html,input-prefix貨幣符號可能不符語言,$
ko,D:\xian-shang-you-wei\backend\frontend\tools\ko\mortgage-refinance.html,input-prefix貨幣符號可能不符語言,$
ko,D:\xian-shang-you-wei\backend\frontend\tools\ko\mrr-calculator.html,input-prefix貨幣符號可能不符語言,$
ko,D:\xian-shang-you-wei\backend\frontend\tools\ko\nursing-home-cost.html,input-prefix貨幣符號可能不符語言,$
ko,D:\xian-shang-you-wei\backend\frontend\tools\ko\nursing-home-cost.html,input-prefix貨幣符號可能不符語言,$
ko,D:\xian-shang-you-wei\backend\frontend\tools\ko\nursing-home-cost.html,input-prefix貨幣符號可能不符語言,$
ko,D:\xian-shang-you-wei\backend\frontend\tools\ko\nursing-home-cost.html,後綴疑似未翻譯(純英文字母),USD
ko,D:\xian-shang-you-wei\backend\frontend\tools\ko\nursing-home-cost.html,後綴疑似未翻譯(純英文字母),USD
ko,D:\xian-shang-you-wei\backend\frontend\tools\ko\nursing-home-cost.html,後綴疑似未翻譯(純英文字母),USD
ko,D:\xian-shang-you-wei\backend\frontend\tools\ko\ohms-law.html,後綴疑似未翻譯(純英文字母),V
ko,D:\xian-shang-you-wei\backend\frontend\tools\ko\ohms-law.html,後綴疑似未翻譯(純英文字母),A
ko,D:\xian-shang-you-wei\backend\frontend\tools\ko\ohms-law.html,後綴疑似未翻譯(純英文字母),W
ko,D:\xian-shang-you-wei\backend\frontend\tools\ko\one-rep-max.html,後綴疑似未翻譯(純英文字母),kg
ko,D:\xian-shang-you-wei\backend\frontend\tools\ko\oop-maximum-calc.html,input-prefix貨幣符號可能不符語言,$
ko,D:\xian-shang-you-wei\backend\frontend\tools\ko\oop-maximum-calc.html,input-prefix貨幣符號可能不符語言,$
ko,D:\xian-shang-you-wei\backend\frontend\tools\ko\paper-weight.html,後綴疑似未翻譯(純英文字母),lbs
ko,D:\xian-shang-you-wei\backend\frontend\tools\ko\patent-cost.html,後綴疑似未翻譯(純英文字母),KRW
ko,D:\xian-shang-you-wei\backend\frontend\tools\ko\patent-cost.html,後綴疑似未翻譯(純英文字母),KRW
ko,D:\xian-shang-you-wei\backend\frontend\tools\ko\patent-cost.html,後綴疑似未翻譯(純英文字母),KRW
ko,D:\xian-shang-you-wei\backend\frontend\tools\ko\patent-cost.html,後綴疑似未翻譯(純英文字母),KRW
ko,D:\xian-shang-you-wei\backend\frontend\tools\ko\patent-cost.html,後綴疑似未翻譯(純英文字母),KRW
ko,D:\xian-shang-you-wei\backend\frontend\tools\ko\patent-cost.html,後綴疑似未翻譯(純英文字母),KRW
ko,D:\xian-shang-you-wei\backend\frontend\tools\ko\payday-loan-cost.html,input-prefix貨幣符號可能不符語言,$
ko,D:\xian-shang-you-wei\backend\frontend\tools\ko\payday-loan-cost.html,input-prefix貨幣符號可能不符語言,$
ko,D:\xian-shang-you-wei\backend\frontend\tools\ko\payday-loan-cost.html,後綴疑似未翻譯(純英文字母),days
ko,D:\xian-shang-you-wei\backend\frontend\tools\ko\payroll-tax.html,input-prefix貨幣符號可能不符語言,£
ko,D:\xian-shang-you-wei\backend\frontend\tools\ko\pb-ratio.html,input-prefix貨幣符號可能不符語言,$
ko,D:\xian-shang-you-wei\backend\frontend\tools\ko\pb-ratio.html,input-prefix貨幣符號可能不符語言,$
ko,D:\xian-shang-you-wei\backend\frontend\tools\ko\pipe-weight.html,後綴疑似未翻譯(純英文字母),mm
ko,D:\xian-shang-you-wei\backend\frontend\tools\ko\pipe-weight.html,後綴疑似未翻譯(純英文字母),mm
ko,D:\xian-shang-you-wei\backend\frontend\tools\ko\pipe-weight.html,後綴疑似未翻譯(純英文字母),m
ko,D:\xian-shang-you-wei\backend\frontend\tools\ko\pivot-point.html,input-prefix貨幣符號可能不符語言,$
ko,D:\xian-shang-you-wei\backend\frontend\tools\ko\pivot-point.html,input-prefix貨幣符號可能不符語言,$
ko,D:\xian-shang-you-wei\backend\frontend\tools\ko\pivot-point.html,input-prefix貨幣符號可能不符語言,$
ko,D:\xian-shang-you-wei\backend\frontend\tools\ko\position-size.html,input-prefix貨幣符號可能不符語言,$
ko,D:\xian-shang-you-wei\backend\frontend\tools\ko\position-size.html,input-prefix貨幣符號可能不符語言,$
ko,D:\xian-shang-you-wei\backend\frontend\tools\ko\position-size.html,input-prefix貨幣符號可能不符語言,$
ko,D:\xian-shang-you-wei\backend\frontend\tools\ko\premium-vs-hdhp.html,input-prefix貨幣符號可能不符語言,$
ko,D:\xian-shang-you-wei\backend\frontend\tools\ko\premium-vs-hdhp.html,input-prefix貨幣符號可能不符語言,$
ko,D:\xian-shang-you-wei\backend\frontend\tools\ko\premium-vs-hdhp.html,input-prefix貨幣符號可能不符語言,$
ko,D:\xian-shang-you-wei\backend\frontend\tools\ko\premium-vs-hdhp.html,input-prefix貨幣符號可能不符語言,$
ko,D:\xian-shang-you-wei\backend\frontend\tools\ko\premium-vs-hdhp.html,input-prefix貨幣符號可能不符語言,$
ko,D:\xian-shang-you-wei\backend\frontend\tools\ko\premium-vs-hdhp.html,input-prefix貨幣符號可能不符語言,$
ko,D:\xian-shang-you-wei\backend\frontend\tools\ko\premium-vs-hdhp.html,input-prefix貨幣符號可能不符語言,$
ko,D:\xian-shang-you-wei\backend\frontend\tools\ko\premium-vs-hdhp.html,input-prefix貨幣符號可能不符語言,$
ko,D:\xian-shang-you-wei\backend\frontend\tools\ko\premium-vs-hdhp.html,input-prefix貨幣符號可能不符語言,$
ko,D:\xian-shang-you-wei\backend\frontend\tools\ko\protein-calculator.html,後綴疑似未翻譯(純英文字母),kg
ko,D:\xian-shang-you-wei\backend\frontend\tools\ko\reading-time.html,後綴疑似未翻譯(純英文字母),WPM
ko,D:\xian-shang-you-wei\backend\frontend\tools\ko\rebar-calculator.html,後綴疑似未翻譯(純英文字母),mm
ko,D:\xian-shang-you-wei\backend\frontend\tools\ko\refinance-break-even.html,input-prefix貨幣符號可能不符語言,$
ko,D:\xian-shang-you-wei\backend\frontend\tools\ko\refinance-break-even.html,input-prefix貨幣符號可能不符語言,$
ko,D:\xian-shang-you-wei\backend\frontend\tools\ko\renovation-cost.html,input-prefix貨幣符號可能不符語言,$
ko,D:\xian-shang-you-wei\backend\frontend\tools\ko\rental-income-tax.html,input-prefix貨幣符號可能不符語言,$
ko,D:\xian-shang-you-wei\backend\frontend\tools\ko\rental-income-tax.html,input-prefix貨幣符號可能不符語言,$
ko,D:\xian-shang-you-wei\backend\frontend\tools\ko\rental-income-tax.html,input-prefix貨幣符號可能不符語言,$
ko,D:\xian-shang-you-wei\backend\frontend\tools\ko\rental-income-tax.html,input-prefix貨幣符號可能不符語言,$
ko,D:\xian-shang-you-wei\backend\frontend\tools\ko\rental-income-tax.html,input-prefix貨幣符號可能不符語言,$
ko,D:\xian-shang-you-wei\backend\frontend\tools\ko\rental-income-tax.html,input-prefix貨幣符號可能不符語言,$
ko,D:\xian-shang-you-wei\backend\frontend\tools\ko\rental-income-tax.html,input-prefix貨幣符號可能不符語言,$
ko,D:\xian-shang-you-wei\backend\frontend\tools\ko\rental-income-tax.html,input-prefix貨幣符號可能不符語言,$
ko,D:\xian-shang-you-wei\backend\frontend\tools\ko\rental-income-tax.html,input-prefix貨幣符號可能不符語言,$
ko,D:\xian-shang-you-wei\backend\frontend\tools\ko\rental-income-tax.html,input-prefix貨幣符號可能不符語言,$
ko,D:\xian-shang-you-wei\backend\frontend\tools\ko\required-minimum-dist.html,input-prefix貨幣符號可能不符語言,$
ko,D:\xian-shang-you-wei\backend\frontend\tools\ko\ring-size-converter.html,後綴疑似未翻譯(純英文字母),mm
ko,D:\xian-shang-you-wei\backend\frontend\tools\ko\room-area.html,後綴疑似未翻譯(純英文字母),m
ko,D:\xian-shang-you-wei\backend\frontend\tools\ko\room-area.html,後綴疑似未翻譯(純英文字母),m
ko,D:\xian-shang-you-wei\backend\frontend\tools\ko\room-area.html,後綴疑似未翻譯(純英文字母),m
ko,D:\xian-shang-you-wei\backend\frontend\tools\ko\room-area.html,後綴疑似未翻譯(純英文字母),m
ko,D:\xian-shang-you-wei\backend\frontend\tools\ko\room-area.html,後綴疑似未翻譯(純英文字母),m
ko,D:\xian-shang-you-wei\backend\frontend\tools\ko\roth-vs-traditional.html,input-prefix貨幣符號可能不符語言,$
ko,D:\xian-shang-you-wei\backend\frontend\tools\ko\roth-vs-traditional.html,input-prefix貨幣符號可能不符語言,$
ko,D:\xian-shang-you-wei\backend\frontend\tools\ko\roth-vs-traditional.html,input-prefix貨幣符號可能不符語言,$
ko,D:\xian-shang-you-wei\backend\frontend\tools\ko\sales-commission.html,input-prefix貨幣符號可能不符語言,$
ko,D:\xian-shang-you-wei\backend\frontend\tools\ko\sales-commission.html,input-prefix貨幣符號可能不符語言,$
ko,D:\xian-shang-you-wei\backend\frontend\tools\ko\sales-commission.html,input-prefix貨幣符號可能不符語言,$
ko,D:\xian-shang-you-wei\backend\frontend\tools\ko\serving-size.html,後綴疑似未翻譯(純英文字母),g
ko,D:\xian-shang-you-wei\backend\frontend\tools\ko\serving-size.html,後綴疑似未翻譯(純英文字母),g
ko,D:\xian-shang-you-wei\backend\frontend\tools\ko\serving-size.html,後綴疑似未翻譯(純英文字母),g
ko,D:\xian-shang-you-wei\backend\frontend\tools\ko\severance-calculator.html,input-prefix貨幣符號可能不符語言,NT$
ko,D:\xian-shang-you-wei\backend\frontend\tools\ko\severance-calculator.html,input-prefix貨幣符號可能不符語言,NT$
ko,D:\xian-shang-you-wei\backend\frontend\tools\ko\shipping-cost.html,後綴疑似未翻譯(純英文字母),kg
ko,D:\xian-shang-you-wei\backend\frontend\tools\ko\shipping-cost.html,後綴疑似未翻譯(純英文字母),cm
ko,D:\xian-shang-you-wei\backend\frontend\tools\ko\shipping-cost.html,後綴疑似未翻譯(純英文字母),cm
ko,D:\xian-shang-you-wei\backend\frontend\tools\ko\shipping-cost.html,後綴疑似未翻譯(純英文字母),cm
ko,D:\xian-shang-you-wei\backend\frontend\tools\ko\shoe-size-converter.html,後綴疑似未翻譯(純英文字母),cm
ko,D:\xian-shang-you-wei\backend\frontend\tools\ko\shopee-profit.html,input-prefix貨幣符號可能不符語言,$
ko,D:\xian-shang-you-wei\backend\frontend\tools\ko\shopee-profit.html,input-prefix貨幣符號可能不符語言,$
ko,D:\xian-shang-you-wei\backend\frontend\tools\ko\shopee-profit.html,input-prefix貨幣符號可能不符語言,$
ko,D:\xian-shang-you-wei\backend\frontend\tools\ko\sodium-calculator.html,後綴疑似未翻譯(純英文字母),mg
ko,D:\xian-shang-you-wei\backend\frontend\tools\ko\sodium-calculator.html,後綴疑似未翻譯(純英文字母),mg
ko,D:\xian-shang-you-wei\backend\frontend\tools\ko\sodium-calculator.html,後綴疑似未翻譯(純英文字母),mg
ko,D:\xian-shang-you-wei\backend\frontend\tools\ko\sodium-calculator.html,後綴疑似未翻譯(純英文字母),mg
ko,D:\xian-shang-you-wei\backend\frontend\tools\ko\sodium-calculator.html,後綴疑似未翻譯(純英文字母),mg
ko,D:\xian-shang-you-wei\backend\frontend\tools\ko\solar-panel-count.html,後綴疑似未翻譯(純英文字母),kWh
ko,D:\xian-shang-you-wei\backend\frontend\tools\ko\solar-panel-count.html,後綴疑似未翻譯(純英文字母),W
ko,D:\xian-shang-you-wei\backend\frontend\tools\ko\sourdough-calculator.html,後綴疑似未翻譯(純英文字母),g
ko,D:\xian-shang-you-wei\backend\frontend\tools\ko\sourdough-calculator.html,後綴疑似未翻譯(純英文字母),g
ko,D:\xian-shang-you-wei\backend\frontend\tools\ko\sourdough-calculator.html,後綴疑似未翻譯(純英文字母),g
ko,D:\xian-shang-you-wei\backend\frontend\tools\ko\sourdough-calculator.html,後綴疑似未翻譯(純英文字母),g
ko,D:\xian-shang-you-wei\backend\frontend\tools\ko\speed-distance-time.html,後綴疑似未翻譯(純英文字母),km
ko,D:\xian-shang-you-wei\backend\frontend\tools\ko\staircase-calculator.html,後綴疑似未翻譯(純英文字母),mm
ko,D:\xian-shang-you-wei\backend\frontend\tools\ko\staircase-calculator.html,後綴疑似未翻譯(純英文字母),mm
ko,D:\xian-shang-you-wei\backend\frontend\tools\ko\staircase-calculator.html,後綴疑似未翻譯(純英文字母),mm
ko,D:\xian-shang-you-wei\backend\frontend\tools\ko\stamp-duty.html,input-prefix貨幣符號可能不符語言,£
ko,D:\xian-shang-you-wei\backend\frontend\tools\ko\startup-valuation.html,後綴疑似未翻譯(純英文字母),x
ko,D:\xian-shang-you-wei\backend\frontend\tools\ko\stock-gain-loss.html,input-prefix貨幣符號可能不符語言,$
ko,D:\xian-shang-you-wei\backend\frontend\tools\ko\stock-gain-loss.html,input-prefix貨幣符號可能不符語言,$
ko,D:\xian-shang-you-wei\backend\frontend\tools\ko\stock-gain-loss.html,input-prefix貨幣符號可能不符語言,$
ko,D:\xian-shang-you-wei\backend\frontend\tools\ko\student-loan-refi.html,input-prefix貨幣符號可能不符語言,$
ko,D:\xian-shang-you-wei\backend\frontend\tools\ko\student-loan-refi.html,input-prefix貨幣符號可能不符語言,$
ko,D:\xian-shang-you-wei\backend\frontend\tools\ko\support-resistance.html,input-prefix貨幣符號可能不符語言,$
ko,D:\xian-shang-you-wei\backend\frontend\tools\ko\support-resistance.html,input-prefix貨幣符號可能不符語言,$
ko,D:\xian-shang-you-wei\backend\frontend\tools\ko\support-resistance.html,input-prefix貨幣符號可能不符語言,$
ko,D:\xian-shang-you-wei\backend\frontend\tools\ko\surgery-cost-estimator.html,input-prefix貨幣符號可能不符語言,$
ko,D:\xian-shang-you-wei\backend\frontend\tools\ko\take-home-pay.html,input-prefix貨幣符號可能不符語言,£
ko,D:\xian-shang-you-wei\backend\frontend\tools\ko\take-home-pay.html,input-prefix貨幣符號可能不符語言,£
ko,D:\xian-shang-you-wei\backend\frontend\tools\ko\tdee-calculator.html,後綴疑似未翻譯(純英文字母),cm
ko,D:\xian-shang-you-wei\backend\frontend\tools\ko\tdee-calculator.html,後綴疑似未翻譯(純英文字母),kg
ko,D:\xian-shang-you-wei\backend\frontend\tools\ko\temperature-converter.html,後綴疑似未翻譯(純英文字母),K
ko,D:\xian-shang-you-wei\backend\frontend\tools\ko\tip-calculator.html,input-prefix貨幣符號可能不符語言,$
ko,D:\xian-shang-you-wei\backend\frontend\tools\ko\tire-size.html,後綴疑似未翻譯(純英文字母),mm
ko,D:\xian-shang-you-wei\backend\frontend\tools\ko\tire-size.html,後綴疑似未翻譯(純英文字母),in
ko,D:\xian-shang-you-wei\backend\frontend\tools\ko\trademark-fee.html,input-prefix貨幣符號可能不符語言,$
ko,D:\xian-shang-you-wei\backend\frontend\tools\ko\trademark-fee.html,input-prefix貨幣符號可能不符語言,$
ko,D:\xian-shang-you-wei\backend\frontend\tools\ko\trading-fee.html,input-prefix貨幣符號可能不符語言,$
ko,D:\xian-shang-you-wei\backend\frontend\tools\ko\travel-insurance-calc.html,後綴疑似未翻譯(純英文字母),GBP
ko,D:\xian-shang-you-wei\backend\frontend\tools\ko\trip-fuel.html,input-prefix貨幣符號可能不符語言,$
ko,D:\xian-shang-you-wei\backend\frontend\tools\ko\trip-fuel.html,後綴疑似未翻譯(純英文字母),MPG
ko,D:\xian-shang-you-wei\backend\frontend\tools\ko\waist-hip-ratio.html,後綴疑似未翻譯(純英文字母),cm
ko,D:\xian-shang-you-wei\backend\frontend\tools\ko\waist-hip-ratio.html,後綴疑似未翻譯(純英文字母),cm
ko,D:\xian-shang-you-wei\backend\frontend\tools\ko\water-intake.html,後綴疑似未翻譯(純英文字母),kg
ko,D:\xian-shang-you-wei\backend\frontend\tools\ko\water-intake.html,後綴疑似未翻譯(純英文字母),L
ko,D:\xian-shang-you-wei\backend\frontend\tools\ko\window-size.html,後綴疑似未翻譯(純英文字母),mm
ko,D:\xian-shang-you-wei\backend\frontend\tools\ko\window-size.html,後綴疑似未翻譯(純英文字母),mm
ko,D:\xian-shang-you-wei\backend\frontend\tools\ko\window-size.html,後綴疑似未翻譯(純英文字母),mm
ko,D:\xian-shang-you-wei\backend\frontend\tools\ko\window-size.html,後綴疑似未翻譯(純英文字母),mm
ko,D:\xian-shang-you-wei\backend\frontend\tools\ko\wire-gauge.html,後綴疑似未翻譯(純英文字母),AWG
ko,D:\xian-shang-you-wei\backend\frontend\tools\ko\wire-gauge.html,後綴疑似未翻譯(純英文字母),SWG
ko,D:\xian-shang-you-wei\backend\frontend\tools\ko\withdrawal-rate.html,input-prefix貨幣符號可能不符語言,$
ko,D:\xian-shang-you-wei\backend\frontend\tools\ko\yarn-weight.html,後綴疑似未翻譯(純英文字母),Nm
ko,D:\xian-shang-you-wei\backend\frontend\tools\ko\yarn-weight.html,後綴疑似未翻譯(純英文字母),Tex
ko,D:\xian-shang-you-wei\backend\frontend\tools\ko\yarn-weight.html,後綴疑似未翻譯(純英文字母),D
ko,D:\xian-shang-you-wei\backend\frontend\tools\ko\yarn-weight.html,後綴疑似未翻譯(純英文字母),Ne
ko,D:\xian-shang-you-wei\backend\frontend\tools\ko\youtube-revenue.html,input-prefix貨幣符號可能不符語言,$
id,D:\xian-shang-you-wei\backend\frontend\tools\id\401k-contribution.html,input-prefix貨幣符號可能不符語言,$
id,D:\xian-shang-you-wei\backend\frontend\tools\id\401k-contribution.html,input-prefix貨幣符號可能不符語言,$
id,D:\xian-shang-you-wei\backend\frontend\tools\id\alimony-calculator.html,input-prefix貨幣符號可能不符語言,$
id,D:\xian-shang-you-wei\backend\frontend\tools\id\alimony-calculator.html,input-prefix貨幣符號可能不符語言,$
id,D:\xian-shang-you-wei\backend\frontend\tools\id\annual-leave.html,input-prefix貨幣符號可能不符語言,$
id,D:\xian-shang-you-wei\backend\frontend\tools\id\atr-calculator.html,input-prefix貨幣符號可能不符語言,$
id,D:\xian-shang-you-wei\backend\frontend\tools\id\atr-calculator.html,input-prefix貨幣符號可能不符語言,$
id,D:\xian-shang-you-wei\backend\frontend\tools\id\atr-calculator.html,input-prefix貨幣符號可能不符語言,$
id,D:\xian-shang-you-wei\backend\frontend\tools\id\average-down.html,input-prefix貨幣符號可能不符語言,$
id,D:\xian-shang-you-wei\backend\frontend\tools\id\average-down.html,input-prefix貨幣符號可能不符語言,$
id,D:\xian-shang-you-wei\backend\frontend\tools\id\average-down.html,input-prefix貨幣符號可能不符語言,$
id,D:\xian-shang-you-wei\backend\frontend\tools\id\bollinger-bands.html,input-prefix貨幣符號可能不符語言,$
id,D:\xian-shang-you-wei\backend\frontend\tools\id\bond-yield.html,輸入標籤疑似未翻譯(常見英文字),Nilai Nominal (Par Value)
id,D:\xian-shang-you-wei\backend\frontend\tools\id\bonus-tax.html,input-prefix貨幣符號可能不符語言,£
id,D:\xian-shang-you-wei\backend\frontend\tools\id\candlestick-identifier.html,input-prefix貨幣符號可能不符語言,$
id,D:\xian-shang-you-wei\backend\frontend\tools\id\candlestick-identifier.html,input-prefix貨幣符號可能不符語言,$
id,D:\xian-shang-you-wei\backend\frontend\tools\id\candlestick-identifier.html,input-prefix貨幣符號可能不符語言,$
id,D:\xian-shang-you-wei\backend\frontend\tools\id\candlestick-identifier.html,input-prefix貨幣符號可能不符語言,$
id,D:\xian-shang-you-wei\backend\frontend\tools\id\candlestick-identifier.html,input-prefix貨幣符號可能不符語言,$
id,D:\xian-shang-you-wei\backend\frontend\tools\id\cap-rate.html,input-prefix貨幣符號可能不符語言,$
id,D:\xian-shang-you-wei\backend\frontend\tools\id\cap-rate.html,input-prefix貨幣符號可能不符語言,$
id,D:\xian-shang-you-wei\backend\frontend\tools\id\capital-gains-tax.html,input-prefix貨幣符號可能不符語言,$
id,D:\xian-shang-you-wei\backend\frontend\tools\id\capital-gains-tax.html,input-prefix貨幣符號可能不符語言,$
id,D:\xian-shang-you-wei\backend\frontend\tools\id\capital-gains-tax.html,input-prefix貨幣符號可能不符語言,$
id,D:\xian-shang-you-wei\backend\frontend\tools\id\catch-up-contribution.html,input-prefix貨幣符號可能不符語言,$
id,D:\xian-shang-you-wei\backend\frontend\tools\id\catch-up-contribution.html,input-prefix貨幣符號可能不符語言,$
id,D:\xian-shang-you-wei\backend\frontend\tools\id\catch-up-contribution.html,input-prefix貨幣符號可能不符語言,$
id,D:\xian-shang-you-wei\backend\frontend\tools\id\catch-up-contribution.html,input-prefix貨幣符號可能不符語言,$
id,D:\xian-shang-you-wei\backend\frontend\tools\id\child-support.html,input-prefix貨幣符號可能不符語言,$
id,D:\xian-shang-you-wei\backend\frontend\tools\id\child-support.html,input-prefix貨幣符號可能不符語言,$
id,D:\xian-shang-you-wei\backend\frontend\tools\id\child-support.html,input-prefix貨幣符號可能不符語言,$
id,D:\xian-shang-you-wei\backend\frontend\tools\id\child-support.html,input-prefix貨幣符號可能不符語言,$
id,D:\xian-shang-you-wei\backend\frontend\tools\id\coffee-ratio.html,input-prefix貨幣符號可能不符語言,1:
id,D:\xian-shang-you-wei\backend\frontend\tools\id\customs-duty.html,input-prefix貨幣符號可能不符語言,$
id,D:\xian-shang-you-wei\backend\frontend\tools\id\dca-calculator.html,input-prefix貨幣符號可能不符語言,$
id,D:\xian-shang-you-wei\backend\frontend\tools\id\dividend-yield.html,input-prefix貨幣符號可能不符語言,$
id,D:\xian-shang-you-wei\backend\frontend\tools\id\dividend-yield.html,input-prefix貨幣符號可能不符語言,$
id,D:\xian-shang-you-wei\backend\frontend\tools\id\email-roi.html,input-prefix貨幣符號可能不符語言,$
id,D:\xian-shang-you-wei\backend\frontend\tools\id\email-roi.html,input-prefix貨幣符號可能不符語言,$
id,D:\xian-shang-you-wei\backend\frontend\tools\id\ev-vs-gas.html,input-prefix貨幣符號可能不符語言,$
id,D:\xian-shang-you-wei\backend\frontend\tools\id\ev-vs-gas.html,input-prefix貨幣符號可能不符語言,$
id,D:\xian-shang-you-wei\backend\frontend\tools\id\fibonacci-retracement.html,input-prefix貨幣符號可能不符語言,$
id,D:\xian-shang-you-wei\backend\frontend\tools\id\fibonacci-retracement.html,input-prefix貨幣符號可能不符語言,$
id,D:\xian-shang-you-wei\backend\frontend\tools\id\forex-profit.html,input-prefix貨幣符號可能不符語言,$
id,D:\xian-shang-you-wei\backend\frontend\tools\id\franchise-roi.html,input-prefix貨幣符號可能不符語言,$
id,D:\xian-shang-you-wei\backend\frontend\tools\id\franchise-roi.html,input-prefix貨幣符號可能不符語言,$
id,D:\xian-shang-you-wei\backend\frontend\tools\id\franchise-roi.html,input-prefix貨幣符號可能不符語言,$
id,D:\xian-shang-you-wei\backend\frontend\tools\id\franchise-roi.html,input-prefix貨幣符號可能不符語言,$
id,D:\xian-shang-you-wei\backend\frontend\tools\id\franchise-roi.html,input-prefix貨幣符號可能不符語言,$
id,D:\xian-shang-you-wei\backend\frontend\tools\id\fsa-savings-calc.html,input-prefix貨幣符號可能不符語言,$
id,D:\xian-shang-you-wei\backend\frontend\tools\id\gdpr-fine.html,input-prefix貨幣符號可能不符語言,€
id,D:\xian-shang-you-wei\backend\frontend\tools\id\hsa-contribution-calc.html,input-prefix貨幣符號可能不符語言,$
id,D:\xian-shang-you-wei\backend\frontend\tools\id\hsa-contribution-calc.html,input-prefix貨幣符號可能不符語言,$
id,D:\xian-shang-you-wei\backend\frontend\tools\id\income-tax.html,input-prefix貨幣符號可能不符語言,$
id,D:\xian-shang-you-wei\backend\frontend\tools\id\income-tax.html,input-prefix貨幣符號可能不符語言,$
id,D:\xian-shang-you-wei\backend\frontend\tools\id\income-tax.html,input-prefix貨幣符號可能不符語言,$
id,D:\xian-shang-you-wei\backend\frontend\tools\id\inventory-turnover.html,input-prefix貨幣符號可能不符語言,$
id,D:\xian-shang-you-wei\backend\frontend\tools\id\inventory-turnover.html,input-prefix貨幣符號可能不符語言,$
id,D:\xian-shang-you-wei\backend\frontend\tools\id\inventory-turnover.html,input-prefix貨幣符號可能不符語言,$
id,D:\xian-shang-you-wei\backend\frontend\tools\id\ivf-cost-calculator.html,input-prefix貨幣符號可能不符語言,$
id,D:\xian-shang-you-wei\backend\frontend\tools\id\ivf-cost-calculator.html,input-prefix貨幣符號可能不符語言,$
id,D:\xian-shang-you-wei\backend\frontend\tools\id\landed-cost.html,input-prefix貨幣符號可能不符語言,$
id,D:\xian-shang-you-wei\backend\frontend\tools\id\landed-cost.html,input-prefix貨幣符號可能不符語言,$
id,D:\xian-shang-you-wei\backend\frontend\tools\id\landed-cost.html,input-prefix貨幣符號可能不符語言,$
id,D:\xian-shang-you-wei\backend\frontend\tools\id\landed-cost.html,input-prefix貨幣符號可能不符語言,$
id,D:\xian-shang-you-wei\backend\frontend\tools\id\landed-cost.html,input-prefix貨幣符號可能不符語言,$
id,D:\xian-shang-you-wei\backend\frontend\tools\id\lawyer-fee.html,input-prefix貨幣符號可能不符語言,$
id,D:\xian-shang-you-wei\backend\frontend\tools\id\loan-vs-lease.html,input-prefix貨幣符號可能不符語言,$
id,D:\xian-shang-you-wei\backend\frontend\tools\id\loan-vs-lease.html,input-prefix貨幣符號可能不符語言,$
id,D:\xian-shang-you-wei\backend\frontend\tools\id\loan-vs-lease.html,input-prefix貨幣符號可能不符語言,$
id,D:\xian-shang-you-wei\backend\frontend\tools\id\loan-vs-lease.html,input-prefix貨幣符號可能不符語言,$
id,D:\xian-shang-you-wei\backend\frontend\tools\id\loan-vs-lease.html,input-prefix貨幣符號可能不符語言,$
id,D:\xian-shang-you-wei\backend\frontend\tools\id\loan-vs-lease.html,input-prefix貨幣符號可能不符語言,$
id,D:\xian-shang-you-wei\backend\frontend\tools\id\loan-vs-lease.html,input-prefix貨幣符號可能不符語言,$
id,D:\xian-shang-you-wei\backend\frontend\tools\id\loan-vs-lease.html,input-prefix貨幣符號可能不符語言,$
id,D:\xian-shang-you-wei\backend\frontend\tools\id\loan-vs-lease.html,input-prefix貨幣符號可能不符語言,$
id,D:\xian-shang-you-wei\backend\frontend\tools\id\loan-vs-lease.html,input-prefix貨幣符號可能不符語言,$
id,D:\xian-shang-you-wei\backend\frontend\tools\id\loan-vs-lease.html,input-prefix貨幣符號可能不符語言,$
id,D:\xian-shang-you-wei\backend\frontend\tools\id\ltv-calculator.html,input-prefix貨幣符號可能不符語言,$
id,D:\xian-shang-you-wei\backend\frontend\tools\id\macd-calculator.html,input-prefix貨幣符號可能不符語言,$
id,D:\xian-shang-you-wei\backend\frontend\tools\id\macd-calculator.html,input-prefix貨幣符號可能不符語言,$
id,D:\xian-shang-you-wei\backend\frontend\tools\id\margin-calculator.html,input-prefix貨幣符號可能不符語言,$
id,D:\xian-shang-you-wei\backend\frontend\tools\id\medical-tourism-saving.html,input-prefix貨幣符號可能不符語言,$
id,D:\xian-shang-you-wei\backend\frontend\tools\id\medical-tourism-saving.html,input-prefix貨幣符號可能不符語言,$
id,D:\xian-shang-you-wei\backend\frontend\tools\id\medical-tourism-saving.html,input-prefix貨幣符號可能不符語言,$
id,D:\xian-shang-you-wei\backend\frontend\tools\id\net-profit-margin.html,input-prefix貨幣符號可能不符語言,$
id,D:\xian-shang-you-wei\backend\frontend\tools\id\net-profit-margin.html,input-prefix貨幣符號可能不符語言,$
id,D:\xian-shang-you-wei\backend\frontend\tools\id\options-profit.html,input-prefix貨幣符號可能不符語言,$
id,D:\xian-shang-you-wei\backend\frontend\tools\id\options-profit.html,input-prefix貨幣符號可能不符語言,$
id,D:\xian-shang-you-wei\backend\frontend\tools\id\options-profit.html,input-prefix貨幣符號可能不符語言,$
id,D:\xian-shang-you-wei\backend\frontend\tools\id\overtime-calculator.html,input-prefix貨幣符號可能不符語言,$
id,D:\xian-shang-you-wei\backend\frontend\tools\id\patent-cost.html,input-prefix貨幣符號可能不符語言,$
id,D:\xian-shang-you-wei\backend\frontend\tools\id\patent-cost.html,input-prefix貨幣符號可能不符語言,$
id,D:\xian-shang-you-wei\backend\frontend\tools\id\patent-cost.html,input-prefix貨幣符號可能不符語言,$
id,D:\xian-shang-you-wei\backend\frontend\tools\id\patent-cost.html,input-prefix貨幣符號可能不符語言,$
id,D:\xian-shang-you-wei\backend\frontend\tools\id\patent-cost.html,input-prefix貨幣符號可能不符語言,$
id,D:\xian-shang-you-wei\backend\frontend\tools\id\patent-cost.html,input-prefix貨幣符號可能不符語言,$
id,D:\xian-shang-you-wei\backend\frontend\tools\id\payroll-tax.html,input-prefix貨幣符號可能不符語言,£
id,D:\xian-shang-you-wei\backend\frontend\tools\id\pb-ratio.html,input-prefix貨幣符號可能不符語言,$
id,D:\xian-shang-you-wei\backend\frontend\tools\id\pb-ratio.html,input-prefix貨幣符號可能不符語言,$
id,D:\xian-shang-you-wei\backend\frontend\tools\id\position-size.html,input-prefix貨幣符號可能不符語言,$
id,D:\xian-shang-you-wei\backend\frontend\tools\id\position-size.html,input-prefix貨幣符號可能不符語言,$
id,D:\xian-shang-you-wei\backend\frontend\tools\id\position-size.html,input-prefix貨幣符號可能不符語言,$
id,D:\xian-shang-you-wei\backend\frontend\tools\id\required-minimum-dist.html,input-prefix貨幣符號可能不符語言,$
id,D:\xian-shang-you-wei\backend\frontend\tools\id\roas-calculator.html,input-prefix貨幣符號可能不符語言,$
id,D:\xian-shang-you-wei\backend\frontend\tools\id\roas-calculator.html,input-prefix貨幣符號可能不符語言,$
id,D:\xian-shang-you-wei\backend\frontend\tools\id\roth-vs-traditional.html,input-prefix貨幣符號可能不符語言,$
id,D:\xian-shang-you-wei\backend\frontend\tools\id\roth-vs-traditional.html,input-prefix貨幣符號可能不符語言,$
id,D:\xian-shang-you-wei\backend\frontend\tools\id\roth-vs-traditional.html,input-prefix貨幣符號可能不符語言,$
id,D:\xian-shang-you-wei\backend\frontend\tools\id\saas-ltv-cac.html,input-prefix貨幣符號可能不符語言,$
id,D:\xian-shang-you-wei\backend\frontend\tools\id\saas-ltv-cac.html,input-prefix貨幣符號可能不符語言,$
id,D:\xian-shang-you-wei\backend\frontend\tools\id\severance-calculator.html,input-prefix貨幣符號可能不符語言,NT$
id,D:\xian-shang-you-wei\backend\frontend\tools\id\severance-calculator.html,input-prefix貨幣符號可能不符語言,NT$
id,D:\xian-shang-you-wei\backend\frontend\tools\id\solar-roi.html,input-prefix貨幣符號可能不符語言,$
id,D:\xian-shang-you-wei\backend\frontend\tools\id\solar-roi.html,input-prefix貨幣符號可能不符語言,$
id,D:\xian-shang-you-wei\backend\frontend\tools\id\solar-roi.html,input-prefix貨幣符號可能不符語言,$
id,D:\xian-shang-you-wei\backend\frontend\tools\id\stamp-duty.html,input-prefix貨幣符號可能不符語言,£
id,D:\xian-shang-you-wei\backend\frontend\tools\id\support-resistance.html,input-prefix貨幣符號可能不符語言,$
id,D:\xian-shang-you-wei\backend\frontend\tools\id\support-resistance.html,input-prefix貨幣符號可能不符語言,$
id,D:\xian-shang-you-wei\backend\frontend\tools\id\support-resistance.html,input-prefix貨幣符號可能不符語言,$
id,D:\xian-shang-you-wei\backend\frontend\tools\id\surgery-cost-estimator.html,input-prefix貨幣符號可能不符語言,$
id,D:\xian-shang-you-wei\backend\frontend\tools\id\take-home-pay.html,input-prefix貨幣符號可能不符語言,£
id,D:\xian-shang-you-wei\backend\frontend\tools\id\take-home-pay.html,input-prefix貨幣符號可能不符語言,£
id,D:\xian-shang-you-wei\backend\frontend\tools\id\trademark-fee.html,input-prefix貨幣符號可能不符語言,$
id,D:\xian-shang-you-wei\backend\frontend\tools\id\trademark-fee.html,input-prefix貨幣符號可能不符語言,$
id,D:\xian-shang-you-wei\backend\frontend\tools\id\trading-fee.html,input-prefix貨幣符號可能不符語言,$
id,D:\xian-shang-you-wei\backend\frontend\tools\id\valuation-calculator.html,輸入標籤疑似未翻譯(常見英文字),Discount Rate (WACC)
id,D:\xian-shang-you-wei\backend\frontend\tools\id\youtube-revenue.html,input-prefix貨幣符號可能不符語言,$
zh-CN,D:\xian-shang-you-wei\backend\frontend\tools\zh-CN\401k-contribution.html,input-prefix貨幣符號可能不符語言,$
zh-CN,D:\xian-shang-you-wei\backend\frontend\tools\zh-CN\401k-contribution.html,input-prefix貨幣符號可能不符語言,$
zh-CN,D:\xian-shang-you-wei\backend\frontend\tools\zh-CN\alimony-calculator.html,input-prefix貨幣符號可能不符語言,$
zh-CN,D:\xian-shang-you-wei\backend\frontend\tools\zh-CN\alimony-calculator.html,input-prefix貨幣符號可能不符語言,$
zh-CN,D:\xian-shang-you-wei\backend\frontend\tools\zh-CN\annual-leave.html,input-prefix貨幣符號可能不符語言,￥
zh-CN,D:\xian-shang-you-wei\backend\frontend\tools\zh-CN\appliance-energy.html,後綴疑似未翻譯(純英文字母),W
zh-CN,D:\xian-shang-you-wei\backend\frontend\tools\zh-CN\average-down.html,input-prefix貨幣符號可能不符語言,$
zh-CN,D:\xian-shang-you-wei\backend\frontend\tools\zh-CN\average-down.html,後綴疑似未翻譯(純英文字母),shares
zh-CN,D:\xian-shang-you-wei\backend\frontend\tools\zh-CN\average-down.html,後綴疑似未翻譯(純英文字母),shares
zh-CN,D:\xian-shang-you-wei\backend\frontend\tools\zh-CN\battery-calculator.html,後綴疑似未翻譯(純英文字母),mAh
zh-CN,D:\xian-shang-you-wei\backend\frontend\tools\zh-CN\battery-calculator.html,後綴疑似未翻譯(純英文字母),mA
zh-CN,D:\xian-shang-you-wei\backend\frontend\tools\zh-CN\blood-pressure-chart.html,後綴疑似未翻譯(純英文字母),mmHg
zh-CN,D:\xian-shang-you-wei\backend\frontend\tools\zh-CN\blood-pressure-chart.html,後綴疑似未翻譯(純英文字母),mmHg
zh-CN,D:\xian-shang-you-wei\backend\frontend\tools\zh-CN\bmi-calculator.html,後綴疑似未翻譯(純英文字母),kg
zh-CN,D:\xian-shang-you-wei\backend\frontend\tools\zh-CN\bmi-calculator.html,後綴疑似未翻譯(純英文字母),m
zh-CN,D:\xian-shang-you-wei\backend\frontend\tools\zh-CN\bollinger-bands.html,input-prefix貨幣符號可能不符語言,$
zh-CN,D:\xian-shang-you-wei\backend\frontend\tools\zh-CN\bolt-torque.html,後綴疑似未翻譯(純英文字母),mm
zh-CN,D:\xian-shang-you-wei\backend\frontend\tools\zh-CN\bolt-torque.html,後綴疑似未翻譯(純英文字母),N
zh-CN,D:\xian-shang-you-wei\backend\frontend\tools\zh-CN\bonus-tax.html,input-prefix貨幣符號可能不符語言,£
zh-CN,D:\xian-shang-you-wei\backend\frontend\tools\zh-CN\bread-hydration.html,後綴疑似未翻譯(純英文字母),g
zh-CN,D:\xian-shang-you-wei\backend\frontend\tools\zh-CN\bread-hydration.html,後綴疑似未翻譯(純英文字母),g
zh-CN,D:\xian-shang-you-wei\backend\frontend\tools\zh-CN\business-exit-value.html,後綴疑似未翻譯(純英文字母),x
zh-CN,D:\xian-shang-you-wei\backend\frontend\tools\zh-CN\calorie-density.html,後綴疑似未翻譯(純英文字母),kcal
zh-CN,D:\xian-shang-you-wei\backend\frontend\tools\zh-CN\calorie-density.html,後綴疑似未翻譯(純英文字母),g
zh-CN,D:\xian-shang-you-wei\backend\frontend\tools\zh-CN\capital-gains-tax.html,input-prefix貨幣符號可能不符語言,$
zh-CN,D:\xian-shang-you-wei\backend\frontend\tools\zh-CN\capital-gains-tax.html,input-prefix貨幣符號可能不符語言,$
zh-CN,D:\xian-shang-you-wei\backend\frontend\tools\zh-CN\capital-gains-tax.html,input-prefix貨幣符號可能不符語言,$
zh-CN,D:\xian-shang-you-wei\backend\frontend\tools\zh-CN\carbon-footprint.html,後綴疑似未翻譯(純英文字母),kWh
zh-CN,D:\xian-shang-you-wei\backend\frontend\tools\zh-CN\carbon-footprint.html,後綴疑似未翻譯(純英文字母),kWh
zh-CN,D:\xian-shang-you-wei\backend\frontend\tools\zh-CN\cash-on-cash.html,input-prefix貨幣符號可能不符語言,$
zh-CN,D:\xian-shang-you-wei\backend\frontend\tools\zh-CN\cash-on-cash.html,input-prefix貨幣符號可能不符語言,$
zh-CN,D:\xian-shang-you-wei\backend\frontend\tools\zh-CN\catch-up-contribution.html,input-prefix貨幣符號可能不符語言,$
zh-CN,D:\xian-shang-you-wei\backend\frontend\tools\zh-CN\catch-up-contribution.html,input-prefix貨幣符號可能不符語言,$
zh-CN,D:\xian-shang-you-wei\backend\frontend\tools\zh-CN\catch-up-contribution.html,input-prefix貨幣符號可能不符語言,$
zh-CN,D:\xian-shang-you-wei\backend\frontend\tools\zh-CN\catch-up-contribution.html,input-prefix貨幣符號可能不符語言,$
zh-CN,D:\xian-shang-you-wei\backend\frontend\tools\zh-CN\coast-fire-calc.html,input-prefix貨幣符號可能不符語言,$
zh-CN,D:\xian-shang-you-wei\backend\frontend\tools\zh-CN\coffee-ratio.html,input-prefix貨幣符號可能不符語言,1:
zh-CN,D:\xian-shang-you-wei\backend\frontend\tools\zh-CN\dca-calculator.html,input-prefix貨幣符號可能不符語言,$
zh-CN,D:\xian-shang-you-wei\backend\frontend\tools\zh-CN\denier-calculator.html,後綴疑似未翻譯(純英文字母),g
zh-CN,D:\xian-shang-you-wei\backend\frontend\tools\zh-CN\denier-calculator.html,後綴疑似未翻譯(純英文字母),m
zh-CN,D:\xian-shang-you-wei\backend\frontend\tools\zh-CN\dimensional-weight.html,後綴疑似未翻譯(純英文字母),kg
zh-CN,D:\xian-shang-you-wei\backend\frontend\tools\zh-CN\dimensional-weight.html,後綴疑似未翻譯(純英文字母),cm
zh-CN,D:\xian-shang-you-wei\backend\frontend\tools\zh-CN\dividend-yield.html,input-prefix貨幣符號可能不符語言,$
zh-CN,D:\xian-shang-you-wei\backend\frontend\tools\zh-CN\dividend-yield.html,input-prefix貨幣符號可能不符語言,$
zh-CN,D:\xian-shang-you-wei\backend\frontend\tools\zh-CN\engine-horsepower.html,後綴疑似未翻譯(純英文字母),HP
zh-CN,D:\xian-shang-you-wei\backend\frontend\tools\zh-CN\engine-horsepower.html,後綴疑似未翻譯(純英文字母),kW
zh-CN,D:\xian-shang-you-wei\backend\frontend\tools\zh-CN\engine-horsepower.html,後綴疑似未翻譯(純英文字母),PS
zh-CN,D:\xian-shang-you-wei\backend\frontend\tools\zh-CN\ev-charging-cost.html,input-prefix貨幣符號可能不符語言,$
zh-CN,D:\xian-shang-you-wei\backend\frontend\tools\zh-CN\ev-range.html,後綴疑似未翻譯(純英文字母),kWh
zh-CN,D:\xian-shang-you-wei\backend\frontend\tools\zh-CN\ev-vs-gas.html,input-prefix貨幣符號可能不符語言,$
zh-CN,D:\xian-shang-you-wei\backend\frontend\tools\zh-CN\forex-profit.html,input-prefix貨幣符號可能不符語言,$
zh-CN,D:\xian-shang-you-wei\backend\frontend\tools\zh-CN\fsa-savings-calc.html,input-prefix貨幣符號可能不符語言,$
zh-CN,D:\xian-shang-you-wei\backend\frontend\tools\zh-CN\fuel-cost.html,input-prefix貨幣符號可能不符語言,$
zh-CN,D:\xian-shang-you-wei\backend\frontend\tools\zh-CN\fuel-efficiency.html,後綴疑似未翻譯(純英文字母),MPG
zh-CN,D:\xian-shang-you-wei\backend\frontend\tools\zh-CN\gas-bill.html,後綴疑似未翻譯(純英文字母),kWh
zh-CN,D:\xian-shang-you-wei\backend\frontend\tools\zh-CN\gdpr-fine.html,input-prefix貨幣符號可能不符語言,€
zh-CN,D:\xian-shang-you-wei\backend\frontend\tools\zh-CN\generator-size.html,後綴疑似未翻譯(純英文字母),W
zh-CN,D:\xian-shang-you-wei\backend\frontend\tools\zh-CN\generator-size.html,後綴疑似未翻譯(純英文字母),W
zh-CN,D:\xian-shang-you-wei\backend\frontend\tools\zh-CN\hsa-contribution-calc.html,input-prefix貨幣符號可能不符語言,$
zh-CN,D:\xian-shang-you-wei\backend\frontend\tools\zh-CN\hsa-contribution-calc.html,input-prefix貨幣符號可能不符語言,$
zh-CN,D:\xian-shang-you-wei\backend\frontend\tools\zh-CN\income-tax.html,input-prefix貨幣符號可能不符語言,$
zh-CN,D:\xian-shang-you-wei\backend\frontend\tools\zh-CN\income-tax.html,input-prefix貨幣符號可能不符語言,$
zh-CN,D:\xian-shang-you-wei\backend\frontend\tools\zh-CN\income-tax.html,input-prefix貨幣符號可能不符語言,$
zh-CN,D:\xian-shang-you-wei\backend\frontend\tools\zh-CN\insulation-calculator.html,input-prefix貨幣符號可能不符語言,$
zh-CN,D:\xian-shang-you-wei\backend\frontend\tools\zh-CN\intrinsic-value.html,input-prefix貨幣符號可能不符語言,$
zh-CN,D:\xian-shang-you-wei\backend\frontend\tools\zh-CN\inventory-turnover.html,input-prefix貨幣符號可能不符語言,$
zh-CN,D:\xian-shang-you-wei\backend\frontend\tools\zh-CN\inventory-turnover.html,input-prefix貨幣符號可能不符語言,$
zh-CN,D:\xian-shang-you-wei\backend\frontend\tools\zh-CN\kelly-criterion.html,input-prefix貨幣符號可能不符語言,$
zh-CN,D:\xian-shang-you-wei\backend\frontend\tools\zh-CN\landed-cost.html,後綴疑似未翻譯(純英文字母),CNY
zh-CN,D:\xian-shang-you-wei\backend\frontend\tools\zh-CN\landed-cost.html,後綴疑似未翻譯(純英文字母),CNY
zh-CN,D:\xian-shang-you-wei\backend\frontend\tools\zh-CN\landed-cost.html,後綴疑似未翻譯(純英文字母),CNY
zh-CN,D:\xian-shang-you-wei\backend\frontend\tools\zh-CN\landed-cost.html,後綴疑似未翻譯(純英文字母),CNY
zh-CN,D:\xian-shang-you-wei\backend\frontend\tools\zh-CN\landed-cost.html,後綴疑似未翻譯(純英文字母),CNY
zh-CN,D:\xian-shang-you-wei\backend\frontend\tools\zh-CN\lean-body-mass.html,後綴疑似未翻譯(純英文字母),kg
zh-CN,D:\xian-shang-you-wei\backend\frontend\tools\zh-CN\led-savings.html,後綴疑似未翻譯(純英文字母),W
zh-CN,D:\xian-shang-you-wei\backend\frontend\tools\zh-CN\led-savings.html,後綴疑似未翻譯(純英文字母),W
zh-CN,D:\xian-shang-you-wei\backend\frontend\tools\zh-CN\loan-comparison.html,後綴疑似未翻譯(純英文字母),years
zh-CN,D:\xian-shang-you-wei\backend\frontend\tools\zh-CN\loan-comparison.html,後綴疑似未翻譯(純英文字母),years
zh-CN,D:\xian-shang-you-wei\backend\frontend\tools\zh-CN\macd-calculator.html,input-prefix貨幣符號可能不符語言,$
zh-CN,D:\xian-shang-you-wei\backend\frontend\tools\zh-CN\macd-calculator.html,input-prefix貨幣符號可能不符語言,$
zh-CN,D:\xian-shang-you-wei\backend\frontend\tools\zh-CN\macro-calculator.html,後綴疑似未翻譯(純英文字母),kcal
zh-CN,D:\xian-shang-you-wei\backend\frontend\tools\zh-CN\medical-tourism-saving.html,input-prefix貨幣符號可能不符語言,$
zh-CN,D:\xian-shang-you-wei\backend\frontend\tools\zh-CN\medical-tourism-saving.html,input-prefix貨幣符號可能不符語言,$
zh-CN,D:\xian-shang-you-wei\backend\frontend\tools\zh-CN\medical-tourism-saving.html,input-prefix貨幣符號可能不符語言,$
zh-CN,D:\xian-shang-you-wei\backend\frontend\tools\zh-CN\ohms-law.html,後綴疑似未翻譯(純英文字母),V
zh-CN,D:\xian-shang-you-wei\backend\frontend\tools\zh-CN\ohms-law.html,後綴疑似未翻譯(純英文字母),A
zh-CN,D:\xian-shang-you-wei\backend\frontend\tools\zh-CN\ohms-law.html,後綴疑似未翻譯(純英文字母),W
zh-CN,D:\xian-shang-you-wei\backend\frontend\tools\zh-CN\options-profit.html,input-prefix貨幣符號可能不符語言,$
zh-CN,D:\xian-shang-you-wei\backend\frontend\tools\zh-CN\options-profit.html,input-prefix貨幣符號可能不符語言,$
zh-CN,D:\xian-shang-you-wei\backend\frontend\tools\zh-CN\options-profit.html,input-prefix貨幣符號可能不符語言,$
zh-CN,D:\xian-shang-you-wei\backend\frontend\tools\zh-CN\paper-weight.html,後綴疑似未翻譯(純英文字母),lbs
zh-CN,D:\xian-shang-you-wei\backend\frontend\tools\zh-CN\payday-loan-cost.html,input-prefix貨幣符號可能不符語言,$
zh-CN,D:\xian-shang-you-wei\backend\frontend\tools\zh-CN\payday-loan-cost.html,input-prefix貨幣符號可能不符語言,$
zh-CN,D:\xian-shang-you-wei\backend\frontend\tools\zh-CN\payday-loan-cost.html,後綴疑似未翻譯(純英文字母),days
zh-CN,D:\xian-shang-you-wei\backend\frontend\tools\zh-CN\payroll-tax.html,input-prefix貨幣符號可能不符語言,£
zh-CN,D:\xian-shang-you-wei\backend\frontend\tools\zh-CN\pension-vs-lump-sum.html,input-prefix貨幣符號可能不符語言,￥
zh-CN,D:\xian-shang-you-wei\backend\frontend\tools\zh-CN\pension-vs-lump-sum.html,input-prefix貨幣符號可能不符語言,￥
zh-CN,D:\xian-shang-you-wei\backend\frontend\tools\zh-CN\personal-loan-calc.html,input-prefix貨幣符號可能不符語言,￥
zh-CN,D:\xian-shang-you-wei\backend\frontend\tools\zh-CN\pipe-weight.html,後綴疑似未翻譯(純英文字母),mm
zh-CN,D:\xian-shang-you-wei\backend\frontend\tools\zh-CN\pipe-weight.html,後綴疑似未翻譯(純英文字母),mm
zh-CN,D:\xian-shang-you-wei\backend\frontend\tools\zh-CN\pipe-weight.html,後綴疑似未翻譯(純英文字母),m
zh-CN,D:\xian-shang-you-wei\backend\frontend\tools\zh-CN\pivot-point.html,input-prefix貨幣符號可能不符語言,$
zh-CN,D:\xian-shang-you-wei\backend\frontend\tools\zh-CN\pivot-point.html,input-prefix貨幣符號可能不符語言,$
zh-CN,D:\xian-shang-you-wei\backend\frontend\tools\zh-CN\pivot-point.html,input-prefix貨幣符號可能不符語言,$
zh-CN,D:\xian-shang-you-wei\backend\frontend\tools\zh-CN\protein-calculator.html,後綴疑似未翻譯(純英文字母),kg
zh-CN,D:\xian-shang-you-wei\backend\frontend\tools\zh-CN\required-minimum-dist.html,input-prefix貨幣符號可能不符語言,$
zh-CN,D:\xian-shang-you-wei\backend\frontend\tools\zh-CN\ring-size-converter.html,後綴疑似未翻譯(純英文字母),mm
zh-CN,D:\xian-shang-you-wei\backend\frontend\tools\zh-CN\room-area.html,後綴疑似未翻譯(純英文字母),m
zh-CN,D:\xian-shang-you-wei\backend\frontend\tools\zh-CN\room-area.html,後綴疑似未翻譯(純英文字母),m
zh-CN,D:\xian-shang-you-wei\backend\frontend\tools\zh-CN\room-area.html,後綴疑似未翻譯(純英文字母),m
zh-CN,D:\xian-shang-you-wei\backend\frontend\tools\zh-CN\room-area.html,後綴疑似未翻譯(純英文字母),m
zh-CN,D:\xian-shang-you-wei\backend\frontend\tools\zh-CN\room-area.html,後綴疑似未翻譯(純英文字母),m
zh-CN,D:\xian-shang-you-wei\backend\frontend\tools\zh-CN\roth-vs-traditional.html,input-prefix貨幣符號可能不符語言,$
zh-CN,D:\xian-shang-you-wei\backend\frontend\tools\zh-CN\roth-vs-traditional.html,input-prefix貨幣符號可能不符語言,$
zh-CN,D:\xian-shang-you-wei\backend\frontend\tools\zh-CN\roth-vs-traditional.html,input-prefix貨幣符號可能不符語言,$
zh-CN,D:\xian-shang-you-wei\backend\frontend\tools\zh-CN\sales-commission.html,input-prefix貨幣符號可能不符語言,$
zh-CN,D:\xian-shang-you-wei\backend\frontend\tools\zh-CN\sales-commission.html,input-prefix貨幣符號可能不符語言,$
zh-CN,D:\xian-shang-you-wei\backend\frontend\tools\zh-CN\sales-commission.html,input-prefix貨幣符號可能不符語言,$
zh-CN,D:\xian-shang-you-wei\backend\frontend\tools\zh-CN\severance-calculator.html,input-prefix貨幣符號可能不符語言,NT$
zh-CN,D:\xian-shang-you-wei\backend\frontend\tools\zh-CN\severance-calculator.html,input-prefix貨幣符號可能不符語言,NT$
zh-CN,D:\xian-shang-you-wei\backend\frontend\tools\zh-CN\shipping-cost.html,後綴疑似未翻譯(純英文字母),kg
zh-CN,D:\xian-shang-you-wei\backend\frontend\tools\zh-CN\shipping-cost.html,後綴疑似未翻譯(純英文字母),cm
zh-CN,D:\xian-shang-you-wei\backend\frontend\tools\zh-CN\shipping-cost.html,後綴疑似未翻譯(純英文字母),cm
zh-CN,D:\xian-shang-you-wei\backend\frontend\tools\zh-CN\shipping-cost.html,後綴疑似未翻譯(純英文字母),cm
zh-CN,D:\xian-shang-you-wei\backend\frontend\tools\zh-CN\sourdough-calculator.html,後綴疑似未翻譯(純英文字母),g
zh-CN,D:\xian-shang-you-wei\backend\frontend\tools\zh-CN\sourdough-calculator.html,後綴疑似未翻譯(純英文字母),g
zh-CN,D:\xian-shang-you-wei\backend\frontend\tools\zh-CN\sourdough-calculator.html,後綴疑似未翻譯(純英文字母),g
zh-CN,D:\xian-shang-you-wei\backend\frontend\tools\zh-CN\sourdough-calculator.html,後綴疑似未翻譯(純英文字母),g
zh-CN,D:\xian-shang-you-wei\backend\frontend\tools\zh-CN\staircase-calculator.html,後綴疑似未翻譯(純英文字母),mm
zh-CN,D:\xian-shang-you-wei\backend\frontend\tools\zh-CN\staircase-calculator.html,後綴疑似未翻譯(純英文字母),mm
zh-CN,D:\xian-shang-you-wei\backend\frontend\tools\zh-CN\staircase-calculator.html,後綴疑似未翻譯(純英文字母),mm
zh-CN,D:\xian-shang-you-wei\backend\frontend\tools\zh-CN\stamp-duty.html,input-prefix貨幣符號可能不符語言,£
zh-CN,D:\xian-shang-you-wei\backend\frontend\tools\zh-CN\startup-cost-estimator.html,input-prefix貨幣符號可能不符語言,￥
zh-CN,D:\xian-shang-you-wei\backend\frontend\tools\zh-CN\startup-cost-estimator.html,input-prefix貨幣符號可能不符語言,￥
zh-CN,D:\xian-shang-you-wei\backend\frontend\tools\zh-CN\stock-gain-loss.html,input-prefix貨幣符號可能不符語言,￥
zh-CN,D:\xian-shang-you-wei\backend\frontend\tools\zh-CN\stock-gain-loss.html,input-prefix貨幣符號可能不符語言,￥
zh-CN,D:\xian-shang-you-wei\backend\frontend\tools\zh-CN\stock-gain-loss.html,input-prefix貨幣符號可能不符語言,￥
zh-CN,D:\xian-shang-you-wei\backend\frontend\tools\zh-CN\student-loan-refi.html,input-prefix貨幣符號可能不符語言,￥
zh-CN,D:\xian-shang-you-wei\backend\frontend\tools\zh-CN\student-loan-refi.html,input-prefix貨幣符號可能不符語言,￥
zh-CN,D:\xian-shang-you-wei\backend\frontend\tools\zh-CN\support-resistance.html,input-prefix貨幣符號可能不符語言,$
zh-CN,D:\xian-shang-you-wei\backend\frontend\tools\zh-CN\support-resistance.html,input-prefix貨幣符號可能不符語言,$
zh-CN,D:\xian-shang-you-wei\backend\frontend\tools\zh-CN\support-resistance.html,input-prefix貨幣符號可能不符語言,$
zh-CN,D:\xian-shang-you-wei\backend\frontend\tools\zh-CN\surgery-cost-estimator.html,後綴疑似未翻譯(純英文字母),x
zh-CN,D:\xian-shang-you-wei\backend\frontend\tools\zh-CN\take-home-pay.html,input-prefix貨幣符號可能不符語言,£
zh-CN,D:\xian-shang-you-wei\backend\frontend\tools\zh-CN\take-home-pay.html,input-prefix貨幣符號可能不符語言,£
zh-CN,D:\xian-shang-you-wei\backend\frontend\tools\zh-CN\temperature-converter.html,後綴疑似未翻譯(純英文字母),K
zh-CN,D:\xian-shang-you-wei\backend\frontend\tools\zh-CN\trip-fuel.html,input-prefix貨幣符號可能不符語言,$
zh-CN,D:\xian-shang-you-wei\backend\frontend\tools\zh-CN\waist-hip-ratio.html,後綴疑似未翻譯(純英文字母),cm
zh-CN,D:\xian-shang-you-wei\backend\frontend\tools\zh-CN\waist-hip-ratio.html,後綴疑似未翻譯(純英文字母),cm
zh-CN,D:\xian-shang-you-wei\backend\frontend\tools\zh-CN\water-intake.html,後綴疑似未翻譯(純英文字母),kg
zh-CN,D:\xian-shang-you-wei\backend\frontend\tools\zh-CN\water-intake.html,後綴疑似未翻譯(純英文字母),L
zh-CN,D:\xian-shang-you-wei\backend\frontend\tools\zh-CN\window-size.html,後綴疑似未翻譯(純英文字母),mm
zh-CN,D:\xian-shang-you-wei\backend\frontend\tools\zh-CN\window-size.html,後綴疑似未翻譯(純英文字母),mm
zh-CN,D:\xian-shang-you-wei\backend\frontend\tools\zh-CN\window-size.html,後綴疑似未翻譯(純英文字母),mm
zh-CN,D:\xian-shang-you-wei\backend\frontend\tools\zh-CN\window-size.html,後綴疑似未翻譯(純英文字母),mm
zh-CN,D:\xian-shang-you-wei\backend\frontend\tools\zh-CN\wire-gauge.html,後綴疑似未翻譯(純英文字母),AWG
zh-CN,D:\xian-shang-you-wei\backend\frontend\tools\zh-CN\wire-gauge.html,後綴疑似未翻譯(純英文字母),SWG
zh-CN,D:\xian-shang-you-wei\backend\frontend\tools\zh-CN\yarn-weight.html,後綴疑似未翻譯(純英文字母),Nm
zh-CN,D:\xian-shang-you-wei\backend\frontend\tools\zh-CN\yarn-weight.html,後綴疑似未翻譯(純英文字母),Tex
zh-CN,D:\xian-shang-you-wei\backend\frontend\tools\zh-CN\yarn-weight.html,後綴疑似未翻譯(純英文字母),D
zh-CN,D:\xian-shang-you-wei\backend\frontend\tools\zh-CN\yarn-weight.html,後綴疑似未翻譯(純英文字母),Ne
zh-CN,D:\xian-shang-you-wei\backend\frontend\tools\zh-CN\youtube-revenue.html,input-prefix貨幣符號可能不符語言,$
